S0220000687474703A2F2F737265636F72642E736F75726365666F7267652E6E65742F1D
S3258002000000010000EC23028038250280B82202800000000006000102030405000303000070
S325800200204550535F41505F563031000001813B0E3231305330303531464130313032303029
S3258002004030310000000000000000000000000000000000000000000000005AF7C0F4A6F01C
S32580020060E6EFF3ECC0EA40E9E6E6B3E59AE40000000000000000000000000000000000008F
S32580020080000033FD80F6E6F3C0EF00EF00ECCDE94DE8F3E5B3E4A6E30000000000000000EC
S325800200A00000000000000000000000001AFC5AF5B3F280EEB3EDB3EA73E8DAE673E433E37B
S325800200C01AE20000000000000000000000000000000000000000B3FADAF326F1E6EC00EC4D
S325800200E0E6E80DE5E6E466E20DE1CDDF00000000000000000000000000000000000000000C
S3258002010000F900F226EFC0EAC0E980E673E21AE2E6DDCDDC4DDC00000000000000000000B8
S3258002012000000000000000004DFEE6F6C0EFB3EC0DE8C0E633E3CDDE00DE0DD70DD70DD7DC
S3258002014000000000000000000000000000000000000000FC5AF4E6EC80E966E48DE2C0DB3E
S3258002016026DA0DD70DD70DD70DD700000000000000000000000000000000CDFF40F933F13E
S3258002018040E926E59ADDDADCC0DB26DA0DD70DD70DD70DD70000000000000000000000004B
S325800201A000000000F3FCE6F533ED40E45ADE9ADDDADCC0DB26DA0DD70DD70DD70DD7000019
S325800201C000000000000000000000000000008DF9B3F1B3E78DDE5ADE9ADDDADCC0DB26DA68
S325800201E00DD70DD70DD70DD700000000000000000000000000001AFF5AF50DECDADF8DDE62
S325800202005ADE9ADDDADCC0DB26DA0DD70DD70DD70DD70000000000000000000000000000C6
S325800202209AFDE6EF0DE7DADF8DDE5ADE9ADDDADCC0DB26DA0DD70DD70DD70DD70000000022
S3258002024000000000000000000000C0F826E90DE7DADF8DDE5ADE9ADDDADCC0DB26DA0DD753
S325800202600DD70DD70DD7000000000000000000000000000033F226E90DE7DADF8DDE5ADEC6
S325800202809ADDDADCC0DB26DA0DD70DD70DD70DD70000000000000000000000000000B3EBE0
S325800202A026E90DE7DADF8DDE5ADE9ADDDADCC0DB26DA0DD70DD70DD70DD7000000000000FF
S325800202C00000000000009AFDB3EB26E90DE7DADF8DDE5ADE9ADDDADCC0DB26DA0DD70DD772
S325800202E00DD70DD700000000000000000000000040F5B3EB26E90DE7DADF8DDE5ADE9ADD05
S32580020300DADCC0DB26DA0DD70DD70DD70DD700000000000000000000000040F5B3EB26E992
S325800203200DE7DADF8DDE5ADE9ADDDADCC0DB26DA0DD70DD70DD70DD700000000000000008D
S325800203400000000040F5B3EB26E90DE7DADF8DDE5ADE9ADDDADCC0DB26DA0DD70DD70DD76F
S325800203600DD700000000000000000000000040F5B3EB26E90DE7DADF8DDE5ADE9ADDDADCB2
S32580020380C0DB26DA0DD70DD70DD70DD70000000000000000000000000000000000000000AA
S325800203A000000000000000000000000000000000000000000000FA02FA02FA02FA02FA02C9
S325800203C0FA02FA02FA02FA02FA02FA02FA02FA02FA02FA02FA02FA02FA02FA02FA02FA02D5
S325800203E0F205F205F205F205F205F205F205F205F205F205F205F205F205F205F205F20505
S32580020400F205F205F205F205F205EC08EC08EC08EC08EC08EC08EC08EC08EC08EC08EC0805
S32580020420EC08EC08EC08EC08EC08EC08EC08EC08EC08EC08E50BE50BE50BE50BE50BE50B0C
S32580020440E50BE50BE50BE50BE50BE50BE50BE50BE50BE50BE50BE50BE50BE50BE50BDF0E17
S32580020460DF0EDF0EDF0EDF0EDF0EDF0EDF0EDF0EDF0EDF0EDF0EDF0EDF0EDF0EDF0EDF0E24
S32580020480DF0EDF0EDF0EDF0ED711D711D711D711D711D711D711D711D711D711D711D71140
S325800204A0D711D711D711D711D711D711DF0EDF0EDF0ED114D114D114D114D114D114D1143A
S325800204C0D114D114D114D114D114D114D114D114D711D711D711DF0EDF0EDF0ECA17CA172B
S325800204E0CA17CA17CA17CA17CA17CA17CA17CA17CA17CA17CA17D114D114D711D711D71147
S32580020500DF0EDF0EDF0EC41AC41AC41AC41AC41AC41AC41AC41AC41AC41AC41AC41ACA1743
S32580020520D114D114D711D711D711DF0EDF0EDF0EBC1DBC1DBC1DBC1DBC1DBC1DBC1DBC1D22
S32580020540BC1DBC1DBC1DC41ACA17D114D114D711D711D711DF0EDF0EDF0EB620B620B620FE
S32580020560B620B620B620B620B620B620B620BC1DC41ACA17D114D114D711D711D711DF0E12
S32580020580DF0EDF0EAF23AF23AF23AF23AF23AF23AF23AF23AF23B620BC1DC41ACA17D11444
S325800205A0D114D711D711D711DF0EDF0EDF0EA926A926A926A926A926A926A926A926AF2305
S325800205C0B620BC1DC41ACA17D114D114D711D711D711DF0EDF0EDF0EA129A129A129A129B4
S325800205E0A129A129A129A129AF23B620BC1DC41ACA17D114D114D711D711D711DF0EDF0EAF
S32580020600DF0E9B2C9B2C9B2C9B2C9B2C9B2C9B2CA129AF23B620BC1DC41ACA17D114D11420
S32580020620D711D711D711DF0EDF0EDF0E942F942F942F942F942F942F942FA129AF23B620EC
S32580020640BC1DC41ACA17D114D114D711D711D711DF0EDF0EDF0E8E328E328E328E328E3271
S325800206608E32942FA129AF23B620BC1DC41ACA17D114D114D711D711D711DF0EDF0EDF0E1C
S32580020680863586358635863586358635942FA129AF23B620BC1DC41ACA17D114D114D711F1
S325800206A0D711D711DF0EDF0EDF0E803880388038803880388635942FA129AF23B620BC1DBA
S325800206C0C41ACA17D114D114D711D711D711DF0EDF0EDF0EA643113F05393830AC2EEC2EB7
S325800206E00D313B314430443044304430443053429D3CB935E42DFC2B192D262F532F642E41
S32580020700642E642E642E642E6240DA3A29341E2CDD29572B372E642E7D2D7D2D7D2D7D2D85
S325800207207D2D803E2238C631902AAC272B2AB52CDC2CFC2BFC2BFC2BFC2BFC2B9C3659358A
S325800207409A2FEE280D269D27442A6C2A972997299729972997296333FF31DD2C23273D24FD
S3258002076057259928C028F227F227F227F227F2272531962FBA2AB4256D22602310263226D7
S3258002078071257125712571257125DD2D4F2DD8283C249D204D2139245D24A623A623A62399
S325800207A0A623A623692B7F2A7626CC22CD1E7D2034235223A122A122A122A122A12202270C
S325800207C07D262522851F751C9C1E8420A120FC1FFC1FFC1FFC1FFC1F0400050008000C00AF
S325800207E0170031003D0062007A008100A200A500A5000C000D00170027003D004F0063005D
S325800208008D00C600D500E800ED00ED0010000F002A003400450074008A00C40002012401BA
S325800208203F0162016201140016003300440065009C00C50011015D018B01BF01D001D00165
S3258002084021002B003E0054007700C700FC005201B401E4011E023302330225002E004400EA
S3258002086064009C0010015701C40136028002DA02F802F8022D0038006100AB00F600880148
S32580020880D9016502F2024803AF03EB03EB034A005D00A7003001AC016302D60273032604B9
S325800208A09E04020537053705AC00C2004E0129020A03CF035B040605B1055406BA06DC06AC
S325800208C0DC06BE01BF016C050B0782073808EF088409250AA00A0F0B490B490B00000000C4
S325800208E0000000000000000000000000000000000000000000000000000000000000000070
S3258002090000000000000000000000000000000000000000000000000000000000000000004F
S3258002092000000000000000000000000000000000000000000000000000000000000000002F
S3258002094000000000000000000000000000000000000000000000000000000000000000000F
S325800209600000000000000000000000000000000000000000000000000000000000000000EF
S325800209800000000000000000000000000000000000000000000000000000000000000000CF
S325800209A00000000000000000000000000000000000000000000000000000000000000000AF
S325800209C000000000000000000000000000000000000000000000000000000000000000008F
S325800209E000000000000000000000000000000000000000000000000000000000000000006F
S32580020A0000000000000000000000000000000000000000000000000000000000000000004E
S32580020A2000000000000000000000000000000000000000000000000000000000000000002E
S32580020A4000000000000000000000000000000000000000000000000000000000000000000E
S32580020A600000000000000000000000000000000000000000000000000000000000000000EE
S32580020A800000000000000000000000000000000000000000000000000000000000000000CE
S32580020AA00000000000000000000000000000000000000000000000000000000000000000AE
S32580020AC00000000000000000000000000000000000000000000000000000000000004F013E
S32580020AE06C02AB030E0574063308F109490C3C0F6F128A1546190D1DCB20AA22BC24F92691
S32580020B002528A228A228A22800004F016C02AB030E0574063308F109490C3C0F6F128A15B4
S32580020B2046190D1DCB20AA22BC24F9262528A228A228A22800004F016C02AB030E0574064A
S32580020B403308F109490C3C0F6F128A1546190D1DCB20AA22BC24F9262528A228A228A2282E
S32580020B6000004F016C02AB030E0574063308F109490C3C0F6F128A1546190D1DCB20AA22BF
S32580020B80BC24F9262528A228A228A22800004F016C02AB030E0574063308F109490C3C0F55
S32580020BA06F128A1546190D1DCB20AA22BC24F9262528A228A228A22800006C05160A2E0FD5
S32580020BC0D6151C1E5A290E372E45A055DD64C3753D8AB89E33B371BDCDCC66E6FFFFFFFFAD
S32580020BE0FFFFFFFF000060051D0A3B0FE315141E58290A371F45A255DD64C3753D8AB89EBE
S32580020C0033B371BDCDCC66E6FFFFFFFFFFFFFFFF000060051D0A3B0FE315141E58290A3799
S32580020C201F45A255DD64C3753D8AB89E33B371BDCDCC66E6FFFFFFFFFFFFFFFF00006005E5
S32580020C401D0A3B0FE315141E58290A371F45A255DD64C3753D8AB89E33B371BDCDCC66E6C5
S32580020C60FFFFFFFFFFFFFFFF000060051D0A3B0FE315141E58290A371F45A255DD64C3755E
S32580020C803D8AB89E33B371BDCDCC66E6FFFFFFFFFFFFFFFF0010001000100010001000105E
S32580020CA000100010001000100010001000100010001000100010001000100010270F260F61
S32580020CC06E0EBE0D170D950CDF0B4E0BC40A430A5E0C5D0CC60B320AAE0A7D085109DD08C6
S32580020CE074080C08260B240B0B0BD9068307BC05EA073E07E7069206970997092309AE0463
S32580020D003E041D032D05EF04B30479045D075D0703072102AC018B01AC037F0354032B03AC
S32580020D2026052A05E6041D01CD00BC00B901A30190017B017D037E035303C3005F007E00DE
S32580020D40F400E800DE00D3004002400224027D003E005600C000B700AE00A60000000000F8
S32580020D60000000000000000000000000000000000A01F302FF033F0502057D04000000001D
S32580020D8000003603CA063208DA08F4086C0700000000000032052609ED0BEB0C750C3B0B1B
S32580020DA0000000000000B509A20CB80F3C119F10760E000000000000670D99102414581536
S32580020DC08A145612000000000000C81079138116D5172B17C2140000000000007A15481798
S32580020DE0DB18FF1986195117000000000000371A2D1C3B1DB01D1A1D921A000000000000B7
S32580020E00E01EE62098214022EB21411E0000000000006E12A7103311B516BD1572136810AB
S32580020E20490E000011127C10B2105E17E114CC11000E0F0C0000D51128100D10D2161114AA
S32580020E40560F150CBA0A0000F91403137A12BA15D413DE0DCF0A99090000051715157F141C
S32580020E60F1148512EE0C670A3C090000881777157D141E1442114D0CCB09CA080000BD158C
S32580020E800514B1139112760F070BF808F4070000E6126A11A5117A10EE0C4F097E07A30685
S32580020EA00000950E300D180D5D0C7E0ADD07C90523050000E609F208000AD70925091108C0
S32580020EC0BE04170400000000000000000000000000000000000000000000000000000000AD
S32580020EE000000000000000000000000000000000000000000000000000000000000000006A
S32580020F00000000000000000000000000000000000000000000000000000000000000000049
S32580020F20000000000000000000000000000000000000000000000000000000000000000029
S32580020F40000000000000000000000000000000000000000000000000000000000000000009
S32580020F600000000000000000000000000000000000000000000000000000000000000000E9
S32580020F800000000000000000000000000000000000000000000000000000000000000000C9
S32580020FA00000000000000000000000000000000000000000000000000000000000000000A9
S32580020FC0000000000000000000000000000000000000000000000000000000000000000089
S32580020FE0000000000000000000000000000000000000000000000000000000000000000069
S325800210000000000000800080008000800080008000800080008000800080008000801E3E6C
S325800210203C7C3C7C3C7C3C7C3C7C3C7C3C7C3C7C3C7C3C7C3C7C3C7CBF1EFB7AFB7AFB7A4C
S32580021040FB7AFB7AFB7AFB7AFB7AFB7AFB7AFB7AFB7ACD0CBA79BA79BA79BA79BA79BA79E0
S32580021060BA79BA79BA79BA79BA79BA798807787878787878787878787878787878787878B7
S325800210807878787878780000387738773877387738773877387738773877387738773877C4
S325800210A00000000000000000000000000000000000000000000000000000CD0C8D0C4E0CDC
S325800210C0100CD30B980B5E0B250BED0AB60A800AE409E40913229C1B111B891A041A8119C4
S325800210E00119831808188F171917C415C4159941773A5239323818370336F434EA33E532A7
S32580021100E631EC30192E192E0942564ECD4C4B4BD1495E48F3468F453244DC428C41C43DB9
S32580021120C43DBF3EAB4357420A41C43F843E4A3D163CE83AC0399E385A355A3500000000AA
S32580021140000000000000000000000000000000000000000000000000000000000000000007
S325800211600000000000000000000000000000000000000000000000000000000000000000E7
S325800211800000000000000000000000000000000000000000000000000000000000000000C7
S325800211A00000000000000000000000000C7B03850C7B0385F0001000000000002D412D41AD
S325800211C0FA0C7B03850C7B0385F0001000000000002D412D41FA0C7B03850C7B0385F0008B
S325800211E01000000000002D412D41FA0000006606CD0C33139A1900206626CD2C33339A3965
S3258002120000406646CD4C33539A59295C00606666CD6C33739A7900800000000000000000A5
S32580021220000000000000000000000000000000000000000000000000000000000000000026
S32580021240000000003D133D133D133D133D133A1234102D0E270C240B200A1D091A081707B9
S3258002126017071306130613061005100510050000010002000300040008F01100F012000029
S32580021280F0130000F01400000000300200003004000040040000F010000000000000000015
S325800212A0000000000016071D0E2415061C0D2314051B0C2213041A0B211203190A201102A9
S325800212C018091F100117081E0F000000E204E204E204E204E204E204E204E204E204E204ED
S325800212E0E204E204E204E204E204E204E204E204E204E204E204E204E204E204E204E20406
S32580021300E204E204E204E204E204E204E204E204E204E20400000000000000000000000049
S32580021320000000000000000000000000000000000000000000000000000000000000000025
S325800213400000000000000000000000000000000000000000000000000000A0004001E00143
S325800213608002C003000540068007C008000A400B500B000000000A0014001E0028003C00B6
S325800213805000640078008C00A000B400B5000000E2010D02FA024C0375034E0351049B0509
S325800213A0AF069B0772077207720700009A034203CB034F04EC03D4053B048D050905E8054C
S325800213C00809080908090000C303F6019A014301C300B800A40076006D006D0033003300E1
S325800213E0330000000406A40692074C080C087A0ADF09850B440C860ECD10CD10CD10000006
S32580021400AC033F04E904DD0611092C0A070B2B0B1F0B820A89098909890900002B05E80363
S32580021420A6035A036F032A03D30256020F02EF01D701D701D7010000FE12A0132516191999
S325800214406C1A3E1EC61F2F201320D11FD51FD51FD51F0000331333133313331333139A0DEA
S32580021460330D000A6608CD063305330533050000F7008C0066004F00430033001F001700CD
S32580021480100000000000000000000000000A000A000F0012001400160019001E00280028CE
S325800214A0002800280028000067666766676667666766676667666766676667666766676690
S325800214C0676600003B0B00003B0B00003B0B00003B0B00003B0B00004F0300004F030000B5
S325800214E04F0300004F0300004F0300002C0E00002C0E00002C0E00002C0E00002C0E00004C
S32580021500331B0000331B0000331B0000331B0000331B00001A0D00001A0D00001A0D000048
S325800215201A0D00001A0D0000000066003301CD0200060008000A000C000E001200005000D8
S32580021540A00040018002C003A0056009A00FE015000020005000A000F0004001E0012003E6
S325800215600005800700005000A000F000900130022003600440068007000033010002000426
S3258002158000060008000A000C000E0010000000000000000000000000000000000000000081
S325800215A000003A011203AF07E408C7111C1F722C722C722C12006501CB029605FB061309C7
S325800215C02C0BF60D7411871A00005000A000F00090013002200360044006000000000000B3
S325800215E0000000000000000000000000FFFFFFFFFFFFFFFFFFFFFFFFFFFFFFFF0000000271
S3258002160000060008000A000C00006000C003401FE01F00230080008000800080008000807A
S3258002162000006600CD00000200040006E803B00498086009480D100E00000A001E005A0046
S3258002164078000000000030005000A000400100003002900190019001900100008008000922
S32580021660000B001100089A0900100010000000000000000000000000000000005A0064003D
S325800216806E000000001000080000000050005A006400000000100008000000004B004D007E
S325800216A05000000000100008000000007B0C7B0C7B0C000085038503850300007B0C7B0CFF
S325800216C07B0C0000850385038503000000F000F000F0000000100010001000000000000063
S325800216E0000000000000000000000000412D412D412D0000412D412D412D000000000000CE
S325800217000000000000000000000000000000000000000000000000009A99993E00004844AB
S32580021720000096440000803F0000003F0000003F0000003F0AD7233C19F1BB419A99993E7B
S32580021740000060410000C84200803B456F12833A17B7D13885EB99400000803F0000003EFB
S325800217609EEFA73B0000003E9EEFA73BCDCC4C3F00008C3E00008C3E14AEA73F00606A4655
S325800217800000A0410000A0409A99993E135A2E3D1F856B3F0000FA431F856B3F3333333F6D
S325800217A00000003F3333333FCDCC4C3F5077D63E17B7D13817B7D1381A78E83B0AD7A33C68
S325800217C00000803F00000000000060410000804000007041CDCC0C3FCDCC4C3E00405245D2
S325800217E00000E64200002041000000410000F04200409C45CDCCCC3D0000E63D0000E63D5C
S325800218000000FA429A990100000040010000000000000000555515344BEA0400B8BEF100FC
S32580021820C1AA4FFE8796C20095D4090095D409006E1283006E12830000000000000000009F
S325800218400000A041EC51B83DCDCCCC3D6F12833A17B7513917B751380000000060EA000014
S3258002186000001643000000000000000000000000CDCCCC3D6F12833A0000000000000000A7
S3258002188000000000000000008FC2753E8FC275BE2A8C643A2A8C643AF304353FF304353FBA
S325800218A0CDCC4C3EE0E3FFFF33FFFFFF00000000000000000000000000000000000000008C
S325800218C00000000000000000000000000000000000000000E02F02800000000000000000EF
S325800218E000000000FFFFFFFFFFFFFFFF00000000FFFFFFFF00000000FFFFFFFF0000000070
S32580021900FFFFFFFF00000000FFFFFFFF000000000101010000000000000000000000000044
S325800219200000000000000000000000002C010000140000007A0000007A000000C800000022
S32580021940B400000084030000C0000000C0000000C8000000F6080000B806000000200000A0
S3258002196000E000000054000033530000CDAC00001700000000020000153400000100000049
S32580021980000200000064000000640000660600000010000080010000D00700000018000009
S325800219A00000000000180000201C000080250000C409000000190000008000000008000038
S325800219C02800000008000000330300004001000020000000500000002800000040010000FF
S325800219E0CD0000009A090000000A00006602000066020000000000002502000038000000B6
S32580021A0040060000000C0000000000000000000000000000000000000000000000000000EC
S32580021A20000000000000000000000000000000008D2000004D010000830600008306000011
S32580021A40000900008008000080100000001000004100000041000000008000006E0000005D
S32580021A60500000004100000041000000008000000028000000380000C40900005501000009
S32580021A8000800000995900002C01000064000000008000000000000000000000000000003B
S32580021AA000000000000000000000000000000000000000000000000000000000000000009E
S32580021AC0000000000000000000000000000000000000000000000000000000000008000076
S32580021AE000080000000800000008000000000000F401000000000000000000000000000051
S32580021B0000000000000000000000000000000000000000000000000000000000000000003D
S32580021B20000000000000000000000000000000008E0300001C07000088130000540B00006F
S32580021B409001000040060000BC02000064000000990C0000900300007B0C00004D030000F5
S32580021B60652D00006C2D000000F0000000100000615F0000000000000008000000080000E2
S32580021B8000F000000010000000000000000000001F0D0000E102000033F30000CD0C0000AF
S32580021BA0BA13000046EC0000809D0000010000000024000000260000003E000000400000B8
S32580021BC000000000000000000000000000000000000000000000000000000000000000007D
S32580021BE0EC130000EC130000FD0F000001000000F80F000001000000CD000000100000006D
S32580021C002801000015340000A0000000400100000A00000013000000CD0A0000F70F0000EF
S32580021C2008000000FF0000000018000000E800000000000000000000000000000000000015
S32580021C40000000000000000000000000000000000000000000000000000000008A02000070
S32580021C6076FD00000000000000000000000000000000000000000000000000000000000069
S32580021C8000000000000000000000000000000000000000009A07000066080000A20A000001
S32580021CA0DE000000003600000000000026140000000000000000000000000000000000004E
S32580021CC000000000000000000000000000000000000000000000000000000000000000007C
S32580021CE0000000000000000000000000050000000000000000000000000000000100000056
S32580021D00000000000000000001000000000000000000000000000000000000000100000039
S32580021D20010000000000000000000000000000000000000000000000010000000000000019
S32580021D400A00000000000000000000000000000000000000000000000000000000000000F1
S32580021D600000000000000000010000000100000001000000000000000000000000000000D8
S32580021D800000000000000000030000000100000001000000010000000000000001000000B4
S32580021DA0000000000100000000000000000000000100000000000000000000000000000099
S32580021DC0000000000000000000000000000000000100000000000000280000000100000051
S32580021DE0010000000100000001000000010000000100000001000000010000000000000054
S32580021E00010000001E00000005000000010000000100000000000000010000000100000012
S32580021E20000000000000000001000000010000000100000001000000010000000100000014
S32580021E400100000000000000010000000100000001000000010000000000000000000000F5
S32580021E600000000001000000000000000000000001000000000000000100000000000000D7
S32580021E800000000001000000000000000100000000000000000000000100000001000000B6
S32580021EA000000000FF0000000000000000000000000000000000000000000000000000009B
S32580021EC000000000000000000000000000000000000000000000000000000000000000007A
S32580021EE000000000000000000000000000000000000000000000000000000000000000005A
S32580021F00000000000000000007000000000000000000000000000000000000000000000032
S32580021F20000000000000000000000000000000000000000000000000000000000000000019
S32580021F400000000000000000000000000100000000000000010000000000000000000000F7
S32580021F600100000000000000000000000000000000000000010000000000000000000000D7
S32580021F800000000000000000000000000000000000000000000000000000000002000000B7
S32580021FA0030000000000000000000000000000000200000000000000000000000000000094
S32580021FC0000000000000000000000000000000000000000000000000000000000000000079
S32580021FE0000000000000000000000000000000000000000000000000000000000000000059
S32580022000000000000000000000000000000000000000000000000000010000000100000036
S32580022020000000000100000001000000010000000000000000000000000000000000000015
S325800220400000000055000000000000000000000000000000000000000000000000000000A3
S325800220600000000000000000010000000000000001000000010000000A00000001000000CA
S3258002208001000000000000004800000000000000000000000000000000000000000000006F
S325800220A00000000001000000010000000100000048000000320000004800000000000000D3
S325800220C0000000000000000000000000000000000000000000000000000000000000000078
S325800220E0000000000000000000000000000000000000000000000000000000000000000058
S32580022100000000000000000000000000000000000000000000000000000000000000000037
S32580022120000000000000000000000000000000000000000000000000000000000000000017
S325800221400000000000000000000000000000000000000000000000000000000000000000F7
S325800221600000000000000000000000000000000000000000000000000000000000000000D7
S325800221800000000000000000000000000000000000000000000000000000000000000000B7
S325800221A0000000000000000000000000000000000000000000000000000000000000000097
S325800221C0000000000000000000000000000000000000000000000000000000000000000077
S325800221E0000000000000000000000000000000000000000000000000000000000000000057
S32580022200000000000000000000000000000000000000000000000000000000000000000036
S32580022220000000000000000000000000000000000000000000000000000000000000000016
S325800222400000000000000000000000000000000000000000000000000000000000000000F6
S325800222600000000000000000000000000000000000000000000000000000000001000000D5
S325800222800000000000000000000000000000000000000000000000000000000000000000B6
S325800222A000000000000000000000000004070809060000000306050704000000000000005B
S325800222C000000000000003000000000000000000030000000200000000000000000000006E
S325800222E0000000000000000000000000000000000200010000000000000000000000000053
S32580022300000000000000000000000000020002000000000000000000000000000000000031
S32580022320000000000000000002000300000000000000000000000000000000000000000010
S325800223400000000002000400000000000000000000000000000000000000000000000000EF
S325800223600200050000000000000000000000000000000000000000000000000002000600C6
S325800223800000000000000000000000000000000000000000000000000200070000000000AC
S325800223A000000000000000000000000000000000000000000200080000000000000000008B
S325800223C000000000000000000000000000000000020009000000000000000000000000006A
S325800223E000000000000000000000000044240280D4220280FC23028002000000AC22028000
S32580022400000000000000000000000000000000000000000000000000C00300010000000070
S32580022420140002804220000800000000000000000000000000000000000000003F000100D4
S3258002244000000000800000008888000000010001000100010000FF0002000100000000005E
S325800224600000000000000000000000000000000000000000020004000000000000000000CE
S325800224800000000000000000000000000000000002000500000000000000000000000000AD
S325800224A000000000000000000000000002000600000000000000000000000000000000008C
S325800224C000000000000000000200070000000000000000000000000000000000000000006B
S325800224E000000000020008000000000000000000000000000000000000000000000000004A
S325800225000200090000000000000000000000000000000000000000000000000002000A001C
S3258002252000000000000000000000000000000000000000000000000044240280582402802B
S325800225404825028002000000B42202800000000000000000000000000000000000000000AA
S325800225600000000000070001000000001400028042200008000000000000000000000000CB
S325800225800000000000000000F201010000000000030006000C00180030006000C0008001C1
S325800225A000030006000C00180030006000C00000E0720280946602803C6E0280F0660280C2
S325800225C04C700280E07202801C6F0280A8660280D86F02800C730280E0720280E072028052
S325800225E0646E028068680280C0650280A46E0280F8650280A87302807C6802803C70028062
S32580022600BC670280006E0280DC700280E87202801C6D0280C0680280E0720280AC670280D5
S32580022620E0720280E0720280E0720280E0720280E0720280E0720280986D0280506702805A
S325800226400307000058AB00707CB90070010000000507000058A90070A0B70070010000008A
S325800226600A07000098A00070A8AC0070010000000A070000D4A10070D8B400700100000061
S325800226800000F101080001003D0508000200210408000300E901080004007D0108000500BA
S325800226A0480306000600200105000700010208000800350608000900500708000A00DF0760
S325800226C008000B00E106080000000C00E501080001000D002904080002000E000506080010
S325800226E003000F00360608000400100058070800050011000202080006001200030208003A
S3258002270007001300E9060800CC0011010004DD0012010004AA041100642702805C27028079
S32580022720602702805027028054270280102802806827028050280280F8270280FE4301006A
S32580022740010008000C000C00000000000000000054270280805C0000F4010000000C0C08E2
S325800227600101010106000000FF070000F101000000000000FF0700003D0500000100000086
S32580022780FF0700002104000002000000FF070000E901000003000000FF0700007D0100000D
S325800227A004000000FF0700004803000005000000FF0700002001000006000000FF07000004
S325800227C00102000007000000FF0700003506000008000000FF0700005007000009000000B8
S325800227E0FF070000DF0700000A000000FF070000E10600000B00000000000100020003005D
S325800228000400050006000700080009000A000B000C0C0000000000800D0D000000000080C2
S325800228200E0E0000000000800F0F0000000000801010000000000080111100000000008094
S32580022840121200000000008013130000000000800001020304050607008001F0008002F0A7
S325800228603C95028090950280AE95028044970280C497028036990280069B0280789C0280CD
S325800228803C9E0280AC9F02806EA10280DEA1028042A3028026A502800CA7028012A80280D0
S325800228A018A9028044AA028000000000000048430000C843000016440000484400007A44A3
S325800228C0000096440000AF440000C8440000E1440000FA4400800945000016450080224524
S325800228E000002F4500803B4500004845008054450000614500806D4500007A45000000009F
S32580022900E99D813EE99D013FDE6C423FE99D813F6405A23FDE6CC23F58D4E23FE99D01406A
S32580022920A7D111406405224021393240DE6C42409BA0524058D4624016087340E99D814030
S32580022940C8B78940A7D1914085EB9940A9F643320567AC1DFDBAAD0FA76EF50777ABFE0325
S325800229605CD5FF01ABFAFF0055FF7F00EBFF3F00FDFF1F000000100086F103000101000057
S32580022980EC1303808AF1030001010000EC1303808BF1030001010000EC1303808CF10300A8
S325800229A001010000EC13038090F1030001010000EC13038092F1030001010000EC130380F9
S325800229C094F1030001010000EC130380B2F1030001010000EC130380B9F10300010100008A
S325800229E0EC130380CBF1030001010000EC13038088F1030001010000EC13038091F1030005
S32580022A0001010000EC130380C1F1030001010000EC1303800130030001010000EC130380B9
S32580022A200230030001010000EC1303800330030001010000EC130380043003000101000062
S32580022A40EC1303800530030001010000EC1303800630030001010000EC13038007300300B9
S32580022A6001010000EC1303800930030001010000EC1303800A30030001010000EC130380C9
S32580022A800B30030001010000EC1303800C30030001010000EC1303800D30030001010000E7
S32580022AA0EC1303800E30030001010000EC1303800140030001010000EC130380024003003A
S32580022AC001010000EC1303800340030001010000EC13038008B2030001010000EC130380DF
S32580022AE001010203000101000201020300010100010204000303030101010000241503806C
S32580022B0002020400030303010101000024150380FFAC0400030303010102000024150380E5
S32580022B2001020000600F03803C0F038010010102030000006816038000000000110101021D
S32580022B400300000068170380000000002201010203000000281A03800000000014010102E2
S32580022B600300000024180380000000001900010203000000701803800000000027000303B4
S32580022B8003000000DC1A0380000000002801030303000000DC1B0380000000002E00030351
S32580022BA003000000401C03801C1603803100030303000000D41C0380401603803E0101022E
S32580022BC003000000C81D0380000000008501030303000000241E03800000000001010203A7
S32580022BE000010100020102030001010003010203000101008CF10F0001010100BC15038053
S32580022C0090F1110001010100BC150380B2F1040001010100BC150380B9F104000101010094
S32580022C20BC15038008B2010001010100BC150380000000000000891112239B322446AD579C
S32580022C403665BF74488CC19D5AAFD3BE6CCAE5DB7EE9F7F88110080193331A22A5562C47FC
S32580022C60B7753E64C99C408DDBBF52AEEDDA64CBFFF976E802218B30100299132667AF7698
S32580022C803444BD554AADC3BC588ED19F6EEBE7FA7CC8F5D983310A2091121803A7772E66BC
S32580022CA0B5543C45CBBD42ACD99E508FEFFB66EAFDD874C904428D5316619F702004A9155C
S32580022CC03227BB364CCEC5DF5EEDD7FC6888E1997AABF3BA85520C4397711E60A11428057C
S32580022CE0B3373A26CDDE44CFDFFD56ECE9986089FBBB72AA06638F7214409D512225AB3418
S32580022D003006B9174EEFC7FE5CCCD5DD6AA9E3B8788AF19B87730E6295501C41A3352A243B
S32580022D20B1163807CFFF46EEDDDC54CDEBB962A8F99A708B088481951AA793B62CC2A5D3DB
S32580022D403EE1B7F04008C919522BDB3A644EED5F766DFF7C899400859BB712A6ADD224C3FB
S32580022D60BFF136E0C1184809D33B5A2AE55E6C4FF77D7E6C0AA583B4188691972EE3A7F297
S32580022D803CC0B5D14229CB38500AD91B666FEF7E744CFD5D8BB502A499961087AFF326E2BB
S32580022DA0BDD034C1C3394A28D11A580BE77F6E6EF55C7C4D0CC685D71EE597F42880A1915B
S32580022DC03AA3B3B2444ACD5B5669DF78600CE91D722FFB3E8DD604C79FF516E4A99020817B
S32580022DE0BBB332A2C55A4C4BD7795E68E11C680DF33F7A2E0EE787F61CC495D52AA1A3B017
S32580022E003882B193466BCF7A5448DD59622DEB3C700EF91F8FF706E69DD414C5ABB122A03A
S32580022E20B9923083C77B4E6AD5585C49E33D6A2CF11E780F402E0280000000000000000004
S32580022E4001000000FF13000001000000FF010000010000006E000000010000004C1F0000FB
S32580022E60010000000F00000001000000FF01000001000000FF01000001000000CD7F00006B
S32580022E8001000000FC000000010000001F000000010000000200000001000000FF1F00006B
S32580022EA0010000000F00000001000000DF0F000001000000FF0F0000D02E028000000000FC
S32580022EC000000000000003050000030501000000000051008833300801000700FFFFFFFF11
S32580022EE00000FFFFFFFF0000AC380280B82E028004000280D8370280E4590280342E0280C6
S32580022F00645C0280903502803C5C028018270280FF0000000073C0008702D0008102D000E7
S32580022F208302D0008702D4008102D4008302D4008700E0008700E600160050001700500006
S32580022F40162456001724560023305600243056003830560072405600005056004105E000E3
S32580022F604202E0004201E000496056006160560000805600009056005466560023315600F6
S32580022F80243156002931560049315600383156007140560064725600003556002F3156004B
S32580022FA04930560000605600C6FFFFFFFFFFFFFFC6FFFFFFFFFFFFFFC6FFFFFFFFFFFFFFC7
S32580022FC0C6FFFFFFFFFFFFFFC65FFAFA5F5FFAFAC65FFAFA5F5FFAFAC65FFAFAFFFFFFFFFF
S32580022FE000900070083402800000000000000000C800000031000000000000000000000092
S325800230001D00C0E500900000000000000000000000000000000000000000000000000000D6
S32580023020000000000000000000000000000000000000000000000000000000000000000008
S325800230400000000000000000000000000000000000000000000000000000000000000000E8
S325800230600000000000000000000000000000000000000000000000000000000000000000C8
S325800230800000000000000000000000000000000000000000000000000000000000000000A8
S325800230A0000000000000000000000000000000000000000000000000000000000000000088
S325800230C0000000000000000000000000000000000000000000000000000000000000000068
S325800230E0000000000000000000000000000000000000000000000000000000000000000048
S32580023100000000000000000000000000000000000000000000000000000000000000000027
S32580023120000000000000000000000000000000000000000000000000000000000000000007
S325800231400000000000000000000000000000000000000000000000000000000000000000E7
S325800231600000000000000000000000000000000000000000000000000000000000000000C7
S325800231800000000000000000000000000000000000000000000000000000000000000000A7
S325800231A0000000000000000000000000000000000000000000000000000000000000000087
S325800231C0000000000000000000000000000000000000000000000000000000000000000067
S325800231E0000000000000000000000000000000000000000000000000000000000000000047
S32580023200000000000000000000000000000000000000000000000000000000000000000026
S32580023220000000000000000000000000000000000000000000000000000000000000000006
S325800232400000000000000000000000000000000000000000000000000000000000000000E6
S325800232600000000000000000000000000000000000000000000000000000000000000000C6
S325800232800000000000000000000000000000000000000000000000000000000000000000A6
S325800232A0000000000000000000000000000000000000000000000000000000000000000086
S325800232C0000000000000000000000000000000000000000000000000000000000000000066
S325800232E0000000000000000000000000000000000000000000000000000000000000000046
S32580023300000000000000000000000000000000000000000000000000000000000000000025
S32580023320000000000000000000000000000000000000000000000000000000000000000005
S325800233400000000000000000000000000000000000000000000000000000000000000000E5
S325800233600000000000000000000000000000000000000000000000000000000000000000C5
S325800233800000000000000000000000000000000000000000000000000000000000000000A5
S325800233A0000000000000000000000000000000000000000000000000000000000000000085
S325800233C0000000000000000000000000000000000000000000000000000000000000000065
S325800233E0000000000000000000000000000000000000000000000000000000000000000045
S3258002340000000000000000000000000001002000000000000200800000000000030000106E
S325800234200000000004000010000000000500000100000000060000100000000007000001CC
S3258002344000000000080010000000000009001000000000000A001000000000000B0010007E
S32580023460000000000C002000000000000D001000000000000E001000000000000F00080046
S3258002348000000000100008000000000011002000000000001200080000000000130010001E
S325800234A00000000014000800000000001500100000000000160010000000000017001000F6
S325800234C000000000180010000000000019001000000000001A002000000000001B0020009E
S325800234E0000000001C000800000000001D000800000000001E001000000000001F0010009E
S3258002350000000000200010000000000021001000000000002200200000000000230020003D
S3258002352000000000240020000000000025002000000000002600080000000000270008001D
S3258002354000000000280008000000000029000800000000002A000800000000002B0008001D
S32580023560000000002C001000000000002D000800000000002E000800000000002F004000AD
S3258002358000000000300008000000000031000800882B00704000000020000000882F038075
S325800235A078300380C82903804012000050690380306903800100000038AD0380D0AD0380D1
S325800235C0F4AD038018AE0380D83502808C36028044360280000008005A55950000000000DB
S325800235E009000000000000000000000000000000000000000000000000000000000000003A
S32580023600010000000100000001000000010000000100000001000000010000000103020015
S32580023620FFFFFFFF00FFFFFFFFFF01FFFFFF02FF03FFFFFFFFFFFFFFFFFFFFFFFFFFFFFF18
S32580023640FFFFFFFF01000100000001000000FFFFFFFF0000000055000F000000B03602801B
S3258002366003000000983702800330330300000000411500005C3702801C36028018360280F6
S3258002368000000000D435028000000000895800000000000000000000000000000000000036
S325800236A0000000000000000000000000000000000100000000000000000000000000000081
S325800236C0000000000500000001000000000001011037028000000000000000005000000041
S325800236E0010000000000010118370280000000000000000000050000010000000000000068
S32580023700000000000000000000000000005000003200000032000000320000003200000009
S32580023720020000006A1870176A187017020000004C1D581B4C1D581B000000008813E803AD
S325800237408813E80302000000983AA438983AA43802000000127A1879127A187900020010AF
S32580023760000100002037028000020010000100002C370280000200000001000038370280FB
S325800237800002001000010000443702800002001000010000503702800080000000000000F5
S325800237A0B03702800000000000000000C037028002200000022002000020022002200000F5
S325800237C0220200002202000022022202220200000000010102020303E4370280D03702807B
S325800237E0000000040000000025030000000000000000000000000000000000000000000015
S325800238000000000035000000000000000000000000000000000000000000000000000000EB
S3258002382025020000320000003200000000000100010000000000000000000000150100005D
S32580023840320000003200000000000100010000000000000000900070004000D0005000D04A
S3258002386000200480000400700000000000000000EC0404800000000050FB0380F06003F023
S32580023880F86003F080BD0070006103F0086103F088BD0070F06003F0F86003F084BD007004
S325800238A0006103F0086103F08CBD0070C8380280C835028000010000010000000000000014
S325800238C001000000000000000504030202020000F401000058020000EE020000E803000023
S325800238E0E8030000E80300000000000000000000814207285740000028011202222220023E
S3258002390002000000410000000000000000000000000000000A0000000000030005000800C2
S325800239200A000D000F0012001400170019001C001F0021002400260029002B002E0030002B
S325800239403300350038003B003D0040004200450047004A004C004F0051005400570059007F
S325800239605C005E0061006300660068006B006D0070007300750078007A007D007F008200D3
S32580023980840087008A008C008F0091009400960099009B009E00A000A300A600A800AB0026
S325800239A0AD00B000B200B500B700BA00BC00BF00C200C400C700C900CC00CE00D100D3007B
S325800239C0D600D800DB00DE00E000E300E500E800EA00ED00EF00F200F400F700FA00FC00CF
S325800239E0FF0001010401060109010B010E0110011301160118011B011D0120012201250114
S32580023A0027012A012C012F0131013401370139013C013E0141014301460148014B014D0169
S32580023A2050015301550158015A015D015F0162016401670169016C016F01710174017601BC
S32580023A4079017B017E0180018301850188018B018D0190019201950197019A019C019F0111
S32580023A60A101A401A601A901AC01AE01B101B301B601B801BB01BD01C001C201C501C80167
S32580023A80CA01CD01CF01D201D401D701D901DC01DE01E101E301E601E901EB01EE01F001BC
S32580023AA0F301F501F801FA01FD01FF010202050207020A020C020F02110214021602190207
S32580023AC01B021E0220022302260228022B022D0230023202350237023A023C023F02410258
S32580023AE04402470249024C024E0251025302560258025B025D0260026202650268026A02AD
S32580023B006D026F0272027402770279027C027E0281028302860289028B028E029002930202
S32580023B20950298029A029D029F02A202A402A702A902AC02AF02B102B402B602B902BB025A
S32580023B40BE02C002C302C502C802CA02CD02D002D202D502D702DA02DC02DF02E102E402B0
S32580023B60E602E902EB02EE02F002F302F602F802FB02FD0200030203050307030A030C0302
S32580023B800F0311031403160319031C031E0321032303260328032B032D033003320335034F
S32580023BA037033A033C033F0341034403470349034C034E0351035303560358035B035D03A8
S32580023BC060036203650367036A036C036F0372037403770379037C037E0381038303860300
S32580023BE088038B038D0390039203950397039A039C039F03A203A403A703A903AC03AE035A
S32580023C00B103B303B603B803BB03BD03C003C203C503C703CA03CC03CF03D203D403D703B2
S32580023C20D903DC03DE03E103E303E603E803EB03ED03F003F203F503F703FA03FC03FF030C
S32580023C4001040404070409040C040E0411041304160418041B041D04200422042504270455
S32580023C602A042C042F0431043404360439043B043E0440044304460448044B044D045004B1
S32580023C805204550457045A045C045F0461046404660469046B046E0470047304750478040C
S32580023CA07A047D047F0482048404870489048C048E0491049404960499049B049E04A00469
S32580023CC0A304A504A804AA04AD04AF04B204B404B704B904BC04BE04C104C304C604C804C4
S32580023CE0CB04CD04D004D204D504D704DA04DC04DF04E104E404E604E904EB04EE04F00424
S32580023D00F304F504F804FA04FD0400050205050507050A050C050F05110514051605190572
S32580023D201B051E0520052305250528052A052D052F0532053405370539053C053E054105CB
S32580023D404305460548054B054D0550055205550557055A055C055F0561056405660569052B
S32580023D606B056E0570057305750578057A057D057F0582058405870589058C058E0591058B
S32580023D809305960598059B059D05A005A205A505A705AA05AC05AF05B105B405B605B905EB
S32580023DA0BB05BE05C005C305C505C805CA05CD05CF05D205D405D705D905DC05DE05E1054B
S32580023DC0E305E605E805EB05ED05F005F205F505F705FA05FC05FF050106040606060906A7
S32580023DE00B060D0610061206150617061A061C061F0621062406260629062B062E06300603
S32580023E003306350638063A063D063F0642064406470649064C064E06510653065606580662
S32580023E205B065D0660066206650667066A066C066E0671067306760678067B067D068006C6
S32580023E408206850687068A068C068F0691069406960699069B069E06A006A306A506A8062A
S32580023E60AA06AD06AF06B106B406B606B906BB06BE06C006C306C506C806CA06CD06CF0691
S32580023E80D206D406D706D906DC06DE06E106E306E506E806EA06ED06EF06F206F406F706F6
S32580023EA0F906FC06FE0601070307060708070B070D07100712071407170719071C071E0750
S32580023EC021072307260728072B072D07300732073507370739073C073E07410743074607B5
S32580023EE048074B074D0750075207550757075A075C075E0761076307660768076B076D071E
S32580023F0070077207750777077A077C077E0781078307860788078B078D0790079207950786
S32580023F2097079A079C079E07A107A307A607A807AB07AD07B007B207B507B707B907BC07F1
S32580023F40BE07C107C307C607C807CB07CD07D007D207D407D707D907DC07DE07E107E3075D
S32580023F60E607E807EB07ED07EF07F207F407F707F907FC07FE0701080308060808080A08C3
S32580023F800D080F0812081408170819081C081E0820082308250828082A082D082F08320825
S32580023FA03408360839083B083E0840084308450848084A084C084F08510854085608590894
S32580023FC05B085E0860086208650867086A086C086F0871087308760878087B087D08800803
S32580023FE082088508870889088C088E0891089308960898089A089D089F08A208A408A70873
S32580024000A908AC08AE08B008B308B508B808BA08BD08BF08C108C408C608C908CB08CE08E2
S32580024020D008D208D508D708DA08DC08DF08E108E308E608E808EB08ED08F008F208F40855
S32580024040F708F908FC08FE0801090309050908090A090D090F0911091409160919091B09BC
S325800240601E0920092209250927092A092C092F0931093309360938093B093D093F0942092C
S325800240804409470949094C094E0950095309550958095A095C095F096109640966096909A1
S325800240A06B096D09700972097509770979097C097E0981098309850988098A098D098F0918
S325800240C092099409960999099B099E09A009A209A509A709AA09AC09AE09B109B309B6098E
S325800240E0B809BA09BD09BF09C209C409C609C909CB09CE09D009D209D509D709DA09DC0908
S32580024100DE09E109E309E609E809EA09ED09EF09F209F409F609F909FB09FE09000A020A7F
S32580024120050A070A0A0A0C0A0E0A110A130A160A180A1A0A1D0A1F0A220A240A260A290AEA
S325800241402B0A2D0A300A320A350A370A390A3C0A3E0A410A430A450A480A4A0A4D0A4F0A67
S32580024160510A540A560A580A5B0A5D0A600A620A640A670A690A6C0A6E0A700A730A750AE4
S32580024180770A7A0A7C0A7F0A810A830A860A880A8B0A8D0A8F0A920A940A960A990A9B0A62
S325800241A09E0AA00AA20AA50AA70AA90AAC0AAE0AB10AB30AB50AB80ABA0ABC0ABF0AC10AE1
S325800241C0C40AC60AC80ACB0ACD0ACF0AD20AD40AD70AD90ADB0ADE0AE00AE20AE50AE70A61
S325800241E0E90AEC0AEE0AF10AF30AF50AF80AFA0AFC0AFF0A010B040B060B080B0B0B0D0BDD
S325800242000F0B120B140B160B190B1B0B1E0B200B220B250B270B290B2C0B2E0B300B330B55
S32580024220350B370B3A0B3C0B3F0B410B430B460B480B4A0B4D0B4F0B510B540B560B580BDA
S325800242405B0B5D0B600B620B640B670B690B6B0B6E0B700B720B750B770B790B7C0B7E0B5E
S32580024260800B830B850B870B8A0B8C0B8F0B910B930B960B980B9A0B9D0B9F0BA10BA40BE5
S32580024280A60BA80BAB0BAD0BAF0BB20BB40BB60BB90BBB0BBD0BC00BC20BC40BC70BC90B6E
S325800242A0CB0BCE0BD00BD20BD50BD70BD90BDC0BDE0BE00BE30BE50BE70BEA0BEC0BEE0BF9
S325800242C0F10BF30BF50BF80BFA0BFC0BFF0B010C030C060C080C0A0C0D0C0F0C110C140C7A
S325800242E0160C180C1B0C1D0C1F0C220C240C260C290C2B0C2D0C300C320C340C370C390CFE
S325800243003B0C3E0C400C420C450C470C490C4C0C4E0C500C530C550C570C5A0C5C0C5E0C88
S32580024320600C630C650C670C6A0C6C0C6E0C710C730C750C780C7A0C7C0C7F0C810C830C18
S32580024340860C880C8A0C8C0C8F0C910C930C960C980C9A0C9D0C9F0CA10CA40CA60CA80CA7
S32580024360AB0CAD0CAF0CB10CB40CB60CB80CBB0CBD0CBF0CC20CC40CC60CC80CCB0CCD0C38
S32580024380CF0CD20CD40CD60CD90CDB0CDD0CE00CE20CE40CE60CE90CEB0CED0CF00CF20CCA
S325800243A0F40CF70CF90CFB0CFD0C000D020D040D070D090D0B0D0D0D100D120D140D170D53
S325800243C0190D1B0D1E0D200D220D240D270D290D2B0D2E0D300D320D340D370D390D3B0DE3
S325800243E03E0D400D420D440D470D490D4B0D4E0D500D520D540D570D590D5B0D5E0D600D79
S32580024400620D640D670D690D6B0D6E0D700D720D740D770D790D7B0D7D0D800D820D840D11
S32580024420870D890D8B0D8D0D900D920D940D960D990D9B0D9D0DA00DA20DA40DA60DA90DAA
S32580024440AB0DAD0DAF0DB20DB40DB60DB90DBB0DBD0DBF0DC20DC40DC60DC80DCB0DCD0D45
S32580024460CF0DD10DD40DD60DD80DDB0DDD0DDF0DE10DE40DE60DE80DEA0DED0DEF0DF10DE1
S32580024480F30DF60DF80DFA0DFC0DFF0D010E030E050E080E0A0E0C0E0F0E110E130E150E75
S325800244A0180E1A0E1C0E1E0E210E230E250E270E2A0E2C0E2E0E300E330E350E370E390E0C
S325800244C03C0E3E0E400E420E450E470E490E4B0E4E0E500E520E540E560E590E5B0E5D0EAD
S325800244E05F0E620E640E660E680E6B0E6D0E6F0E710E740E760E780E7A0E7D0E7F0E810E50
S32580024500830E860E880E8A0E8C0E8E0E910E930E950E970E9A0E9C0E9E0EA00EA30EA50EF2
S32580024520A70EA90EAC0EAE0EB00EB20EB40EB70EB90EBB0EBD0EC00EC20EC40EC60EC80E97
S32580024540CB0ECD0ECF0ED10ED40ED60ED80EDA0EDC0EDF0EE10EE30EE50EE80EEA0EEC0E3D
S32580024560EE0EF00EF30EF50EF70EF90EFC0EFE0E000F020F040F070F090F0B0F0D0F100FDD
S32580024580120F140F160F180F1B0F1D0F1F0F210F230F260F280F2A0F2C0F2E0F310F330F7E
S325800245A0350F370F3A0F3C0F3E0F400F420F450F470F490F4B0F4D0F500F520F540F560F28
S325800245C0580F5B0F5D0F5F0F610F630F660F680F6A0F6C0F6E0F710F730F750F770F790FD5
S325800245E07C0F7E0F800F820F840F870F890F8B0F8D0F8F0F910F940F960F980F9A0F9C0F83
S325800246009F0FA10FA30FA50FA70FAA0FAC0FAE0FB00FB20FB50FB70FB90FBB0FBD0FBF0F31
S32580024620C20FC40FC60FC80FCA0FCD0FCF0FD10FD30FD50FD70FDA0FDC0FDE0FE00FE20FE2
S32580024640E50FE70FE90FEB0FED0FEF0FF20FF40FF60FF80FFA0FFC0FFF0F01100310051091
S3258002466007100A100C100E10101012101410171019101B101D101F10211024102610281037
S325800246802A102C102E10311033103510371039103B103E10401042104410461048104B10ED
S325800246A04D104F1051105310551057105A105C105E10601062106410671069106B106D10A4
S325800246C06F1071107310761078107A107C107E10801083108510871089108B108D108F105E
S325800246E092109410961098109A109C109E10A110A310A510A710A910AB10AD10B010B21017
S32580024700B410B610B810BA10BC10BF10C110C310C510C710C910CB10CE10D010D210D410D2
S32580024720D610D810DA10DD10DF10E110E310E510E710E910EB10EE10F010F210F410F6108F
S32580024740F810FA10FD10FF10011103110511071109110B110E111011121114111611181141
S325800247601A111C111F11211123112511271129112B112D11301132113411361138113A11FD
S325800247803C113E11401143114511471149114B114D114F1151115311561158115A115C11C0
S325800247A05E11601162116411661169116B116D116F11711173117511771179117C117E1184
S325800247C0801182118411861188118A118C118F11911193119511971199119B119D119F1148
S325800247E0A111A411A611A811AA11AC11AE11B011B211B411B611B811BB11BD11BF11C1110E
S32580024800C311C511C711C911CB11CD11CF11D211D411D611D811DA11DC11DE11E011E211D7
S32580024820E411E611E911EB11ED11EF11F111F311F511F711F911FB11FD11FF11021204129E
S32580024840061208120A120C120E12101212121412161218121A121D121F122112231225125B
S32580024860271229122B122D122F1231123312351237123A123C123E12401242124412461229
S3258002488048124A124C124E12501252125412571259125B125D125F126112631265126712F7
S325800248A069126B126D126F1271127312751277127A127C127E1280128212841286128812C8
S325800248C08A128C128E12901292129412961298129A129C129F12A112A312A512A712A9129A
S325800248E0AB12AD12AF12B112B312B512B712B912BB12BD12BF12C112C312C512C712CA126F
S32580024900CC12CE12D012D212D412D612D812DA12DC12DE12E012E212E412E612E812EA123F
S32580024920EC12EE12F012F212F412F612F812FA12FC12FE12011303130513071309130B1313
S325800249400D130F13111313131513171319131B131D131F13211323132513271329132B13DF
S325800249602D132F13311333133513371339133B133D133F13411343134513471349134B13BF
S325800249804D134F1351135313551357135A135C135E13601362136413661368136A136C1395
S325800249A06E13701372137413761378137A137C137E13801382138413861388138A138C136F
S325800249C08E13901392139413961398139A139C139E13A013A213A413A613A813AA13AC134F
S325800249E0AE13B013B213B413B613B813BA13BC13BE13C013C213C413C613C813CA13CC132F
S32580024A00CE13D013D213D413D613D813DA13DC13DE13E013E213E413E613E713E913EB1311
S32580024A20ED13EF13F113F313F513F713F913FB13FD13FF13011403140514071409140B14F8
S32580024A400D140F14111413141514171419141B141D141F14211423142514271429142B14CE
S32580024A602D142F14311433143514371439143B143D143E14401442144414461448144A14B5
S32580024A804C144E14501452145414561458145A145C145E14601462146414661468146A149E
S32580024AA06C146E147014711473147514771479147B147D147F14811483148514871489148B
S32580024AC08B148D148F14911493149514971499149B149C149E14A014A214A414A614A81475
S32580024AE0AA14AC14AE14B014B214B414B614B814BA14BC14BE14BF14C114C314C514C71463
S32580024B00C914CB14CD14CF14D114D314D514D714D914DB14DD14DE14E014E214E414E61452
S32580024B20E814EA14EC14EE14F014F214F414F614F814FA14FB14FD14FF1401150315051540
S32580024B40071509150B150D150F15111513151415161518151A151C151E1520152215241526
S32580024B60261528152A152C152D152F15311533153515371539153B153D153F154115431519
S32580024B804415461548154A154C154E155015521554155615581559155B155D155F15611512
S32580024BA063156515671569156B156D156E15701572157415761578157A157C157E15801507
S32580024BC0811583158515871589158B158D158F15911593159415961598159A159C159E1503
S32580024BE0A015A215A415A615A715A915AB15AD15AF15B115B315B515B715B815BA15BC15FC
S32580024C00BE15C015C215C415C615C815C915CB15CD15CF15D115D315D515D715D815DA15F8
S32580024C20DC15DE15E015E215E415E615E815E915EB15ED15EF15F115F315F515F715F815F6
S32580024C40FA15FC15FE150016021604160616071609160B160D160F161116131614161616EA
S32580024C6018161A161C161E162016221623162516271629162B162D162F16301632163416E9
S32580024C80361638163A163C163E163F16411643164516471649164B164C164E1650165216EB
S32580024CA054165616581659165B165D165F16611663166416661668166A166C166E167016F0
S32580024CC0711673167516771679167B167D167E168016821684168616881689168B168D16F8
S32580024CE08F16911693169416961698169A169C169E16A016A116A316A516A716A916AB16FF
S32580024D00AC16AE16B016B216B416B616B716B916BB16BD16BF16C116C216C416C616C81609
S32580024D20CA16CC16CD16CF16D116D316D516D716D816DA16DC16DE16E016E116E316E51614
S32580024D40E716E916EB16EC16EE16F016F216F416F616F716F916FB16FD16FF16001702171F
S32580024D600417061708170A170B170D170F17111713171417161718171A171C171D171F1720
S32580024D80211723172517271728172A172C172E173017311733173517371739173A173C1730
S32580024DA03E174017421743174517471749174B174C174E1750175217541755175717591743
S32580024DC05B175D175E176017621764176617671769176B176D176F17701772177417761756
S32580024DE0781779177B177D177F178017821784178617881789178B178D178F17911792176C
S32580024E0094179617981799179B179D179F17A117A217A417A617A817AA17AB17AD17AF1782
S32580024E20B117B217B417B617B817BA17BB17BD17BF17C117C217C417C617C817C917CB179B
S32580024E40CD17CF17D117D217D417D617D817D917DB17DD17DF17E017E217E417E617E817B5
S32580024E60E917EB17ED17EF17F017F217F417F617F717F917FB17FD17FE17001802180418CF
S32580024E800618071809180B180D180E181018121814181518171819181B181C181E182018DE
S32580024EA0221823182518271829182A182C182E183018311833183518371838183A183C18FE
S32580024EC03E183F18411843184518461848184A184C184D184F18511853185418561858181E
S32580024EE05A185B185D185F186018621864186618671869186B186D186E1870187218741841
S32580024F007518771879187B187C187E188018811883188518871888188A188C188E188F1864
S32580024F20911893189418961898189A189B189D189F18A118A218A418A618A718A918AB188A
S32580024F40AD18AE18B018B218B318B518B718B918BA18BC18BE18C018C118C318C518C618B1
S32580024F60C818CA18CC18CD18CF18D118D218D418D618D718D918DB18DD18DE18E018E218DA
S32580024F80E318E518E718E918EA18EC18EE18EF18F118F318F518F618F818FA18FB18FD1805
S32580024FA0FF180019021904190619071909190B190C190E1910191119131915191719181922
S32580024FC01A191C191D191F192119221924192619281929192B192D192E193019321933194E
S32580024FE03519371938193A193C193D193F194119431944194619481949194B194D194E197E
S325800250005019521953195519571958195A195C195D195F19611963196419661968196919AE
S325800250206B196D196E197019721973197519771978197A197C197D197F19811982198419E0
S325800250408619871989198B198C198E199019911993199519961998199A199B199D199F1915
S32580025060A019A219A419A519A719A919AA19AC19AE19AF19B119B319B419B619B819B9194B
S32580025080BB19BD19BE19C019C219C319C519C719C819CA19CC19CD19CF19D119D219D41980
S325800250A0D519D719D919DA19DC19DE19DF19E119E319E419E619E819E919EB19ED19EE19BB
S325800250C0F019F219F319F519F619F819FA19FB19FD19FF19001A021A041A051A071A091AEE
S325800250E00A1A0C1A0D1A0F1A111A121A141A161A171A191A1B1A1C1A1E1A1F1A211A231A21
S32580025100241A261A281A291A2B1A2D1A2E1A301A311A331A351A361A381A3A1A3B1A3D1A5D
S325800251203E1A401A421A431A451A471A481A4A1A4B1A4D1A4F1A501A521A541A551A571A9D
S32580025140581A5A1A5C1A5D1A5F1A611A621A641A651A671A691A6A1A6C1A6E1A6F1A711ADD
S32580025160721A741A761A771A791A7A1A7C1A7E1A7F1A811A831A841A861A871A891A8B1A1F
S325800251808C1A8E1A8F1A911A931A941A961A971A991A9B1A9C1A9E1A9F1AA11AA31AA41A64
S325800251A0A61AA81AA91AAB1AAC1AAE1AB01AB11AB31AB41AB61AB81AB91ABB1ABC1ABE1AA7
S325800251C0C01AC11AC31AC41AC61AC81AC91ACB1ACC1ACE1ACF1AD11AD31AD41AD61AD71AEF
S325800251E0D91ADB1ADC1ADE1ADF1AE11AE31AE41AE61AE71AE91AEB1AEC1AEE1AEF1AF11A37
S32580025200F21AF41AF61AF71AF91AFA1AFC1AFE1AFF1A011B021B041B051B071B091B0A1B7A
S325800252200C1B0D1B0F1B111B121B141B151B171B181B1A1B1C1B1D1B1F1B201B221B231BBC
S32580025240251B271B281B2A1B2B1B2D1B2E1B301B321B331B351B361B381B391B3B1B3D1B09
S325800252603E1B401B411B431B441B461B481B491B4B1B4C1B4E1B4F1B511B521B541B561B58
S32580025280571B591B5A1B5C1B5D1B5F1B611B621B641B651B671B681B6A1B6B1B6D1B6F1BA8
S325800252A0701B721B731B751B761B781B791B7B1B7D1B7E1B801B811B831B841B861B871BFA
S325800252C0891B8B1B8C1B8E1B8F1B911B921B941B951B971B981B9A1B9C1B9D1B9F1BA01B4C
S325800252E0A21BA31BA51BA61BA81BA91BAB1BAD1BAE1BB01BB11BB31BB41BB61BB71BB91BA1
S32580025300BA1BBC1BBD1BBF1BC11BC21BC41BC51BC71BC81BCA1BCB1BCD1BCE1BD01BD11BF7
S32580025320D31BD41BD61BD81BD91BDB1BDC1BDE1BDF1BE11BE21BE41BE51BE71BE81BEA1B4E
S32580025340EB1BED1BEE1BF01BF21BF31BF51BF61BF81BF91BFB1BFC1BFE1BFF1B011C021CA5
S32580025360041C051C071C081C0A1C0B1C0D1C0E1C101C111C131C151C161C181C191C1B1CF2
S325800253801C1C1E1C1F1C211C221C241C251C271C281C2A1C2B1C2D1C2E1C301C311C331C4D
S325800253A0341C361C371C391C3A1C3C1C3D1C3F1C401C421C431C451C461C481C491C4B1CAD
S325800253C04C1C4E1C4F1C511C521C541C551C571C581C5A1C5B1C5D1C5E1C601C611C631C0D
S325800253E0641C661C671C691C6A1C6C1C6D1C6F1C701C721C731C751C761C781C791C7B1C6D
S325800254007C1C7E1C7F1C811C821C841C851C871C881C8A1C8B1C8D1C8E1C901C911C931CCC
S32580025420941C961C971C991C9A1C9C1C9D1C9F1CA01CA11CA31CA41CA61CA71CA91CAA1C30
S32580025440AC1CAD1CAF1CB01CB21CB31CB51CB61CB81CB91CBB1CBC1CBE1CBF1CC11CC21C94
S32580025460C31CC51CC61CC81CC91CCB1CCC1CCE1CCF1CD11CD21CD41CD51CD71CD81CDA1CFC
S32580025480DB1CDD1CDE1CDF1CE11CE21CE41CE51CE71CE81CEA1CEB1CED1CEE1CF01CF11C63
S325800254A0F31CF41CF51CF71CF81CFA1CFB1CFD1CFE1C001D011D031D041D051D071D081DC6
S325800254C00A1D0B1D0D1D0E1D101D111D131D141D161D171D181D1A1D1B1D1D1D1E1D201D27
S325800254E0211D231D241D261D271D281D2A1D2B1D2D1D2E1D301D311D331D341D351D371D93
S32580025500381D3A1D3B1D3D1D3E1D401D411D421D441D451D471D481D4A1D4B1D4D1D4E1D00
S325800255204F1D511D521D541D551D571D581D5A1D5B1D5C1D5E1D5F1D611D621D641D651D6F
S32580025540661D681D691D6B1D6C1D6E1D6F1D701D721D731D751D761D781D791D7B1D7C1DE0
S325800255607D1D7F1D801D821D831D851D861D871D891D8A1D8C1D8D1D8E1D901D911D931D52
S32580025580941D961D971D981D9A1D9B1D9D1D9E1DA01DA11DA21DA41DA51DA71DA81DAA1DC5
S325800255A0AB1DAC1DAE1DAF1DB11DB21DB31DB51DB61DB81DB91DBB1DBC1DBD1DBF1DC01D3A
S325800255C0C21DC31DC41DC61DC71DC91DCA1DCB1DCD1DCE1DD01DD11DD31DD41DD51DD71DB0
S325800255E0D81DDA1DDB1DDC1DDE1DDF1DE11DE21DE31DE51DE61DE81DE91DEA1DEC1DED1D28
S32580025600EF1DF01DF11DF31DF41DF61DF71DF81DFA1DFB1DFD1DFE1DFF1D011E021E041E9D
S32580025620051E061E081E091E0B1E0C1E0D1E0F1E101E121E131E141E161E171E191E1A1E0A
S325800256401B1E1D1E1E1E201E211E221E241E251E261E281E291E2B1E2C1E2D1E2F1E301E86
S32580025660321E331E341E361E371E381E3A1E3B1E3D1E3E1E3F1E411E421E441E451E461E03
S32580025680481E491E4A1E4C1E4D1E4F1E501E511E531E541E551E571E581E5A1E5B1E5C1E82
S325800256A05E1E5F1E601E621E631E651E661E671E691E6A1E6B1E6D1E6E1E701E711E721E02
S325800256C0741E751E761E781E791E7B1E7C1E7D1E7F1E801E811E831E841E851E871E881E83
S325800256E08A1E8B1E8C1E8E1E8F1E901E921E931E941E961E971E991E9A1E9B1E9D1E9E1E05
S325800257009F1EA11EA21EA31EA51EA61EA81EA91EAA1EAC1EAD1EAE1EB01EB11EB21EB41E88
S32580025720B51EB61EB81EB91EBA1EBC1EBD1EBF1EC01EC11EC31EC41EC51EC71EC81EC91E0E
S32580025740CB1ECC1ECD1ECF1ED01ED11ED31ED41ED51ED71ED81EDA1EDB1EDC1EDE1EDF1E94
S32580025760E01EE21EE31EE41EE61EE71EE81EEA1EEB1EEC1EEE1EEF1EF01EF21EF31EF41E1C
S32580025780F61EF71EF81EFA1EFB1EFC1EFE1EFF1E001F021F031F041F061F071F081F0A1F9E
S325800257A00B1F0C1F0E1F0F1F101F121F131F141F161F171F181F1A1F1B1F1C1F1E1F1F1F21
S325800257C0201F221F231F241F261F271F281F2A1F2B1F2C1F2E1F2F1F301F321F331F341FAC
S325800257E0361F371F381F3A1F3B1F3C1F3D1F3F1F401F411F431F441F451F471F481F491F3A
S325800258004B1F4C1F4D1F4F1F501F511F531F541F551F571F581F591F5A1F5C1F5D1F5E1FC7
S32580025820601F611F621F641F651F661F681F691F6A1F6C1F6D1F6E1F6F1F711F721F731F57
S32580025840751F761F771F791F7A1F7B1F7C1F7E1F7F1F801F821F831F841F861F871F881FE9
S325800258608A1F8B1F8C1F8D1F8F1F901F911F931F941F951F971F981F991F9A1F9C1F9D1F7B
S325800258809E1FA01FA11FA21FA41FA51FA61FA71FA91FAA1FAB1FAD1FAE1FAF1FB01FB21F0F
S325800258A0B31FB41FB61FB71FB81FB91FBB1FBC1FBD1FBF1FC01FC11FC31FC41FC51FC61FA5
S325800258C0C81FC91FCA1FCC1FCD1FCE1FCF1FD11FD21FD31FD51FD61FD71FD81FDA1FDB1F3A
S325800258E0DC1FDE1FDF1FE01FE11FE31FE41FE51FE61FE81FE91FEA1FEC1FED1FEE1FEF1FD3
S32580025900F11FF21FF31FF51FF61FF71FF81FFA1FFB1FFC1FFD1FFF1F0C7B03850C7B0385D0
S32580025920F0001000000000002D412D41FA0C7B03850C7B0385F0001000000000002D412D50
S3258002594041FA0C7B03850C7B0385F0001000000000002D412D41FA0046A703805AA703809C
S3258002596068A70380FCA703801AA8038054A8038066A80380A2A80380BCA80380CAA80380E9
S3258002598032A9038044A9038052A903805EA90380FF130000FF010000000000000000000097
S325800259A0000000006E004C1F00000F00FF01FF010000000000000000CD7FFC001F0002000E
S325800259C0000000000000000000000000000000000000FF1F0F000000000000000000000012
S325800259E0FF0FFF0FF4590280F0590280D45B02800000000080108080801080808080101078
S32580025A00101010100400000000000000000000000000000080808080808088C080101010C2
S32580025A20101010100000000000000000000000007F00000010089898101010101010101057
S32580025A4010101010000000000000000000000000000000001010A01010101010101010102E
S32580025A6010101010000000000000000000000000000000001010101010101010101010109E
S32580025A8010101010000000000000000000000000000000000010101010101010101010108E
S32580025AA010101010000000000000000000000000000000001010101010101010101010105E
S32580025AC01010101000000000000000000000000000000000101010101010101010109810B6
S32580025AE000A89810000000000000000000000000000000001010101010101010101010100E
S32580025B001010101000000000000000000000000000000000801000808010101010101010BD
S32580025B201010101000000000000000000000000000000000100010101010101010101010ED
S32580025B4010101010020000000000000000000000000000000000000000000000100000006B
S32580025B600010101008000000000000000000000000000000C0A00000101010101010101085
S32580025B80101010100900000000000000000000000000000000000000000000000000100024
S32580025BA01010101000000000000000000000000000000000001000000000000000000010FD
S32580025BC01010101000000000000000000000000000000000000000000000000034AD038099
S32580025BE034AD038034AD038034AD03801006000000000000123054000700830406000000B1
S32580025C0010060000000000001230540007008304060101001006000000000000123054000E
S32580025C2007003408060202001006000000000000123054000700340806030300EC5B0280CB
S32580025C40505C028000010000FFFFFFFFFF0304000001020301FF000000FF00000100FFFF87
S32580025C600000FFFF985C0280B05C0280185D0280D85C0280E85C0280F85C0280085D02806A
S32580025C808C5C02800200020202000000C30F00000000C03F00005100000000000F010100D7
S32580025CA000000000000000000F01010000000000585C028000033F00C2300400FFEF0000EF
S32580025CC003000002545C028000003F00C2300400FFEF000303510002080000000000000081
S32580025CE0000000000000000008000000000000000000000000000000FF0000000000000015
S32580025D00FF00000000000000FF00000000000000FF00000000000000605C028001000000BF
S32580025D205C5C0280010000004550535F544332333400000015000000040000000C00000004
S32580025D4009000000080000000900000009000000090000000C00000005000000910000F7F6
S32580025D6039FF48532028DF1F40806D0003CC6D0075CC6D00E7CC40A46D00F4CB910000F720
S32580025D8009AFC808F9FF0C63910000F709AFCA08F9FF1063910000F709AFCC08F9FF14638C
S32580025DA0910000F709AFD008F9FF1863910000F709AFD208F9FF1C636D0028B06D005856DF
S32580025DC06D00CC196D00B8CA6D002E626D0008CB910000F739FFB0B3EE056D0001C16D000B
S32580025DE02DCA6D009D056D00C5631D00DF6300006D001E1B1D00BEA0910000F739FF60538D
S32580025E0020486E0A9E119E22DF3F2200DF4F3900DF5F470000906D0053CB91100047D9445F
S32580025E2080DB1D007FCB1D008D18911000F7D9FF9CCB40F46D0054CB9110002709FF0209E4
S32580025E40592FBCCB6D0044CB1D00FE9482346D00FDCA6D00BDC86D00B3196D00C31740A440
S32580025E6049A5180A49A6300A82646D00271A826440A449A5180A49A6300A1D0041C86D0037
S32580025E80C5C8911000F7D9FF9CCB40F46D0028CB9110002709FF0209592F84DB00906D00C3
S32580025EA08B18910000F739FF84831E29910000F739FF8883C21FE9FF8883009082441D0097
S32580025EC069C70000910000F7D9FF605314FF6E071E1D9E259E3A9E4B9E5E009082046D0031
S32580025EE0B5CA6D007FC8DA013C1E82146D00AECA6D0098C86D004EC8DA023C156D007CC809
S32580025F006D005CC8DA033C0FDA043C0D6D004CC8DA053C096D0020C882546D0097CA6D000E
S32580025F202FC8DA0034FF0090910000F7D9FF545314FFC21F34FF6D00530D6D0041589100B3
S32580025F400027392F5853DE1E14FFAE056D00EA0B6D00020C14FF1603EE036D00EB0B14F05C
S32580025F60DA144BF01102F6156D00B00B6D00EC0B14F0DAC84BF01102F6156D009D0BDA00D8
S32580025F8034FF00906D00600B6D008204910000F7DA01E9FF58536D00F5AD910000F739FF26
S32580025FA0AC23EE126D00040D6D00EE576D00AC186D003C946D0008AF910000F7DA01E9FF7D
S32580025FC05C536D006156910000F7DA01E9FFB423009000001D00889C61003BD16D00420057
S32580025FE0610087D110FC09C05F08536020F08200102F4922080AA8685700212849224008C0
S325800260000B9810486D006001029440C4DA002CFF1D0086013704E4828FF4019102846D0043
S325800260202100911000F799FFEC5B534922F00B89104801F802F6D4FFC82F10FC09CF5F08A0
S32580026040536F20F0102FA8696D003E01028440C4DA002CFF1D00180282120F42002000908F
S325800260606100A0D1009000003704E222009000008F041FF08FFF0021009000002654325684
S325800260800F64002000900000BBF0FF1F91100027D922E01A89218C088200911000F78213E2
S325800260A09120005899F4EC5BD9550000A016DA010F0F00F016036E045442AB0F80F26E13E0
S325800260C0145F8202A03C534F22F01027DAFF407FA8612CFE28F389FF1008B06FFCCA897214
S325800260E008097472C210B044B015FD60E27F0090DF2509807B1010F0912000FF89FF20399F
S325800261003C0D8FA420F0912000FFD9FF402010FFDA010F5F00F089FF1849610043D1536525
S3258002612020F0102F49FF0C0A083F1E1ADA0109F0C008492F080A57F0212049F240080090EA
S32580026140911000C7D9CCEC5BF4C4820920080C4C8F3F00806D00708D912000DF74D86D009F
S325800261601F8E54DF160234AF14AF06FF34AF8F1800F114A03A0FAA19DF099500D4C49120F3
S3258002618000EF49EE002A4945080AD45FA01254FFB71F8107485FA6F0484FA6F0483FA6F06A
S325800261A074E0DA00D45F90FF4810912000FF49FF202A90FFC21F74F0FC268200912000FFA5
S325800261C089F00059A016DA010F0F00F016036E045441AB0F80F16E2FD44F8FA02020D4F286
S325800261E0D45F542F09F15808A6F16100C0D101F200F6A01774F14C214922080AB73F02FC9B
S325800262006CF1DA00912000FFD9FF602001F200F6442190FFC21F74F1FC76F6083B0001F5F3
S32580026220912000FF59FF40703C06DA10912000FF59FF8070C210B044FD60C77F82086D009A
S32580026240FB8C823074D06D00AB8D54DF160234AF14A006F034A014A0BA10AA18DF081700AA
S32580026260D4CF820808CF8F3F00906D00E58C74D96D00968D54DF160234AF14AF06FF34AFA0
S325800262808F1900F114A03A0FAA18768CBBF0390D54EF9BF00000260FB71F81FF74EF1DFF53
S325800262A0F5FE0090610048D016015E1482051DFF21FF0090610040D016025E2482151DFFC0
S325800262C019FF0090911000F799FFEC5B01F402F6D4FF534522F0C8221022C81CD42D04D9CF
S325800262E06100FAD010FE04D053C021F010CF54F802846DFFBFFE01E202F6B718810A09F1DC
S3258002630000697B0000272621A60189F10069C2F9DA0059FF0080DF09E8FF0090404C09CBED
S3258002632004090248200802B46DFFA0FE8FA820F09120002FD9224020102D09C45F08610042
S32580026340C4D0BB0000A8F4A28F4240C149D2385A9B0A08A889A28409DF1430806DFF7EFE11
S32580026360610045D0D4AF02B4820674F03B00F050D80109C0DC0874F06DFF82FE02288206F7
S3258002638002B43B0000536DFF7BFE6100D1D06DFF77FE6100DCD06DFF73FE8FC201F0A6A8EF
S325800263A0A698A68DA6FD89DD202909CFDC0889DF282989DC242900906DFF50FE610017D0D9
S325800263C0D4A202B43B00D0F074208206D80109C0DC083B00F05074F049DF042A74FF6DFF58
S325800263E04FFE022F820602B43B0000536DFF48FE61009ED06DFF44FE6100A9D06DFF40FE18
S32580026400A6AF91100027A6F9A6D98FC20100A69089D0002949DD102A9922EC5BD4C401288C
S3258002642002261449D4220C41092E8409DF1923006100C2CF6DFF1EFE8F024AF182283C0CF5
S32580026440D4C201280026142F6100B6CF6DFF12FE8F0242F1C21874DF3F98F4FFD4C20128B0
S325800264600026142F6100A8CF6DFF04FE8F0242F13C076100A1CF6DFFFDFD8F024AF174DF88
S3258002648074FC00900249404C820809C45F08200861006DD08FA920F010FD610016D0F4A2E7
S325800264A049D2385A89A28409DF141F806DFFD6FD74E209CFDC0874FFD4AF09CFDC0874FFE7
S325800264C0D80109CFDC0874FF09CF6008BA1FAB08A18F09CFDC0889DF28293B1020F0A6F8C2
S325800264E089D8242900906DFFB9FD610080CFD4AF49DE042A74F0D80109C0DC0874F009C015
S325800265006008BA10AB08A28F3B00D0F074EFDA01D4CF14FA911000F799FFEC5B01F902F68A
S32580026520D4FFC81F3C0FD4C21022142053C0210001F0002654246DFF9DFDA68289D210294D
S32580026540C21F3FAFF2FFD4C21022142F53CF21F010FF54F46DFF8EFDA68289D210293B1060
S3258002656020F074EF009000000D0000020D00000382046DFF99FE0D00400200800D0000020A
S325800265800D00000382046DFF97FE0D00400200800D0000020D00000382146DFF85FE0D005C
S325800265A0400200800D0000020D00000382146DFF83FE0D00400200800D0000030080000090
S325800265C08208911000F799F48CCB6D00BF06DF6205803B2003803C0E6100DDD5820089F0FF
S325800265E0A408610030D6A6F006F06870DA0189FF2608028200900000911000C7D9CC8CCB93
S32580026600D4CD40DE40D46D00A1060229DF390400DF49048082083C3CDF190400DF2937805B
S325800266206100AACF0FF0A0A0820BD4C4DF19188082086D008B06DF120680D4CFDA0034FF55
S325800266403C14D4C46D008206F627D4C482046D00D10602283C0A3B2003803C0782086D00CE
S325800266607506BA22AB28838FB01E40E46D006E06DF620300F4CEC21B7FBAD9FF40D46D000E
S325800266806506DF620600F4CD3C033B20038002820090000061008BCF610092D334256D0087
S325800266A08D068202009000008208610080CFBB00F02F09F0C4088FF00FF126208F8F2010BF
S325800266C08680A601DF011180082FEE048F0441F13C045E1A8FF40DF1342F8FFF075134254B
S325800266E06D006C063C033B100380028200900000610051D5082F61007CD349FE030A3C21F3
S3258002670004EA8208D4C46D002106DF120580D4C2342A3C0DD4C46D001906F627D4C402A41B
S325800267206D00680602283C033B200380B01D40D46D000C06DF620300F4CDC2193709689037
S3258002674092303F09DF7F80DF6CF30282009000002008610053CE61009FD5F4A2492D020AE0
S32580026760A05E04D88209D4F46D00F005DF120580D4F234283C0DD4F46D00E805F627D4F41A
S3258002678002846D00370602293C033B200390B01C40C46D00DB05DF620300F4FCFDE0E37F59
S325800267A080CFD4AF02926CF3009000006100F3D4DA022CFBDA012CFC8202009061006CD518
S325800267C00923420849240B0AFF434C808F4320F091200058D9554092105F14F0DF004200AC
S325800267E0081F6E3FE20F927006D042F037007010C816820002023C05C210646237007000A7
S325800268003F10FCFF14F034408200405F020F3C0909F15000C21042F1370168F03700680039
S325800268203F30F8FF2C2C5343210061003AD501F0004682022C4C8F4320F0105F14FF6E0CDA
S32580026840081F6E0A911000F7D9FFE45B34F3022F2CF12CF23C033B2003204C21744F009052
S325800268608202344200900000610095D409FF67082CFBDA002CFC02F200900000910000F790
S32580026880DA00E9FF97A28202009000006D0048056100BDD26D00840534C2DA006CF76CF82A
S325800268A061005BD214C4610010D534C51D008605610006D5DA00C5022F0024FFFC2F009019
S325800268C082086100DFD4D4F46D004005022FC8146D003C051E63DF6205803B2003803C08F4
S325800268E061004ACEA6F06880DA0189FF2608028200900000024F404F8208FF2F06806D00E9
S325800269002505DF6205803B2003803C0791100027D9228CCB9022F42F028200903B800040E0
S32580026920911000C70245D9CC84CB40C420186D003307DF123C803B000320820861002BD454
S3258002694049FE260A14EF49FD270A14D9EE1E40F2A07404C0342089280808B012FC4B14D4B5
S3258002696014F06F740A00DA247FF0138061002FCE2D0200003C0DDF100C80610021D234D5F0
S325800269806D001C0582023C043B000120821814DFAE736F790C00289261006DD414EF6E0250
S325800269A076853B6063406D0003056100F4D3F80149FC270A820809F01C05DF002C00DAFF82
S325800269C03F0F0580020F02813C053B0010F01B00F01F74F1D80149F2240A09F0E408610035
S325800269E051D4D4F40942C200422037007000C2FFEEFAF4F4B420F61ED801DA022CFB09FFAF
S32580026A00E408ACF62898610051D46D00D10489F82608D80109F02005DF001D00610020D4E1
S32580026A2074F091100027D9228CCBD424402509568405C2FF04402460EEFDF456F42454FFE2
S32580026A40EE09D8012898610031D46D00B10489F826088209029C3C5A610023D4534921F023
S32580026A6010F2492D0E0A14DF6E50D801542F492E0D0A49F4180A744F492F0B0AF80414F2B2
S32580026A8014E03F204180D8010C2C821349F5100A122034506100FBD38F4920F010FFC82296
S32580026AA0BC2461001FD43C28081F82046E1E610077D38B31A0F2542AAA41371B08B0DF0131
S32580026AC0150002AF60F2DA0001530066C21F0420370F68F03460C213370368303F1FF6FF51
S32580026AE061006BCD3FF4E5FF015300F63C03C21324F8BF83FEFF544440546D005904D804D3
S32580026B00610045CDC21C3C02C219FF490480BF3CA5FF14CF82096F5F0201911000C7D9CCCC
S32580026B20D00A89AC88090CCFDF0FF4000CCADF0FF1800CCE6E0709CFC808C21FACC41D00D6
S32580026B40E90009CFC608DF1FE380610018D36100B2D38F4920F0F4A2102FC825BD054E00D1
S32580026B6082018202081F02236E3A1371205314F0C8128F7500F18F1F006053C021F0102462
S32580026B808FD51FF0012502269044542A0940C00891200048D944506201460146325609441E
S32580026BA0C00826400F6010008B30A0F2AA40370B08B0DF00150002AF60F2DA000152004605
S32580026BC0C2120424C21F3444370268203F0FF87FC21337036830081F3FF3C9FF0152002611
S32580026BE03C03C2122428BF72FEFFC2110CCD37016810B0757F1FB7FF820E89AE0C091D00B2
S32580026C008100534F21F0D80210F4494D0E0A14DF6E75D801544F494E0D0A49F5180A745FF9
S32580026C20494F0B0A14F114E03F10678009A284090C4C82124926100A121034605803D4A2BC
S32580026C408F4F20000120004609428809BC2B537120F04964010AA0671022042F244FFC7E9F
S32580026C603C450C4182036E3B137120431440094784098F7400F18F1F005053C021F01072E0
S32580026C808FD41FF090220920C00891200028D9225062012501263255092FC0080174022660
S32580026CA026F0542C0F5010008B30A0F2AA40DF00170002CF60F2DA0001620076C21F04243B
S32580026CC0370F68F03474C212370268203F0FF6FFC213370368300C413FF3C8FF0162002698
S32580026CE03C03C2122428BF82FEFF545440646D005F0361004CCCC21E3C045803C21F780304
S32580026D005803FF4F0780BF3E7EFF3C03C2FFACC3C21949CC140ABF4908FF0090910000F79D
S32580026D2039F88EA261006ACB8209823A3C31D4F46D000C03DF220A808209D4F46D00060388
S32580026D40BA22AB29839F3C1AD4F46D00FF02DF320700D4F46D00FA02DF420F808209D4F401
S32580026D606D00F402DF320B00D4F46D00EF02BA42AB29839F3C033B200390B01C40C46D008A
S32580026D80E502DF620300F4FCC21A370A68A09A383FFACF7F02920090610030CBA05DD4F48D
S32580026DA06D00D402DF220A808208D4F46D00CE02BA22AB28838F3C1AD4F46D00C702DF32C8
S32580026DC00700D4F46D00C202DF420F808208D4F46D00BC02DF320B00D4F46D00B702BA42F8
S32580026DE0AB28838F3C033B200380B01C40C46D00AD02DF620300F4FCFDD0D37F02820090B6
S32580026E006100C9D10820820208310843FF4015808F4020F061003BD210FF14FF7FF10D807F
S32580026E20081F7FF30A80911000F7D9FFE45B34F02811282300903B20032000906100A6D1DA
S32580026E40082F8208FF2F078040C46D007F02DF6205803B2003803C05610014D290FFF4FC97
S32580026E60028200906100A3CB082F8F840B511647A6F534258F4400F18200EE066F250500DD
S32580026E806100ADD13C0B14256E096F250880610017D2C5022F0024F0FC2F6D008F02820277
S32580026EA000900000610072D1820802893C3140C46D004C02DF121F0040C46D004702F626EF
S32580026EC040C46D006B02022A3C1940C46D003E02DF22110040C46D003902DF320C0040C43B
S32580026EE06D003402DF42070040C46D002F02DF52048014CA3C033B200380DA323E8601F923
S32580026F000026B01C892A0B08C21937096890082F7FF90480DF08CD7F0282009082086100B9
S32580026F20BBD109204308FF405480534021F091100077D977D00A107FC506130049F40C0A10
S32580026F40144254F140F52458FC6F74F1344209214208DF110400DF21288086409120004848
S32580026F60D9444092014000460C2414403F0F05803B2003803C022CFDDF0818800C252CFAA1
S32580026F80092FC60849F4040AEE02DA01B44F09FFC408ACF3DF110580DA012CFF3C06DA013F
S32580026FA089FF10083C0228F882000924670402013C06534021F0107F61003FD1F613BF4040
S32580026FC0FAFF610033D134256D00F8013C033B20038002820090000091000047D9448CA2B8
S32580026FE082000C42020191100027D922D00A6E0C402FA03509FF50086E03DA012CFF49FFBC
S32580027000140AFC593C08402FC21128F049FF140ABF41FCFF0944670402013C06534021F0D5
S32580027020102F61000AD1F613BF40FAFF6100FED034456D00C301820200900000910000F7D7
S32580027040DA43E9FF97A282020090000020086100D0CE910000E7D9EE8CA249EF020AF4AFDB
S325800270603C31820840D46D007101DF121F0040D46D006C01F62640D46D009001022A3C19F1
S3258002708040D46D006301DF22110040D46D005E01DF320C0040D46D005901DF42070040D45D
S325800270A06D005401DF52048014DA3C033B200380DA323E8401E900F6288AC219B01D37097E
S325800270C06890D4AF14FFC23F3FF9CDFF40D46D003D01DF620300F4CD02820090820A6100D0
S325800270E05AD0082F481037F908901E151E24BA4FAB2A83AFDF0AF380020860046D002601A4
S32580027100DF62710091100047D944E45B54409120006837006810D9664092370068549120E0
S325800271200058D95550628641016100F653752000C8128F7000F108178F1F002014FF06D0E8
S3258002714053CF21F082041022024301200226092FC0080152012632520920C008260F0F2FCC
S3258002716010008B3060F2EA403C221375200414F2C812C2148F7000F18F1F001053C221F0AC
S3258002718006D0102237046840012002260920C008015101263251092FC00826F00F10100001
S325800271A08B3060F2EA4042033703683037060860370668F06E035F47DAFFA237370768F060
S325800271C0370968007F0F2380144040428F4020F009214104106F820A4945020A14FFC2FFB1
S325800271E07E143B2003A03C12C21137016810FF400E808F4020F0106F14FF7FF10880081F49
S325800272006E0534403421DA00345FDF0A688091100077D977E45B1474407C09C54204407DB0
S3258002722009D64104610047D08F4420F0102F3709687040F409404104C81503600A05AB082C
S325800272408087015002668FD01F307468144114F203210AF3823290548F7000F10941C00846
S325800272608F1F00000F020020BBF0FFFFC6F28B3720F326210F0F10F0A6F1B441081FC2FF98
S32580027280FE5A14FFC2FF5F6F27006100C5CDC2FF7E643B2003A03C1F9A16370F6800FF44B5
S325800272A01B806100B9CD7FF01780081F6E14020682053C119A15370F6800FF440B806100AD
S325800272C0ABCD7FF60780081F7FF0048002053C033B2003A034C534D6347402A20090000075
S325800272E03B00032000900000910000F7D9FF8CA2DA242CFB820428C4DA432CFD28E4911000
S325800273000047D94458DB1DFFF7FA0000910000F7DA0059FF98A28202009000006DFFCAFA09
S325800273206100EACF91100027DA00E92F1C6C91100027D92258DBDA02892F0E00A03404FFFA
S32580027340242FFC4E00900000804F7B0000073F0F0A80BBF0FF0D9B2000073FF0048082128F
S3258002736000907B0000083F0F0A80BBF0FF0F9BF0FF093FF00480823200907B00F00A3F0F94
S325800273800A80BBF0FF0F9BF0F00A3FF004808242009082620090000014420090911000F7A4
S325800273A039F21C6C00900000820200902008F4A4823440A41D0032028F4400F1EE106F25ED
S325800273C00F00911000F7D9FFE85B91100027D92266DBA034042F24FFFC4E3C066E056F25A2
S325800273E00480610089CF911000F7E9F51C6C009034448202009000006D001E84DA00A5FF21
S3258002740080826D00CD84C5FF9C8214FFB70F01F034FF14FFB70F81F034FF14FFB70F01F1FD
S3258002742034FF14FFB70F81F134FF3B309CF0A5FFA482DA1EA5FF94923B000BF3A5FFB09271
S32580027440C5FFB49214FFB70F01F034FF14FF960234FF14FFB76F03F134FF14FF966034FF23
S32580027460C5FFB59214FFB72F02F034FF14FFB70F02F134FF3B104EF0A5FF8092A5FF849263
S32580027480A5FF8892DA0AA5FF9C92DA6425FFA882C5FFA98214FF960134FF14FF960234FFBA
S325800274A014FF960434FF3B1011F0A5FFA8923B00A0F2A5FFA092C5FF88A214FFB70F06F0DA
S325800274C034FF14FFB70F81F334FFC5FF80A214FF963F34FFC5F281A2142FB70F06F0342F34
S325800274E014FFB70F81F334FF142F9680342FDA00A5FF8C823B40F0F7A5FF84A23B0080F362
S32580027500A5FFACA23B001CF0A5FFB0A2A5FFA8A23B0047F0914000FF59FF68083B1047F03A
S3258002752059FF6C083B0004F4A5FFB89205FF9486B70F01F325FF948205FF918696C025FF2F
S32580027540918200900D000002C5FFA0A254FF2E6B85FFA8A29640A5FFA8A26D00D59B6DFF24
S325800275604DF43C0C54FF2E7A85FFA8A29680A5FFA8A26D00D99B6DFFA7F40D004002008076
S3258002758085FFA0A22E8785FFA8A28F0F50F1A5FFA8A20080A5F48092A5F58492A5F68892BD
S325800275A085FFB8923B000404A60FA5FFB8920090911000F739FF6E2B370FE12100900000BE
S325800275C0911000F7D9FF6E2B081F167F8F8F2000082FA6F04B0061F17B00C8034B0F414095
S325800275E01D000FF9911000F739FF6F2B370FE12300900000911000F7D9FF562B082F160F4D
S325800276008FBF2000083F863FA6F0084F370FE3F2A6F04B0061F17B00E8034B0F41401D00CF
S32580027620F0F80000911000F739FF5D2B370FE12200900000911000F739FF7E1B370F622276
S3258002764000900000911000F7D9FF9CBBDA08ACF291100027D922762B802074F0911000F7CB
S32580027660D9FFA4BBACF291100027D9227E2B802074F0911000F7D9FFACBBACF29110002700
S32580027680D922463B802074F0911000F7D9FFB4BBACF291100027D9224E3B802074F0911074
S325800276A000F7F9FF80CB00903BB000403B8000501D00720061002FD0610050C76D006C0002
S325800276C061007BCF00900000610001D0610046C76D0062006100C0CF610088CE610000D0A0
S325800276E061003CC76D0058006100C7CF61007ECE6100FFCF610032C76D004E00610087CE3B
S3258002770061008FCF6D004800610005CF6100FACF610024C76D0040006100BBCE009000009B
S32580027720610076CF6D00380061001CD0009000006100C6CF610012C76D002E006100E9CDB7
S3258002774000900000821491100047D9449CBB1D0065000000820491100047D944A4BB6D0046
S325800277605D00910000F739FF4C535E18825491100047D944ACBB6D005100910000F739FF8F
S3258002778050535E18826491100047D944B4BB1D0045000090610068D040F2092F4404DE10C3
S325800277A0085F82006E0949F5060A045F244FC210085F3FF0FC7FDA00342F821200908202F5
S325800277C000900000200861004FD074F52856DA012CF482004042085F6E0949F5060A042FA4
S325800277E0245FC210085F3FF0FC7F912000F8D9FF40A209FFF8087E543B1001403C0609FF88
S32580027800FE087E593B200140F4A489A6840840A41D00EE02009000002010DF3473800D0050
S325800278204003910000C7D9CCA8B314CFEE18DA0334AF91200028D92248B2092FDC0889AF5A
S325800278400209D44F092F5E082CA1F80240A40924DA086D00A709DA0134CF3C5014C0DA14D1
S325800278607FF04D8091000057D955A4B31450912000F814C3D9FF48B2423091100027D922EC
S32580027880B82A09F4DC0809F55E0809F6DA0809F1D8087FF019006100D4CFB4F16100D1CF4C
S325800278A089F682046100CDCF89F484046100C9CF89F50604DA00A07F6100C8CFC21F342092
S325800278C0FCFC3C196100BDCF89F1A0D86100B9CF89F6A2D86100B5CF89F4A4D86100B1CF53
S325800278E089F526D8DA00A07F6100B0CFC21F892020D8FCFB14CFC21F34CF0D0000030090CB
S32580027900912000F8D9FF48B201F4032634A4D44F092FC40889AF020940A40C262CA1F80227
S325800279200924C2081D003E092010DF343C80910000F7D9FFA8B314FF6E3914FF9100002725
S32580027940C2FF34FFD922A4B3DA1314207FF00680142FC21F342F3C03DA00342F14FF6E2699
S3258002796091100047142FD944B82AD04F09FFC00834AF142FD04F09FFC40889AF0209142FC7
S32580027980D04F086F2CA1911000F7142FD9FF980AD0FFF802142FD04F40A409F4C2081D00B4
S325800279A00109DF4404801D00AB030090DA0091100027D922B8BAA0248200A005402F49225F
S325800279C0200A34FF2CF1ACF12CF42850E825ACF6ACF7ACF889FF1C08FC42009082089120C5
S325800279E000C80289D9CC48C22018610064CFF805A02FF80409A29409402F085F4922200AB6
S32580027A0089A29409DF0FEA011E241E13DF6F31811E17DF2F2E00DF6F84001D00DF01FF2962
S32580027A20DD81C8228212A00D7D2D0C8009C0C00809F5CE083700684049F4080A6D00C44BF0
S32580027A40C8227D2D0A000920C40809F1CC087F010480610035CF91000027E922ACB3610051
S32580027A6010CFAB98A0526D00ED4B1D00AB01FF29B581C8228212A00D7D2D0A80610001CF0E
S32580027A8009F5CE0849F4080A6D009E4BC8227D2D0A00092FC40809F0CC087FF00480610022
S32580027AA00FCF91100027E922186CDF021E808230285049A2080AF4A2DA00ACA2DA302CA8C7
S32580027AC0DA01ACA289A80908DA02ACA289A80A0889A0840809AFC408D4A26100D7CEACA243
S32580027AE0BF8FFAFF3C16DA042CF549A2080AF4A2DA00ACA2DA322CA8DA01ACA209AFC4081E
S32580027B00D4A26100C3CEACA209AFC408BF8FF8FFDA0E2CF440A409C445081D004F0109FFE3
S32580027B20CE088F2900008B8FA0F2C21F610009CF012000268200492E38FA40A2821589A253
S32580027B40880989A08C081E16DF2F3F0014E41D00CB00C82209F0CE08025F34A0370068B0B1
S32580027B60ACA6820AA00D7D2D078014E449F4080A6D00424BC8227D2D20008200DF0B14004C
S32580027B8009A2880909A1CC08012100266100E4CE1442342261008ACE9A11ACA661007ACE3D
S32580027BA03FB0F0FF821A3C0809AFCC0809A2880961006CCEACA609AFCC08BF8FF7FF02AF49
S32580027BC06E50DA073C473B00F0F009F0CE08820AA00D260F868F961034AFDA01ACA6DA02FC
S32580027BE009A2880989200108ACA6C8227D2D078014E449F4080A6D00FF4AC8227D2D2300EE
S32580027C00A05209A48809C82509FFCC0809A0CC08D455014000461055145F344F610046CEE6
S32580027C209A10ACA609FFCC08C21FACF6FD20EB7F821A3C0809AFCC0809A28809610026CEDD
S32580027C40ACA609AFCC08BF8FF7FF76ABDA0134FFDA082CF5DA322CF409E441081D00AC001D
S32580027C6014E43B9000506D006D4B1D00AB00084F6E03C2FF2CF40840760B085F5E5991104B
S32580027C800027D922146C142F7F0F03803420DF00A580085F9E389E479E569E7D3B80000022
S32580027CA0BE0A3B900000BE073BA00000BE0F3BB00000BE013BC000003E0E3BD000003E0BF7
S32580027CC01D008C00FF297D806100DBCD82156D00B94A3C768F2900F0610033CE10228215B9
S32580027CE0092478F86D002E4B3C6B8F2900F0610028CE102209F0CE0809F1D008492D38FA58
S32580027D00A21040A2370070B089A28809820A14F089AA8C088B00020034A0DA01ACA6FF8BC5
S32580027D20048002FA3C02827BC822A00E7D2E078014D449F4080A6D005F4AC8227D2E1F0035
S32580027D408200DF0B1C0009A2880909A1CC0801210026610001CE144F342F6100A7CD9A119B
S32580027D60ACA6610097CD3FB0F0FF3C0809AFCC0809A2880961008ACDACA609AFCC08BF8F96
S32580027D80F7FF76A3DA0B3C0E09FFC2086E03C2FFACF109FFC2086E05DA0C2CF5081F3C04C9
S32580027DA0DA0D2CF5DA322CF414FFC21F160F34FF09D4410849A4080A6DFF30FD3C0EA00D06
S32580027DC034F82818DA00ACF128482858E82DACF6ACF7ACF889F81C08D804C219B06CB0FF23
S32580027DE0F804B01FFDF0087E009000008208404C02890283028502873BF00F603C2953673E
S32580027E0020F06100A3CD082F5F4F2280083F5E19D4C23B00032014208F000F113F211080ED
S32580027E20EE16D4C2084114205F011280092141083B0003208F010F117F210A806E0402038F
S32580027E4082053C048215092341080276C217FF270580DAFF5F6FD57F026ADAFFFEA102FAF0
S32580027E60912000F8028F3C0639FF56C23AF4AA0ADA01EE04DAFF5FAFF97FD4CF14F3DAFF1D
S32580027E805FAF4B00536A20F0610060CD8F030F01760ADA10BE0BDA205F0F2500DA305F0FCC
S32580027EA024003C39D4C2821801250026142F8FFF0091BF890580083FDF1F2E00BF790480C7
S32580027EC0083F6E29DF0929803C26D4CF822814F0081F8FF000018F80209042F9FF891D8032
S32580027EE03C1A82383C198FF300F1EE0382483C141E12DE2109FFC0088208370F6840821509
S32580027F006D00A04961002ECDDA0089FF0014610000CD3C028208DAFF3EA9DF180900DF28F4
S32580027F203000DF385500DF48910000906100FDCC0C23370968808B1F2002085F8B1000A0E6
S32580027F406E0C0920C0088215370068406D007A49DA0034FF6100DDCC49F2140A3C0AD4C43A
S32580027F60014A00461044C21F1440370F68F024203F8FF7FF89F91C08A878DA013C64610017
S32580027F80D4CC09C0C408DA085F0F2180085F6E0A610072CC82156D005549DA0034FF6100A5
S32580027FA0B8CC820049F2140AA054D4C501500056C2100C52242FFC4ADA0689FF1C08A87930
S32580027FC0DA022CF514FFC21F34FF00906100ADCCD4C409F1CE0809F2D008144FA2218FFF9C
S32580027FE00001085F3701701082031E5382153C2514FF3E0382553C21C21F160F34FFFF81AA
S32580028000048082133C02827182003C0F6100A4CCD4C501500056C2100C51344F370068005F
S3258002802009F2CC089A12ACF63F10F2FF09F0D0084201A8817637820561001ECC6D000249E7
S325800280403C38DA052CF5009061008CCC49FF001A610077CC012A0226085F3B9000005F0FE2
S325800280602480D4C40C41ACF1EE04BBF0FFFFACF1D4C4094042088B0018F0370F6810DA7054
S325800280803FF11480DAF93F0F1180DA7F7F0F0580DA002CF13C05DA054BF011022810DA0AF5
S325800280A02CF5DA002CF40090142482156D004A49DA0034FF61002DCC009000003BF00F008D
S325800280C0912000F8DA003C0639FF54C23AF4AA00DA01EE04DAFF5F0FF97FDAFF3E0F065025
S325800280E06100E9CB01F000F649FF001A085FEE06094FC408ACF7DA062CF500903BF00F109D
S3258002810091200028DA003C18392F55C2911000F7D9FFB8CAFE40085F1E7D3B8000003E0A1C
S325800281203BC000003E073BB000003E043BD000007E028201DA01EE04DAFF5F1FE77FDAFFD9
S325800281405F1F27008F5100F06100ACCB49FF001A085F1E7E3B8000003E0D3BB000003E08AE
S325800281603BC000003E093BD000003E043C0882053C07DA093C3BDA0A2CF5009082156100F3
S32580028180E0CB0121022614246D00DC483C3F3BF00F20912000F80220D9FF54C2DA003C05F0
S325800281A0081F3AF4AA00DA01EE04DAFF5F0FFA7F820101F002263C0C536120F06100C6CB11
S325800281C0085F7E4508200C223AF02A12C211FF210580DAFF5F2FF27FDAFF3E2B8F5220F0AE
S325800281E0610060CB085F5E36DA052CF5DA322CF40090536220F091200028D92248C21022DF
S3258002820061003ACB82156D001D48DA0034FF610080CB009020106100CBCBF4C482006100FC
S32580028220B3CB91100027D9222C6C910000D7D9DD9CC340D502083C07C21024F83700700069
S3258002824024282458094166083F10F8FF34A83C11DA00A07F14A091100027D922A88B0120E3
S3258002826003261022C21F3428FCF614A0C21034A014AFBF2FEFFF911000F7D9FF58DA8200CF
S32580028280F8020201911000F73BF00F90D9FF58AAF803911000E7D9EEB4CBA05201E000F68B
S325800282A08F5020F0A07534F9D80210F4D80310FF644164F1FC5EC210FC2261006ACBA05271
S325800282C0A07424F8FC4FFC2D74A1820A89A804083C3B6D00B17C610066CB0CA490F20CA40F
S325800282E0D422542090F2B7000100D42274200CA490F2D422542F74AF6D00527D0CA490F28C
S32580028300D422542F160286FF2CA50CA56E03821A3C180CA490F2D422092F0879B72F040011
S325800283200CA490F2D422892008796D00857C0CA4D4C290FFD4FF092FE4086CF36D00307DB0
S325800283400CA4C21F2CA40CA4FF2F0480DF0AC37F54AFDF0A1D82820034A8610024CB3C1220
S325800283603B0019F03C02C2FF14A101F10226D422092104796F810300EEF7EA1014AFC21F50
S3258002838034AF14AFBF2FEEFFDF000282D4CF820809F06608DF009B00823AD4CF01F80026E5
S325800283A0092467085F9488005334200091200028D9221C008FD01F20C82433322004012251
S325800283C0002601480246370068B08F422000144F370068C0142091200028D9229812012287
S325800283E002568F100010D45242B042C0370068E08F8B20000120002642C1D922008037011E
S3258002840068D05E14542F96493C03542F9641742F02A6D4F4D4520148014601200026094FC7
S32580028420C008592F0C80D452012000267BF00F00192F0880B70F04F0A6DF592F0880192F8A
S325800284401480A60F592F1480192F0080B70F01F3592F008001E40026536820F03428C84F5C
S3258002846010FF54F56D008404D4CF49F2080AD42F01F802F6082F5E1942CB370B68F061008D
S32580028480A6CA90FF610073CAD42F01F802F6081F5E1761009CCA01FE02F6610068CAD42FD3
S325800284A001F802F614FF5E17610091CA01FD02F661005DCA01D80026C218D4CF37086880DE
S325800284C0342A09FF66083FF86AFFD4CC8204024509C594091D009A00015503660966420899
S325800284E0533620008FD01F30533320700B768000370068205F968700D8028F5620F09120CB
S325800285000078D9779812017302D610F414683C75017302F69AF7D4F20BF680003700680001
S3258002852009210475B701081C8F800100A60174218F080100542FB70F08F8A60F742F542F2C
S32580028540B72F08F0742F3B0019F03C02C2FFD4F2092004796F800300EEFAEA14DF044B80DD
S32580028560D4DF8F5820A001E600268F88001001FA00F68FB83FF019F00801B7000804A610F3
S3258002858059F00801904F8FF801F154F082110FF10010A61074F08F420000D4DF01FA00F633
S325800285A019FF0801D9F30001B70F04F2A60F59FF08013BF0F700CCC2142F9B50FF0090FF07
S325800285C0082F5E16543F26F0B71081F83C03543F260F743FD4DF4C6101FA00F659FF180103
S325800285E03BF03DF0D4DF9BFFFFF001FA00F659FF1C01C218370870800C613F8F0480DF044E
S32580028600897FC2153705705009CFEA087FF50480DF04647FDF04B58009C6980902431D0085
S32580028620AA0053C320F0106F0895533520008FD01F60533620000B058010370168205F9543
S32580028640970091200028D922981201260246C2F00887D4450B0580003700680009510475B2
S32580028660B701081C8F800100A60174515450B70008F88F070100A60F745F545FB72F08F00F
S32580028680745F3B0019F03C02C2FFD445095004796F800300EEFAEA14DF046A800126024639
S325800286A08F57208001E50056D4428F8700100128002619200801B7000804A61059200801A8
S325800286C0481F8F2F0100B710810F592018017B0000F2D4420128002619200C0126F054FF82
S325800286E0912000F88F2F01F0D9FF1C0001F600F6A6F059200C01192F0801B70F040014FF6F
S3258002870042F2A620592008013BF0F700D9220001CCC2145F9B60FF0090FF081F5E16542F8F
S3258002872026F0B71001F83C03542F260F742F3B0080F0D44F8655821101F800F659FF1C01A1
S325800287408FB73FF0D80301F500F690FF8FF701F154F00FF10010A61074F03BF0F5F0D44FAD
S325800287609BFFFFF001F800F659FF1C01C2133703703009CFEC087FF30480DF04547F024F0C
S32580028780EE06911000F7DA01E9FF306C0090000020080248610016C901F800F614FF6100C1
S325800287A00CC910FF14F0DF20C08053382000912000C8D9CC98128FD01FA0910000E701CA36
S325800287C002D68209D9EE0C53D4DF09F0007974A08F5820F091100027D92258AA1022D4DFAE
S325800287E001290226820B542089F000791D008600D4DF8F592000820D01F902F602A409FF1F
S325800288000069D4EF8FFF03C11A0C01FA00F6C21B09F070085200370070506D00910202247E
S3258002882001CA02266100B5C801F803468F5F2020D42FDA194046820701F200F6027E59FFA9
S325800288401C01D42F01F200F619F0180137006B5919F0000101CA02F68F801EF0D4FF8FFF1F
S3258002886000618B96600201F200F6AB868060D9F51001D9FF14013C27FF4E0D808F3E00308C
S325800288805450DAFF0F3F0010261032530F30000034609ACE370F68F0FF4F12808F3700F14A
S325800288A08F3F003054F0DAFF0F3F0010261032530F3000003460C21737076870C21EB01694
S325800288C0370E68E03F6EDAFFD42FDA010FCF00F001F902F682F0C60F89FF0059C21DD42F55
S325800288E0370D68D001F200F619FF1C01AE322E23BF7DA0FF6DFF68F7D4DF3B00020001F995
S3258002890002F609FF0069163F3E033F0B73FFC219D4EF3709689009FF72087F9F5BFFD4DF91
S3258002892054AF89FF007900902008FF746E80533420F08FDF1F90610036C801F902C691002C
S3258002894000D7D4CFD9DD0C5386549110002709F0007974A08208D92258DAD4DF012400E663
S3258002896009F0740809FA73083FA04B80D4CF01EA0226542089F0007961002EC801F903F66C
S325800289803C2CD4C28F5A20000294012A0226C218092F0069D4D28FFF03B11A0B0129002687
S325800289A009206E085200370070506D00D501D4C2865F82F01022DA0A592F1C01DA01D4C2EB
S325800289C00FBF00F0C60F012A0226892F005901F2002614246DFFAAF7D4C23B000200012ABC
S325800289E00226092F0069163F3E033F08CCFFC21AD4DF370A68A009FF74087FAFB9FFD4CF99
S32580028A0054AF89FF00790090910000F799F40C5302462008025F0146002609246708533465
S32580028A2020008FD01F7033372004370068506E07DF1F9E00DF2F9A001D00A70040460962B5
S32580028A4084058202912000783B803030D9779812012602F601770256082008313C0DD45284
S32580028A608F5020F0C2101022C21259231C0137006800370268203F12F4FF09428809012667
S32580028A8002F6081FDF1F49804056D462865482020920007991100027D92258AA012400763C
S32580028AA074A08203D46F01720226542089F000793C1CD46F8F522010C21301F20226092F7D
S32580028AC000698FFF03014201865101F100F6DA1959FF1C018211D46F0F01001082F001F24E
S32580028AE002F6C60189F100593B000200D46F01F202F609FF0069163F3E033F03DCFFC212F9
S32580028B0037026820094F72087F2FCDFFD46F54AF89FF00793C1E8200610063C7D46F0203CA
S32580028B2090FF14F10812017702F63C111A01D4F2865F1022D9221C01542F2E03DA19742FE8
S32580028B40C21037006800C213370368303F23F0FFD45F8F8520F010FF19FF0080B70F01F06F
S32580028B6059FF0080DA023C11DA013C0F61001BC701F702F6D4FF8F8520F010FF19FF008075
S32580028B80960159FF0080DA03610017C701F600F60B6F104834FF6D00CF90820200900000F0
S32580028BA0910000D7D9DD0C53D4DF820920080298404C09FFEC08C852A2F4370470A0012A02
S32580028BC003F6082F14FB533F20008FD01FC06D0043926100E8C601FC02E6D4D23C058B1B1B
S32580028BE00000370070B06100D9C619F01C018F4010F16E07CC2501FA03F6081F3FFBF1FFF5
S32580028C006100CCC6D9FF1C0154FF8F6F10F174AF54AFDF0F90803BB0FFF09BFFFFF074FF98
S32580028C206D001C92D4D5D4E28F5B202009549409012200268205014A03F682F4481F592F95
S32580028C401801D4E209C10209012200268F21011019201801B7001D00A610592018013BF045
S32580028C60F7100CC19B710F10192000018F8F01F02610A6F059200001D4E2012200F6D9F244
S32580028C801001D9FF14013C33FF45138009C488098F3500205421DAFF014500460F2F00307E
S32580028CA01440C64326310F200000A60174219AC5370F68F0FF4F198009C488098F3800F113
S32580028CC054F28F3F001001450046DAFF14400F1F00F082F3C63F26F20F100000A60274F252
S32580028CE0C21837086880C215370568500CC13FF5CDFF015C00F602C409FF6E085AFB370F21
S32580028D0070506D002900610049C63B70CF009BF0FF0059F01C0161005FC601FC03F601F22C
S32580028D2000F614C034F0D4EF10FFDA0459FF1C013C046D0093918229029200908202F64A34
S32580028D40910000F799FF0C53C88F01F501F609F2C00800908202F649910000F799FF0C5333
S32580028D60C87F01F500F614F200900000533420F0912000F8D9FF98128FDF1F00333020F4DC
S32580028D8001F002F6D4F2370F68F08F8F20F01022192000808F00440159200080D4F2102220
S32580028DA059251080D4FF10FF19FF0080B70F01F359FF0080009000000D0000020D00000362
S32580028DC082046DFFB3FD0D00400200800D0000020D00000382046DFFDDFC0D0040020080E1
S32580028DE091100027911000F7392F1C2C91100027E9FF0C2C192FEC3B910000271920D8E2D9
S32580028E00911000F74B0F41F09110002759FFCC0B911000F7192FF03B9110002759FFD00BAA
S32580028E20911000F7192FF82B9110002759FFD40B911000F7192FFC2B9110002759FFD80B9E
S32580028E40911000F7192FC03B9110002759FFDC0B911000F7192FC43B9110002759FFE00BBE
S32580028E60911000F7192FC83B9110002759FFE40B911000F7192FCC3B9110002759FFC41B92
S32580028E80911000F7192FD03B9110002759FFC81B911000F7192FD43B59FFCC1B9110004746
S32580028EA0D944F49B6D00367D91100047D944D01B6D00287D911000F76D0016B259F2D41B55
S32580028EC0610095C56D009A02762414CF960234CF6D00287D762414CF960434CF14C06100CD
S32580028EE091C56E038F804001911000F739FF281C6E038F004101911000F739FF2C1C6E03F4
S32580028F008F004201911000F739FF241C6E038F004401F606910000F739FF78733C0BDA00DA
S32580028F20911000F759FFF00B911000F759FFF40BDA03910000F7E9FF7C7334C01D00D21B95
S32580028F40910000F791000027392F6873E9FF4893911000F791100027192FE02B59FF94DBC9
S32580028F60911000F791100027192FCC3B59FF98DB911000F791100027192FD03B59FF9CDB6D
S32580028F80911000F791100027192FD43B59FFA0DB911000F791100027B92FE0ABF9FFEC7B8D
S32580028FA0911000F791100027B92FE4ABF9FFF07B1D00CE14910000F791000027392F6C7369
S32580028FC0E9FF7083910000F791000027392F7073E9FF7483910000F791000027392F747335
S32580028FE0E9FF4093911000F791100027192FD42B59FFACEB911000F791100027192FDC2BE9
S3258002900059FFB0EB911000F791100027192FD82B59FFB4EB911000F791100027192FC41BAC
S3258002902059FF98EB911000F791100027192FC81B59FF9CEB911000F791100027192FCC1BD4
S3258002904059FFA0EB91100047D94494EB6D005A7C911000F791100027192FF41B59FFB8EB2C
S32580029060911000F791100027192FE41B59FF80FB911000F791100027192FD81B59FFA4EB6C
S32580029080911000F791100027192FDC1B59FFA8EB911000F791100027192FE01B59FFBCEB1C
S325800290A0911000F791100027192FE42B59FFBCDB911000F791100027192FE82B59FF80EB04
S325800290C0911000F791100027192FEC2B59FF84EB911000F791100027192FBCCB59FF88EB88
S325800290E0911000F791100027192F80DB59FF8CEB911000F791100027192F84DB59FF90EB3C
S325800291001D002E166D00BA136D0012156D00AE216D00101A6D00E01E6D0046207B00F0F329
S32580029120911000F759FFF80B911000F759FFFC0B911000F759FFC01B3B0080F0911000F7AF
S32580029140F9FFC0AB911000F7F9FFC4AB910000F7DA01E9FF6453009091100027C920E4DB23
S325800291607B0000F8911000F74B0041017B0098136B1071FF59FFDC3B910000F76D0064B046
S3258002918059F2C8E202246D004913911000F76D00ABB059F2E83B91100047D944E43B6D0004
S325800291A0B17B6D00A12191100047D944FC9B6D00B17B6D00C51E1D00C1120000910000279F
S325800291C0392F6C53911000F7911000C7911000D7911000E7D9FFC8ABD9CCCCABD9DDC0AB58
S325800291E0D9EEC4ABDF1F5280911000271920D01B91000027192FD0E24BF001F02E06910052
S325800292000027DA01E92F705391000047194FD4E2910000274BF001F0D92270532E23DA0026
S32580029220342F142F5E176D0021B0B4F26D002EB03C066D003BB0B4F26D003EB0B4C29100BA
S3258002924000F7D9FFCCE27B00F88354FF6D0040B054F14B02610109D2C0086B0131186100B6
S32580029260D6C36D00CEEAB4D254FF6D0037B054F14B02610109E2C0086B0131186100C7C334
S325800292806D00BFEAB4E23C0D6D0022B0B4D26D0025B0B4E26D000AB0B4F26D000DB0B4C247
S325800292A0910000F739FF64535E166100ABC3EE031D00CA1F00900000DF640400821200907A
S325800292C0910000C739C07453911000F7D9FFE42B911000279110007754FFD922E82BD977DE
S325800292E0EC2BDF106580910000C7D9CCDCE254C1910000D76B01310F19D4E0E2542FBBB07A
S32580029300AA6A910000E76B04313F547F9BA6E26319E5E4E2BBB0AA7A9BA7EA736B05312F3F
S325800293206B6061F1744F6B7061F16C417B00F083BBB0AA9A6B8061F16C429BA9F2933B500F
S3258002934055A56B9061F16C439B5AF5A36BA061F16C4454FF6C456B6361F4745F6B7361F4C8
S325800293606C516B8361F46C526B9361F46C536BA361F46C54542F6C556B6261F5746F6B724B
S3258002938061F56C616B8261F56C626B9261F56C636BA261F56C64547F6C6554FF74CF542FFF
S325800293A059DFE0E2547F59EFE4E23C24744F54FF6C4154FF6C4254FF6C4354FF6C4454FFCE
S325800293C06C45542F745F542F6C51542F6C52542F6C53542F6C54542F6C55547F746F547F2B
S325800293E06C61547F6C62547F6C63547F6C64547F6C65820200900000910000F739FF406317
S325800294008B0F0022610013C45E138F224021910000F739FF70635E138F424021910000F78F
S3258002942039FF78635E138F0241210090910000F739FF68632018DF1F2780910000C7D9CC38
S32580029440406314CF8208EE20911000F7D9FF90DB40F46D00577A54FF91000027B70F81FFC8
S3258002946091000047D9225473D9446C631420144161004ECA34413420F617910000F7E9F89D
S32580029480586334C8009014CFDF0F778E910000D7D9DD586314DF6E0EDF1F3300DF2FE20AB4
S325800294A0DF3F130EDF4F130EDF5F3B0EDF6F610E0090610012CA6D00AB8D610096C36D00B9
S325800294C0A78D610096C36D00A38D610096C36D009F8D610096C36D009B8D610096C36D00B0
S325800294E0978D6100F7C86D009748823402856D009348610028C6DF1FB28A1D00380E910052
S3258002950000F739FF7853DF1FA68A91000027D9225063142FDF1F9F8A61005EC4F801DA1164
S3258002952014F0912000F8D9FFA0123F0F750ADA003FF0720A5AF090FFD4FFDC0F610087C3D8
S325800295406D00668D610051C36D00628D610051C36D005E8D610051C36D005A8D610051C347
S325800295606D00568D610051C36D00528D6100CFC482156D005148823402856D004D48610021
S325800295804CC56100D0C26100E3C5DA011D00410A826402856D0040483BE001406D007CB19B
S325800295A0826482156D003848DA021D00320A8200B4A00CA161006DC32CA1610012C409A1C2
S325800295C0C00861006AC3B4AF6100B5C5821414A0024540A437F001F034AF49A5020A6D0098
S325800295E0B58E82146D00D88EBBE0FF9F09A0C20826906100DAC509A1C2086100BEC86D000D
S325800296004BB10D0040038200B4A00CA1B70F85F12CA109AFC00861008EC5821414A0024525
S3258002962040A437F001F034AF49A5020A6D008E8E82146D00B18E09A0C20826906100B5C5FA
S3258002964009A1C208610084C8DF007780EE756100E7C25F0F728034F8610038C28200B4A061
S325800296600CA1610096C32CA16100CDC509A1C00861000DC2B4AF61005EC5821414A0024521
S3258002968040A437F001F034AF49A5020A6D005E8E82146D00818E09A0C2082690610085C52A
S325800296A009A1C20861001FC8B4A00CA1610075C32CA109A1C0086100EFC1B4AF61003BC5B8
S325800296C0821414A0024540A437F001F034AF49A5020A6D003B8E82146D005E8E09A0C20800
S325800296E02690610062C509A1C2086100FCC7B4A00CA1610056C32CA109A1C0086100D1C15F
S32580029700B4AF610018C5821414A0024540A437F001F034AF49A5020A6D00188E82146D00A0
S325800297203B8E09AFC2086100E9C609A1C2086100D0C81D006E096100D2C4FF3F8089DA012C
S325800297401D0086090D0040038200B4A009A14108DA1737F185F12CA109AFC0086100EBC4D0
S32580029760821414A0024540A437F001F034AF49A5020A6D00EB8D82146D000E8EBBE0FF0FCA
S3258002978009AFC20826F0610010C509A1C2086100B3C3DF0FB4876100FFC7EE09DA04911062
S325800297A000F761007FC234681D00320961004CC76F3F92076100B2C3BF3F8E8714FF964007
S325800297C01D003B0361009DC76D0066B06100C6C7B4A009A1410861008CC62CA109A1C00837
S325800297E0610022C6B4AF6100A6C4821414A0024540A437F001F034AF49A5020A6D00A68D60
S3258002980082146D00C98DBBE0FF9F09A0C20826906100CBC409A1C208610069C56D003CB0B9
S32580029820610008C8B4A009A14108610062C62CA109A1C0086100F8C5B4AF61007CC48214A8
S3258002984014A0024540A437F001F034AF49A5020A6D007C8D82146D009F8D09A0C2082690DE
S325800298606100A3C409A1C2086100EBC5B4A009A141086100CFC62CA109AFC008B70F89F04A
S32580029880B4AF610058C4821414A0024540A437F001F034AF49A5020A6D00588D82146D00A1
S325800298A07B8D09A0C208269061007FC409A1C2086100A9C50D0040038200B4A009A14108EF
S325800298C06100DAC32CA109AFC008610034C4821414A0024540A437F001F034AF49A5020AF2
S325800298E06D00348D82146D00578D09AFC208610005C609A1C208610098C4DF0F008714CF94
S32580029900DF0FFD86610067C66F200B00081F2E78147F2E262E452E64DA051DFF42FF6100D0
S325800299202EC66F62D9866100F9C2BF3FD586147F96201D00E7006100E8C66D00ADAF610080
S325800299400DC7B4A009A141086100D3C52CA109A1C008610069C5B4AF6100EDC3821414A0DF
S32580029960024540A437F001F034AF49A5020A6D00ED8C82146D00108DBBE0FF9F09A0C2080D
S325800299802690610012C409A1C2086100B0C46D0083AF61004FC7B4A009A141086100A9C5DD
S325800299A02CA109A1C00861003FC5B4AF6100C3C3821414A0024540A437F001F034AF49A5D3
S325800299C0020A6D00C38C82146D00E68C09A0C20826906100EAC309A1C208610032C5B4A06B
S325800299E009A14108610016C62CA109AFC008B70F89F0B4AF61009FC3821414A0024540A488
S32580029A0037F001F034AF49A5020A6D009F8C82146D00C28C09A0C20826906100C6C309A123
S32580029A20C208610006C50D0040038200B4A009A14108610021C32CA109AFC00861007BC35E
S32580029A40821414A0024540A437F001F034AF49A5020A6D007B8C82146D009E8C09A0C20800
S32580029A6026906100A2C309A1C2086100DEC3DF0F468614DFDF0F43866100ADC56F2038006E
S32580029A80081F6F7F3500147F6F1F32006F3F30006F5F2E00610003C3B70F81F389CF2408E2
S32580029AA08200B4A00CA196F896042CA109A1C0086100C6C6B4AF61003EC3821414A00245F1
S32580029AC040A437F001F034AF49A5020A6D003E8C82146D00618C09AFC20861000FC509A19D
S32580029AE0C2086100E4C0B4F11D00930761005DC56F52F285610012C2BF3FEE85147F961019
S32580029B00347F1D00E9056100F2C56D00C5AE61002BC6B4A009A141086100EBC42CA109A1E7
S32580029B20C008610081C4B4AF610005C3821414A0024540A437F001F034AF49A5020A6D00CC
S32580029B40058C82146D00288CBBE0FF9F09A0C208269061002AC309A1C2086100C8C36D00B8
S32580029B609BAE610072C6B4A009A141086100C1C42CA109A1C008610057C4B4AF6100DBC232
S32580029B80821414A0024540A437F001F034AF49A5020A6D00DB8B82146D00FE8B09A0C20801
S32580029BA02690610002C309A1C20861004AC4B4A009A1410861002EC52CA109AFC008B70FB0
S32580029BC089F0B4AF6100B7C2821414A0024540A437F001F034AF49A5020A6D00B78B821498
S32580029BE06D00DA8B09A0C20826906100DEC209A1C208610008C40D0040038200B4A009A170
S32580029C004108610097C62CA109AFC008610093C2821414A0024540A437F001F034AF49A554
S32580029C20020A6D00938B82146D00B68B09AFC208610064C409A1C2086100F7C2DF0F5F8556
S32580029C4014CFDF0F5C856100D2C46F100B00081F2E78147F2E262E452E64DA071DFFA1FDF5
S32580029C60610051C46F603885610058C1BF3F3485610089BF1D00E10061004BC56D000CAEEA
S32580029C80610072C5B4A009A14108610032C42CA109A1C0086100C8C3B4AF61004CC2821473
S32580029CA014A0024540A437F001F034AF49A5020A6D004C8B82146D006F8BBBE0FF9F09A025
S32580029CC0C2082690610071C209A1C20861000FC36D00E2AD6100B9C5B4A009A141086100BE
S32580029CE008C42CA109A1C00861009EC3B4AF610022C2821414A0024540A437F001F034AFF7
S32580029D0049A5020A6D00228B82146D00458B09A0C2082690610049C209A1C208610091C316
S32580029D20B4A009A14108610075C42CA109AFC008B70F89F0B4AF6100FEC1821414A002451A
S32580029D4040A437F001F034AF49A5020A6D00FE8A82146D00218B09A0C2082690610025C28D
S32580029D6009A1C208610065C30D0040038200B4A009A141086100DEC52CA109AFC008610093
S32580029D80DAC1821414A0024540A437F001F034AF49A5020A6D00DA8A82146D00FD8A09A032
S32580029DA0C2082690610001C209A1C20861003DC2DF0FA58414DFDF0FA284610018C46F10C9
S32580029DC03200081F6F7F2F00147F6F1F2C006F3F2A006F5F28006100B1BEB4A00CA196F80B
S32580029DE096042CA109A1C00861002AC5B4AF6100A2C1821414A0024540A437F001F034AF1B
S32580029E0049A5020A6D00A28A82146D00C58A09AFC208610073C309A1C20861004CBF1DFFC0
S32580029E2064FE61008AC36F505784610077C0BF3F53846100ACBE34FF1D004E0461007EC572
S32580029E40B4A009A14108610054C32CA109A1C0086100EAC2B4AF61006EC1821414A00245EB
S32580029E6040A437F001F034AF49A5020A6D006E8A82146D00918ABBE0FF9F09A0C20826909C
S32580029E80610093C109A1C208610031C26D0004AD610015BFB4A009A1410861002AC32CA108
S32580029EA009A1C0086100C0C2B4AF610044C1821414A0024540A437F001F034AF49A5020A92
S32580029EC06D00448A82146D00678A09A0C208269061006BC109A1C2086100B3C2B4A009A1CD
S32580029EE04108610097C32CA109AFC008B70F89F0B4AF610020C1821414A0024540A437F009
S32580029F0001F034AF49A5020A6D00208A82146D00438A09A0C2082690610047C109A1C208FE
S32580029F20610071C20D0040038200B4A009A14108610000C52CA109AFC0086100FCC08214C6
S32580029F4014A0024540A437F001F034AF49A5020A6D00FC8982146D001F8A09AFC208610024
S32580029F60CDC209A1C208610056C2DF0FD38214CFDF0FD082610052C36F600E00081F2E7B54
S32580029F80092F6B082E08DA09911000F761008ABE1D003F0561008BC26F0FB0826100F9BF5C
S32580029FA0BF3FAC826100F7BD1D00A7026100CCC4B4A009A1410861009CC22CA109A1C008DC
S32580029FC0610074BDB4AF6100B6C0821414A0024540A437F001F034AF49A5020A6D00B68917
S32580029FE082146D00D989BBE0FF9F09A0C20826906100DBC009A1C208610079C16D004CACA2
S3258002A000610063BEB4A009A14108610072C22CA109A1C00861004ABDB4AF61008CC082140D
S3258002A02014A0024540A437F001F034AF49A5020A6D008C8982146D00AF8909A0C2082690DE
S3258002A0406100B3C009A1C2086100FBC1B4A009A141086100DFC22CA109AFC008B70F89F03E
S3258002A060B4AF610068C0821414A0024540A437F001F034AF49A5020A6D00688982146D00A1
S3258002A0808B8909A0C208269061008FC009A1C2086100B9C10D0040038200B4A009A14108E3
S3258002A0A0610048C42CA109AFC008610044C0821414A0024540A437F001F034AF49A5020A8F
S3258002A0C06D00448982146D00678909A0C208269061006BC009A1C20861009DC1DF0F1A8259
S3258002A0E014CFDF0F1782610099C26F603600081F6F7F3300092F6B086F1F2F00610076BE68
S3258002A10049D2240A8200B420142F9680342FB4A00CA196F896042CA109A1C0086100DBBDFB
S3258002A120B4AF610008C0821414A0024540A437F001F034AF49A5020A6D00088982146D00A0
S3258002A1402B8909AFC2086100D9C109A1C2086100A5C21D005E046100AAC16F1FCF81610080
S3258002A16018BFBF3FCB8161001ABD1D00C6010D0040038200B4A009A14108DA1837F185F171
S3258002A1802CA109AFC0086100D6BF821414A0024540A437F001F034AF49A5020A6D00D688BF
S3258002A1A082146D00F988BBE0FF0F09AFC20826F06100FBBF09A1C20861009EBEDF0F38845C
S3258002A1C06100CDC32E74DA0B1D0020046100A6BEBF3F2284610017BF96011D002404610061
S3258002A1E0C9C3B4A009A14108610083C12CA109A1C008610019C1B4AF61009DBF821414A07B
S3258002A200024540A437F001F034AF49A5020A6D009D8882146D00C088BBE0FF9F09A0C2080D
S3258002A22026906100C2BF09A1C208610060C06D0033AB610055BDB4A009A14108610059C189
S3258002A2402CA109A1C0086100EFC0B4AF610073BF821414A0024540A437F001F034AF49A5D3
S3258002A260020A6D00738882146D00968809A0C208269061009ABF09A1C2086100E2C0B4A013
S3258002A28009A141086100C6C12CA109AFC008B70F89F0B4AF61004FBF821414A0024540A488
S3258002A2A037F001F034AF49A5020A6D004F8882146D00728809A0C2082690610076BF09A177
S3258002A2C0C2086100A0C00D0040038200B4A009A14108610015BC2CA109AFC00861002BBF88
S3258002A2E0821414A0024540A437F001F034AF49A5020A6D002B8882146D004E8809AFC208F1
S3258002A3006100FCC009A1C208610085C0DF0F028114CFDF0FFF806100C7C12E182E771420B5
S3258002A3206F500500DA0C1DFF31FE6100D2C06F5FE58061002EBEBF3FE180610034BC1D0060
S3258002A340DC0061006BBBB4A009A141086100D1C02CA109A1C008610067C0B4AF6100EBBEA5
S3258002A360821414A0024540A437F001F034AF49A5020A6D00EB8782146D000E88BBE0FF9F3A
S3258002A38009A0C2082690610010BF09A1C2086100AEBF6D0081AA6100A9BCB4A009A14108F5
S3258002A3A06100A7C02CA109A1C00861003DC0B4AF6100C1BE821414A0024540A437F001F0E0
S3258002A3C034AF49A5020A6D00C18782146D00E48709A0C20826906100E8BE09A1C2086100F0
S3258002A3E030C0B4A009A14108610014C12CA109AFC008B70F89F0B4AF61009DBE821414A073
S3258002A400024540A437F001F034AF49A5020A6D009D8782146D00C08709A0C208269061002F
S3258002A420C4BE09A1C208610004C00D0040038200B4A009A14108610063BB2CA109AFC00894
S3258002A440610079BE821414A0024540A437F001F034AF49A5020A6D00798782146D009C87DF
S3258002A46009A0C20826906100A0BE09A1C2086100D2BFEE4F14DFEE4D610016C16F1F3400A1
S3258002A4806F7F320014206F602F006100AFBC820089C0A408B4A00CA196F896042CA109AFF1
S3258002A4A0C008B70F89F0B4AF610045BE821414A0024540A437F001F034AF49A5020A6D006F
S3258002A4C0458782146D00688709AFC208610016C009A1C2086100F1C06D00DEA9610024C1BD
S3258002A4E01D0097026100F5BFAE68610052BDBF3F058061005CBB34FF145FFF3F0580144FBC
S3258002A500BF3F8A82911000F76100CCBB1D009A02610003C1BF3F808234F861001EBEE9F801
S3258002A520F06B1D008D026100E7C06D00B5A961007BBAB4A009A141086100DBBF2CA109A16A
S3258002A540C008610071BFB4AF6100F5BD821414A0024540A437F001F034AF49A5020A6D00CD
S3258002A560F58682146D001887BBE0FF9F09A0C208269061001ABE09A1C2086100B8BE6D00E3
S3258002A5808BA96100B9BBB4A009A141086100B1BF2CA109A1C008610047BFB4AF6100CBBD20
S3258002A5A0821414A0024540A437F001F034AF49A5020A6D00CB8682146D00EE8609A0C20801
S3258002A5C026906100F2BD09A1C20861003ABFB4A009A1410861001EC02CA109AFC008B70FC6
S3258002A5E089F0B4AF6100A7BD821414A0024540A437F001F034AF49A5020A6D00A786821498
S3258002A6006D00CA8609A0C20826906100CEBD09A1C20861000EBF0D0040038200B4A009A16E
S3258002A620410861006DBA2CA109AFC008610083BD821414A0024540A437F001F034AF49A575
S3258002A640020A6D00838682146D00A68609A0C20826906100AABD09A1C2086100E6BDEE4E1C
S3258002A66014DFEE4C610066C06F303400081F6F7F310014EF6F7F2E0009DF6D086F0F2A0061
S3258002A6806F1F280061005ABAB4A00CA196F896042CA109A1C0086100D3C0B4AF61004BBDDF
S3258002A6A0821414A0024540A437F001F034AF49A5020A6D004B8682146D006E8609AFC208F1
S3258002A6C061001CBF09A1C20861001CBB1DFF0DFA6100BCBE145FFF3F0B80144FFF3F0880A7
S3258002A6E0146FFF3F0580142FBF3F9681911000F76100D8BA34681D00990161000EC0BF3F29
S3258002A7008B8134F861000FBA1D009A01610092B9B4A009A141086100BEC02CA109A1C00886
S3258002A720610045C0B4AF610006BD821414A0024540A437F001F034AF49A5020A6D00068641
S3258002A74082146D002986BBE0FF9F09A0C208269061002BBD09A1C2086100C9BD6D009CA808
S3258002A760610068C0B4A009A14108610094C02CA109A1C00861001BC0B4AF6100DCBC82145F
S3258002A78014A0024540A437F001F034AF49A5020A6D00DC8582146D00FF8509A0C2082690DF
S3258002A7A0610003BD09A1C20861004BBEB4A009A1410861002FBF2CA109AFC008B70F89F0F0
S3258002A7C0B4AF6100B8BC821414A0024540A437F001F034AF49A5020A6D00B88582146D00A2
S3258002A7E0DB8509AFC208610089BE09A1C20861000ABFDF0F1D8161002EC02E24DA0F1D0076
S3258002A800050161008BBBBF3F07816100D4B91D000A01610015B9B4A009A1410861003BC095
S3258002A8202CA109A1C0086100C2BFB4AF610083BC821414A0024540A437F001F034AF49A50E
S3258002A840020A6D00838582146D00A685BBE0FF9F09A0C20826906100A8BC09A1C2086100C5
S3258002A86046BD6D0019A86100F0BFB4A009A14108610011C02CA109A1C008610098BFB4AF3C
S3258002A880610059BC821414A0024540A437F001F034AF49A5020A6D00598582146D007C8501
S3258002A8A009A0C2082690610080BC09A1C2086100C8BDB4A009A141086100ACBE2CA109AF59
S3258002A8C0C008B70F89F0B4AF610035BC821414A0024540A437F001F034AF49A5020A6D005D
S3258002A8E0358582146D00588509AFC208610006BE09A1C208610087BEDF0F9A806100ABBFA2
S3258002A9002E34DA101D008200610008BBBF3F84806100A7BB1DFF62FC610098B8B4A009A1B2
S3258002A92041086100E6BD2CA109A1C00861007CBDB4AF610000BC821414A0024540A437F04D
S3258002A94001F034AF49A5020A6D00008582146D002385BBE0FF9F09A0C2082690610025BC60
S3258002A96009A1C2086100C3BC6D0096A76100CEB9B4A009A141086100BCBD2CA109A1C00809
S3258002A980610052BDB4AF6100D6BB821414A0024540A437F001F034AF49A5020A6D00D68439
S3258002A9A082146D00F98409A0C20826906100FDBB09A1C208610045BDB4A009A141086100CE
S3258002A9C029BE2CA109AFC008B70F89F0B4AF6100B2BB821414A0024540A437F001F034AFDB
S3258002A9E049A5020A6D00B28482146D00D58409AFC208610083BD09A1C208610004BEEE1717
S3258002AA00610029BF2E09DA116100A2BB3428D801610082B90090610081BABF3F1B8061008E
S3258002AA20CEB834FF610094BB34283C0B610075BEBF3F108034F8610097BB34F8610025BE11
S3258002AA40DA113C056100B8BEDA003428D80134FF00906100ECB8DF0F3683DA021D0087036A
S3258002AA60910000F7D9FF546314FFDF1F2783610059B96E0F9E19DF2F2400DF3F2900DF4F2E
S3258002AA802B01DF5F5602DF6F1003DF7F14030090910000F7E9F858736100B5BB820261001C
S3258002AAA0D6B91D004002826402856D00B53D3B4006406D00F1A682648215DA023C04827400
S3258002AAC00285DA036D00A83D1D0055038200B4A00CA16100DEB82CA1610095BB09A1C00859
S3258002AAE0610026B9B4AF610026BB821414A0024540A437F001F034AF49A5020A6D00268468
S3258002AB0082146D004984BBE0FF8F09A0C208268061004BBB09A1C20861009EB7B4A00CA109
S3258002AB20B72F85F196042CA109A1C008610005B9B4AF610000BB821414A0024540A437F01E
S3258002AB4001F034AF49A5020A6D00008482146D00238409A0C2082680610027BB09A1C20834
S3258002AB606100BCBDB4A00CA1B73F85F196042CA109A1C0086100E6B8B4AF6100DCBA82143E
S3258002AB8014A0024540A437F001F034AF49A5020A6D00DC8382146D00FF8309A0C2082680EF
S3258002ABA0610003BB09A1C208610098BDB4A00CA16100F3B82CA109A1C00861006DB7B4AF90
S3258002ABC06100B9BA821414A0024540A437F001F034AF49A5020A6D00B98382146D00DC83A4
S3258002ABE009A0C20826806100E0BA09A1C208610075BDB4A00CA16100CCB82CA109A1C0088D
S3258002AC00610045B7B4AF610096BA821414A0024540A437F001F034AF49A5020A6D0096834B
S3258002AC2082146D00B98309A0C20826806100BDBA09A1C208610052BDB4A00CA16100B1B8AD
S3258002AC402CA109A1C00861002CB7B4AF610073BA821414A0024540A437F001F034AF49A59A
S3258002AC60020A6D00738382146D00968309A0C208268061009ABA09A1C20861002FBDB4A0DE
S3258002AC800CA196F896042CA109A1C00861005FB8B4AF610050BA821414A0024540A437F036
S3258002ACA001F034AF49A5020A6D00508382146D00738309AFC2086100BFB809A1C2086100D6
S3258002ACC00BB7DF1FF681610098B8DF1FF281DA041D0051020D0040038200B4A00CA1B70FAC
S3258002ACE085F12CA109AFC008610025BA821414A0024540A437F001F034AF49A5020A6D00F2
S3258002AD00258382146D004883BBE0FF8F09A0C208268061004ABA09A1C2086100A2BDDF0F6C
S3258002AD20F680610075BD5F1FF2800D0040038200B4A00CA1B72F85F12CA109AFC0086100B5
S3258002AD40FAB9821414A0024540A437F001F034AF49A5020A6D00FA8282146D001D8309A019
S3258002AD60C2082680610021BA09A1C20861002EBADF0FCD806100B6B65F9FC9800D00400343
S3258002AD808200B4A00CA1B73F85F12CA109AFC0086100D1B9821414A0024540A437F001F077
S3258002ADA034AF49A5020A6D00D18282146D00F48209A0C20826806100F8B909A1C2086100F5
S3258002ADC005BADF0FA480610050B65F0FA0800D0040038200B4A00CA1B74F85F12CA109AF51
S3258002ADE0C0086100A8B9821414A0024540A437F001F034AF49A5020A6D00A88282146D003D
S3258002AE00CB8209A0C20826806100CFB909A1C2086100DCB9EE7B610075BD5F0F78800D0082
S3258002AE2040038200B4A00CA1B75F85F12CA109AFC008610080B9821414A0024540A437F0B5
S3258002AE4001F034AF49A5020A6D00808282146D00A38209A0C20826806100A7B909A1C208B7
S3258002AE606100B4B9EE536100AEB65F0F50800D0040038200B4A00CA1B76F85F12CA109AF44
S3258002AE80C008610058B9821414A0024540A437F001F034AF49A5020A6D00588282146D003C
S3258002AEA07B8209A0C208268061007FB909A1C20861008CB9EE2B61004FB75F9128800D001C
S3258002AEC040038200B4A00CA196F82CA109AFC008610031B9821414A0024540A437F001F071
S3258002AEE034AF49A5020A6D00318282146D00548209AFC2086100A0B709A1C208610066B9C6
S3258002AF00EE05610022B65F010400DA003C02DA016E04DA051D002F01610024B7FF3F068088
S3258002AF20C21F34FF1D002601DA061D0024018200B4A009A1410861004EB62CA109AFC00894
S3258002AF40B70F89F0B4AF6100F6B8821414A0024540A437F001F034AF49A5020A6D00F6816A
S3258002AF6082146D001982BBE0FF8F09A0C208268061001BB909A1C2086100F0B50D0040036A
S3258002AF808200B4A009A14108610076B82CA109AFC0086100D0B8821414A0024540A437F0FF
S3258002AFA001F034AF49A5020A6D00D08182146D00F38109A0C20826806100F7B809A1C20869
S3258002AFC06100D3B50D0040038200B4A009A141086100B0BC2CA109AFC0086100ACB8821472
S3258002AFE014A0024540A437F001F034AF49A5020A6D00AC8182146D00CF8109A0C2082680EF
S3258002B0006100D3B809A1C2086100B6B50D0040038200B4A009A14108610072B52CA109AF56
S3258002B020C008610088B8821414A0024540A437F001F034AF49A5020A6D00888182146D003C
S3258002B040AB8109A0C20826806100AFB809A1C20861004EB5B4A009A141086100BCB52CA19D
S3258002B06009AFC008B70F89F0B4AF610064B8821414A0024540A437F001F034AF49A5020A3F
S3258002B0806D00648182146D00878109AFC2086100CABB09A1C2088F1100F17E03B4F13C08F4
S3258002B0A0DA00B4FF3C056100EBB76100EEBADA073C6134F8DA003C5E6100B9B5EE03DA0373
S3258002B0C03C55DA053C53DA043C51827482156D00A33A823482156D009F3A82146D00CEA3A0
S3258002B0E06100B9B56D00947F6100BAB56D00907F6100BBB56D008C7F6100BCB56D00887F9E
S3258002B1006100BDB56D00847F6100BEB56D00807F61002EB6910000F7E9F844633C2661000C
S3258002B12096B56D00757F610060B56D00717F610060B56D006D7F610060B56D00697F61000D
S3258002B14060B56D00657F610060B56D00617F6100C1BA6D00613A823402856D005D3A910088
S3258002B16000F7DA01E9FF4463DA0634DF009034D8DA0134CF0090910000F7D9FF6473F804B6
S3258002B18014FF6E09910000F7D9FF7063F80314FFDF1F2A808200B4A009A1410861003ABA96
S3258002B1A02CA109AFC008B70F89F0B4AF6100C3B7821414A0024540A437F001F034AF49A5DF
S3258002B1C0020A6D00C38082146D00E680BBE0FF0F09AFC20826F06100E8B709A1C2086100AC
S3258002B1E06AB400906100F5BA6D00FC3961000AB6B4A009A1410861000DBA2CA109AFC0088A
S3258002B200B70F89F0B4AF610096B7821414A0024540A437F001F034AF49A5020A6D00968069
S3258002B22082146D00B980BBE0FF9F09A0C20826906100BBB709A1C20861001DB4F80234F051
S3258002B240F6070CD12E65610099B596013C07F60C0CD12E6A610092B59608E9FF8CDB610003
S3258002B26092B51D005B0214CF911000E7D9EE804B6E05F6040CD16F4F45020D004003820067
S3258002B280B4A009A141086100F7B62CA109AFC008610051B7821414A0024540A437F001F08E
S3258002B2A034AF49A5020A6D00518082146D00748009A0C2082690610078B709A1C208610066
S3258002B2C0D8BA0D0040038200B4A009A14108610031BB2CA109AFC00861002DB7821414A012
S3258002B2E0024540A437F001F034AF49A5020A6D002D8082146D00508009A0C208269061002F
S3258002B30054B709A1C20861006BB489A28409142F61004BB50D0040038200B4A009A1410831
S3258002B3206100EEB32CA109AFC008610004B7821414A0024540A437F001F034AF49A5020AB0
S3258002B3406D00048082146D00278009AFC2089110004726F9D9448CDBDA00404509524304BC
S3258002B3606100ACB609A1C2086100A4B6892F0204142061004EB5B4F182044046D802096603
S3258002B380420414FFEE0714CFEE05D80114FFEE0276076100B9B3370601531D009101144146
S3258002B3A061003DB56F391100910000F739F3746382140B30305186154250370068003F30E1
S3258002B3C0068002433C04610031B5820334E03731810040EF09FF41046F59080061009DB710
S3258002B3E03F1F0680DA013C046100E9B6DA0037F0010140EF09FF42046F29080061008DB701
S3258002B4003F1F0680DA013C046100D9B6DA0037F0010240EF09FF45046F09080061007DB71C
S3258002B4203F1F0680DA013C046100C9B6DA006100A0B66F7008006100FDB83F0F0680DA0168
S3258002B4403C046100BCB6DA0037F701306100B4B409C56C086F6508006100ECB83F0F068058
S3258002B460DA013C046100ABB6DA0037F1810240EF09FF44046F55080061004FB73F1F06804C
S3258002B480DA013C0461009BB6DA00610036B66F100800610042B73F1F0680DA013C046100EF
S3258002B4A08EB6DA0037F3811049EF080A14FF6F0008006100BFB83F0F0680DA013C0461002F
S3258002B4C07EB6DA0037F1010149EF090A14FF6F750800610022B73F1F0680DA013C046100C8
S3258002B4E06EB6DA00610070B46F010F00610048B6392374637F3F0480C22F34FF14FF3F3F39
S3258002B5000680DA013C0461005AB6DA0037F0810249EF0B0A14FF6F1108006100FEB63F1FB2
S3258002B5200680DA013C0461004AB6DA0037F0013309C5680849EF0C0A14FF6F2508006100B0
S3258002B54079B83F0F0680DA013C04610038B6DA0037F6010049EF0D0A14FF6F15080061009D
S3258002B560DCB63F1F0680DA013C04610028B6DA0037F0810049EF0E0A14FF6F450800610071
S3258002B580CCB63F1F0680DA013C04610018B6DA0037F0010149EF0F0A14FF6F3508006100FF
S3258002B5A0BCB63F1F0680DA013C04610008B6DA0037F0810149EF100A14FF6F65080061004E
S3258002B5C0ACB63F1F0680DA013C046100F8B5DA0037F0010249EF110A14FF6F5508006100DD
S3258002B5E09CB63F1F0680DA013C046100E8B5DA0037F0815209C66A0849EF130A14FF6F2662
S3258002B6000800610017B83F0F0680DA013C046100D6B5DA0037F2010049EF140A14FF6F169D
S3258002B620080061007AB63F1F0680DA013C046100C6B5DA0037F0810049EF150A14FF6F466D
S3258002B640080061006AB63F1F0680DA013C046100B6B5DA0037F0010149EF160A14FF6F36FB
S3258002B660080061005AB63F1F0680DA013C046100A6B5DA0037F0810149EF170A14FF6F664A
S3258002B680080061004AB63F1F0680DA013C04610096B5DA0037F0010249EF180A14FF6F56D8
S3258002B6A0080061003AB63F1F0680DA013C04610086B5DA0037F08122347334473465DF04CC
S3258002B6C0128049EF190A910000273920746314FF7F0F0480C22F34FF14FF0B0F50F137F22D
S3258002B6E00123345261004FB3144FEE08094F4104EE05146FEE03145F6E10DA01D8033C0A6B
S3258002B7006100A2B4610013B6610083B2BF2F0580C2FF34FF3C0234F8D80314FF5E1C910060
S3258002B7200027D9224873142FEE06610085B2D80434F8342000900000910000F739FF78634E
S3258002B7406E6B910000F7D9FF7C6314FFDF1F6500910000C7D9CC447314CF6E0ADF1F27009F
S3258002B760DF2F2700DF3F2700DF4F4F003C2561006EB26D004D7C610038B26D00497C610054
S3258002B78038B26D00457C610038B26D00417C610038B26D003D7C610038B26D00397C610055
S3258002B7A0E6B66D003937DA013C36DA023C34DA033C32DA043C3061004AB26D00297C61008A
S3258002B7C014B26D00257C610014B26D00217C610014B26D001D7C610014B26D00197C610025
S3258002B7E014B26D00157C9140002FD922008A610057B8910000478205E9455C73610050B843
S3258002B80082746D000937823482056D000537DA0134FFDA0034CF00907B8011F4910000F714
S3258002B8204BF401F0910000271606D9FF5073D922686314F014216E117B8017F44BF401F02D
S3258002B84016036E0B8B806CF242F037006800DAC83FF0108082113C0D7B0011F44BF401F0A7
S3258002B860AE067B0018F44BF401F02E2382010210342134F000900000DA00911000F759FF1C
S3258002B880A4DB911000F759FFA8DB911000F759FFACDB911000F759FFB0DB911000F759FF4C
S3258002B8A0B4DB911000F7F9FFF47B911000F7F9FFF87B911000F7F9FFFC7B911000F7F9FFD8
S3258002B8C0C08B911000F7F9FFC48B911000F7F9FFC88B911000F7F9FFCC8B911000F7E9FF6C
S3258002B8E0001C911000F7E9FF041C911000F7E9FF081C911000F7E9FF0C1C911000F702F42A
S3258002B900E9FF101C8245911000F7E9FF141C91100047D944B8DB6D009FD8911000F759FFA8
S3258002B92094DB911000F759FF98DB911000F759FF9CDB911000F759FFA0DB911000F7F9FF4B
S3258002B940EC7B911000F7F9FFF07B0090910000F739FF4893DF0FEA00911000F719F194DBE9
S3258002B960910000F719F23413911000474B2101209110005791100067D944001CD955041C69
S3258002B980D966081C91100077144014531464D977CC8B6F222900911000F759F1A8DB91100A
S3258002B9A000270971C008911000F7C211B471192198DB59F1ACDB8BB06F129110002786116D
S3258002B9C0911000F7421019219CDB370068009110002759F1B0DB1921A0DB911000F759F171
S3258002B9E0B4DB3C06BF200480C2F03C028200911000F7B9F1F07B910000F7B9F2087391101D
S3258002BA0000F7B9F5EC7B91100027D922C48B3F520880910000F7B9FF0C737FF51E809110F5
S3258002BA2000C7F9C5C08B911000F7D9FFB8DB09FFC208911000C7C21FB42F9A23F9C1C88BE3
S3258002BA408BB3AF328613A23F370F6830092FC00889FF82043C06BF230480C2F33C028203B9
S3258002BA60911000D7D9DDF87B3F120880910000F7B9FF0C737FF11C80911000F7F9F1F47B08
S3258002BA80911000F7B9FFB8DB8BB4AF12911000C7C21FB4DF9A24F9C5FC7B8611A21F370FCE
S3258002BAA0684009DFC008F9FFB8DB3C06BF240480C2F43C028204097FC0080921C008911015
S3258002BAC000F7421F09D1C008421F59FFA4DB910000F739F14C93911000F70B1350210B10D9
S3258002BAE050F10B1450118B0220528B0120128F152060A6F68F212070A676E9F60C1C820695
S3258002BB00EE03F62276128216911000F7E9F6141C6E03020F3C032B4340F5911000F7E9FFE9
S3258002BB20101C34643453344000900000DA00911000F759FF84FB911000F759FF88FB9110D1
S3258002BB4000F759FF8CFB911000F759FF90FB911000F759FF94FB911000F759FF98FB911069
S3258002BB6000F759FF9CFB911000F759FFA0FB911000F759FFA4FB911000F759FFA8FB911009
S3258002BB8000F759FFACFB911000F759FFB0FB911000F759FFB4FB911000F759FFB8FB9110A9
S3258002BBA000F759FFBCFB911000F759FFC00B911000F759FFC40B911000F759FFC80B911019
S3258002BBC000F7F9FFD08B911000F7F9FFD48B911000F7F9FFD88B911000F7F9FFDC8B911019
S3258002BBE000F7F9FFE08B911000F7F9FFE48B911000F7F9FFE88B911000F7F9FFEC8B9110B9
S3258002BC0000F7F9FFF08B911000F7F9FFF48B911000F7F9FFF88B911000F7F9FFFC8B911058
S3258002BC2000F7F9FFC09B911000F7F9FFC49B911000F7F9FFC89B911000F7F9FFCC9B9110B8
S3258002BC4000F7F9FFD09B911000F7F9FFD49B911000F7F9FFD89B911000F7F9FFDC9B911058
S3258002BC6000F7F9FFE09B911000F7F9FFE49B911000F7F9FFE89B911000F7F9FFEC9B9110F8
S3258002BC8000F7F9FFF09B911000F7E9FF181C911000F7E9FF1C1C911000F7E9FF201C9110D9
S3258002BCA000F7E9FF241C911000F702F4E9FF281C3BC00150911000F7E9FF2C1C9110004727
S3258002BCC0D944A43B6D00C8D6911000F759FFBCDB911000F759FF80EB911000F759FF84EB94
S3258002BCE0911000F759FF88EB911000F759FF8CEB911000F759FF90EB911000F759FF94EB18
S3258002BD00911000F759FF98EB911000F759FF9CEB911000F759FFA0EB911000F759FFA4EBB7
S3258002BD20911000F759FFA8EB911000F759FFACEB911000F759FFB0EB911000F759FFB4EB57
S3258002BD40911000F759FFB8EB911000F759FFBCEB911000F759FF80FB00900000910000F7AE
S3258002BD6039FF74832018DF0F0501911000F7D9FFD89BF4AF09F8C008911000F7D9FFDC9BAA
S3258002BD80F80409F9C0086100FBB591100027192AA8EB91100027192B80FB91000027392FFF
S3258002BDA078836E0A91000027192C1C1391000027192D20133C07483F6B0F31CA484F6B0FDB
S3258002BDC031DB911000C7B70C810F59C0A0FB911000D7D9DDA8FBB70D81FF74DF9110002730
S3258002BDE0192E94EB911000E7B70E814F6D0009D591000027B92F3863910000270BF230115C
S3258002BE0019CFA0FB19201813F9E2D49B4B0F01006F002A0054D391000027192014134B03E8
S3258002BE2001006F202100DF011F00BB00A60E0B805001861042083708708091100027B920CF
S3258002BE40E49B0B08B001F920E49B91100027592FC40B911000275923C80B91100027F92266
S3258002BE60E89B3C036100A2B591000027392F7C836E0691000027192024133C1191100027F0
S3258002BE80192FA4EB911000271920BCEB6B0031FF6B0B310A4BFF41F06B00610F9100002741
S3258002BEA0192F10134BF001F06F2F3100DF012F00BB00A6FE911000270B9F50F1911000478B
S3258002BEC0861F42F9B92FE09B370970900BF9B0F1F92FE09B91100027592AB0FB9110002751
S3258002BEE0592BB4FB91100027194FA4EB91100047592FB8FB194FBCEB91100027592FBCFB8F
S3258002BF0091100027592EC00B3C03610055B591000027B92F3C63910000270BF850F1B921C0
S3258002BF2000730B1950116E0382123C048B012022861291100027E922201C8202EE027612CB
S3258002BF40821291100027E9222C1C911000275920ACFB91100027592DA4FB91100027592C88
S3258002BF609CFB09A29009B429D4A2B428683A684B910000F739FF7083DF0F5401911000F74C
S3258002BF80D9FFF48BF801911000C709F0C008911000F7D9FFF88BF4AFD9CCFC8B09C9C00844
S3258002BFA009F8C0086100ECB49100004719433C03911000471941ACEB49F21A0AB701811F2C
S3258002BFC04B3101106F211C0091100047194198EBB701811F91000047194200134B210110C0
S3258002BFE06F010E006100EEB45200370070F0780309FFCA086100EDB4ACF53C07BF200480B1
S3258002C0009AF03C02DA00780391100047194FB0EB49F2180AB70F81FF4B3F01F06F2F1900BB
S3258002C02091100047194F9CEB6100AFB46F0F11009A28BB00A60E0B8030018610A20F370FD4
S3258002C040708009FFC8086100C4B4ACF43C036100ADB491100047194FB4EB49F2160AB70F06
S3258002C06081FF4B3F01F06F2F1B0091100047194FA0EB61008AB46F0F1300BB00A60E40F4D6
S3258002C0800B90300186109A29A20F370F709009FFC60861009EB4894F86043C0361008CB431
S3258002C0A009F1D80809F2D60809F0DA084221911000D74210D9DDC49B9110002709DAC008B5
S3258002C0C0F920F08B91000027B92D3063911000270BD850C1192094EB0BD950E15803B70078
S3258002C0E0814F911000E70BDF50B16D008AD391100027192F80FB91000027B70F811FB92F1A
S3258002C1003463F9E2C09B7FF2558091000027192F04134BF101F06F0F4D0091100027192F65
S3258002C120B8EBB70F81FF91000027192008134B0F01006F202B00BB00A60E911000F70BA0BB
S3258002C14050018610420AB9F0CC9B370A70A00B0AB001F9F0CC9B7B003004911000F74B011A
S3258002C1604140F9F2D09B911000F76D004AD37B005004F9F2EC9B4B0F4140911000F76D001D
S3258002C18040D3F9F2F09B3C1A49F2140A09F0D408910000F719F10C134B1F01F02E07BF2AE0
S3258002C1A005808BFA1F003C028200020AB4203C06BF2A0480C2FA3C02820A0BDA50018B0C2C
S3258002C1C020F28F1F20108B0E20F28F2F20208B0020F2911000F7A6B1A6218F3F2000A60156
S3258002C1E0E9F11C1C8200F6B4F6C3F6E26E028210911000F75803E9F0281C0B8FB0F19110FA
S3258002C20000F70B9FB0F1B9F0C89B0B0FB0F1F9FFC89BB4DAB4C9D4AFB4F8D8015803B4FF11
S3258002C220910000F739FF4093DF0FE200910000F719F62813911000F719F188EB911000F794
S3258002C24019F2BCDB911000476B0131329110005791100067B703813FD944D48BD955D88B76
S3258002C260D966DC8B4B6301F09110007716060940C0080954C0080965C008D977EC8B6E1903
S3258002C28061007EB391100027592294FB9110002709F2C408C212B472592198FB610092B376
S3258002C2A0A20F370F7000097FC00889FF84043C06BF200480C2F03C028200911000C7D9CC0B
S3258002C2C0E88B911000F719F18CEB911000F719F280EB610063B36E1D610052B3911000270C
S3258002C2E059228CFB9110002709FFC208C21FB4CF592190FBBB00A61E0B4130119A24861150
S3258002C300A21F370F704009CFC00889FF82043C06BF240480C2F43C02820491100027D9224A
S3258002C320E48B911000F719F190EB911000F719F284EB610033B36E1D911000F759F284FBA3
S3258002C340911000F7B9FFA43B911000D7C21FB42F59D188FBBB00A61E0B5130119A258611CB
S3258002C360A21F370F7050092FC008F9FFA43B3C06BF250480C2F53C02820509C1C0080922B4
S3258002C380C008097FC0084221911000F7421FF9FFD08B910000F7B9F10473911000F70B14EE
S3258002C3A050210B1050F10B1550118B0220328B0120128F1320608F212070A6F6A676E9F611
S3258002C3C0181C8206EE03F62276128216911000F7E9F6241C6E03020F3C032B5440F3911025
S3258002C3E000F7F9FFE08BB465B454B440009000006100F4B200900000610033B30090000048
S3258002C400910000F791100027392F381CE9FF5483910000F791100027392F341CE9FF5883FE
S3258002C420910000F791100027392F301CE9FF7873009000006100FCB2E9FF5883911000F7A3
S3258002C440F9FFF89B00900000DF041F80911000F7D9FFE80B54F07B0012146B0031F54B1F74
S3258002C46001F02E246B0121503C086B0531F04B1F01F02E236B01315074F5911000F7DA00CB
S3258002C48059FFEC0B0090911000F7D9FFF00B54F0BBA0701D6B0031F69B31C2134B1F01F010
S3258002C4A02E246B0121603C086B0631F04B1F01F02E236B01316074F6911000F7DA0059FF02
S3258002C4C0F40B0090911000F7F9F4F89B00900000DA00F6466100E6B259F5EC0B0090610058
S3258002C4E0E8B259F5F40B00906100A2B28210E9F05883911000F7F9FFF89B0090911000F7F7
S3258002C50091000027392F7873E9FF301C911000F791000027392F5883E9FF341C911000F7F1
S3258002C52091000027392F5483E9FF381C00900000DA00911000F759FFD81B911000F759FF03
S3258002C540DC1B911000F759FFE01B911000F759FFE41B911000F759FFE81B911000F759FF9F
S3258002C560EC1B911000F759FFF01B911000F759FFF41B911000F759FFF81B911000F759FF3F
S3258002C580FC1B911000F759FFC02B911000F759FFC42B911000F759FFC82B911000F759FF6F
S3258002C5A0CC2B911000F759FFD02B911000F759FFD42B911000F759FFD82B911000F759FF3F
S3258002C5C0DC2B911000F759FFE02B911000F759FFE42B911000F759FFE82B911000F759FFDF
S3258002C5E0EC2B911000F759FFF02B911000F759FFF42B911000F7E9FF102C911000F7E9FF46
S3258002C600142C911000F702F4D9FF487B3B00035040F46D0021D2911000278200E9200C2C7C
S3258002C62091100027592FCC0B91100027592FD00B91100027592FD40B91100027592FD80BBE
S3258002C64091100027592FDC0B91100027592FE00B91100027592FE40B91100027592FE80B5E
S3258002C66091100027592FEC0B91100027592FF00B91100027592FF40B91100027592FF80BFE
S3258002C68091100027592FFC0B91100027592FC01B91100027592FC41B91100027592FC81B2E
S3258002C6A091100027592FCC1B91100027F920F49B91100027F920F89B91100027592FD01B9C
S3258002C6C091100027592FD41B911000278211E921182C89F12D086CF96CFA89F02C08009033
S3258002C6E0911000C7D9CC0C2C14CF20506E0A911000F719FFCC0B911000F719F0D00B3C095A
S3258002C700911000F719FFE80B911000F719F0EC0B911000F7D9FFDC1BF80B74F0911000F7F0
S3258002C720D9FFD81BF80A74FF910000F7D9FF5883F80314FF6E06911000F7B9F0F49B3C0563
S3258002C740911000F7B9F0F89B3BB0FDF04B0061019B9F8CF378104BF041F002F46D0006D111
S3258002C76089A2081902F46D003A9EBBA0D3FC89A204199B3FF1F3911000F7780ED9FFCC1B9D
S3258002C780F8069100002754FF911000F7D9FFC81BF805911000D754F0911000F76B0F3100B9
S3258002C7A0D9FFC41B580EF8044BF04100D9DD487B54F1911000F7D9FFE01B022FF8094BF0C6
S3258002C7C0412049D4200A58126BF161F274FF911000F7D9FFE41BF80858124BF041005811DF
S3258002C7E06BF171F074FF1928F0F2911000271921D01B54404B8101F0AE276788BF8F4B18AB
S3258002C80001F016066A1849DF2D0AF80F09DF6D086E037B001604910000F719FFFCF2911009
S3258002C82000F77B00F81319F2D41B6B0F3111910000F74BF241F06B01613F19F0F4F24B03FE
S3258002C84001F0AE29910000F719F0F8F24B3001F016066A30580E910000F74BF0414039FF09
S3258002C86068836E4A910000F719FF2003910000F74BF8416019FF1C03910000F719F9180372
S3258002C880D8084BF441507B00001854FF910000F719F22803D8094BF241F06B6F71F14B9F47
S3258002C8A0417054FF910000F719F12403910000F719F22C036B1F61F24B6941104B1F4110D4
S3258002C8C04B5701F0AE286755BF2F4B7201F016066A723C0202524B5101F0AE286755BF5F48
S3258002C8E04B1501F016062A513C02025189D10C0989D208093C0382020221911000E7D9EE27
S3258002C900EC1B74E1911000F7BB703DFBD9FFE81B9BDFFDF3F4AF4B0F51F074F2780D910039
S3258002C92000F77443D9FF7C73F80749D22E0A14FF1E2414CFDF0FEC00142FEE056CD96CDAD5
S3258002C940DA01342F49DF240AF80249DF280AF801D80954FFD80A54F3910000F76B0F3133AB
S3258002C96019F608034B6301F0AE286766BF5F4B3501F016062A533C020263911000F719F562
S3258002C980D40B4B5301F02E246B0531F33C0A6755BFFF4BF301F0AE03DA003C036B0521F37E
S3258002C9A0911000F719F3D80B911000F74B3F41C019F3DC0BD80254F76B3F61A76B0A21FCE9
S3258002C9C06B02219F4B4901F0AE2B7B000028580E6BF071B24B9B01F016066A9B3C02024B3A
S3258002C9E0D80854FFD80B54F26B0F31224B6201F0AE286766BF3F4B2301F016062A323C0232
S3258002CA0002624B5201F02E246B0531223C0A6755BFFF4BF201F0AE0382023C036B05212272
S3258002CA20911000F719FFE00B911000F74BF241F0780C19FFE40BD80154F36BF261D3580C2D
S3258002CA406B0D21FF6B0121EF4B4E01F0AE2B7B000018580E6BF071014BE001F016062A0EA1
S3258002CA603C02024E910000F719FF0403911000C74B4F41F059CFF02B4BEE41F0911000F781
S3258002CA806BBB614F6D004CD059F2F42B022019C2F02B911000F74B0201F016068B0F20F28F
S3258002CAA0E9FF142CEE1A3700E8FB3BF026119B31A8136A107B00F8F34B0F51F04B2B410089
S3258002CAC04BF041B04B2E41004BF041E0580C54E06B0F31FE6B0031DFB70981FFD8014B2F3D
S3258002CAE001F074FD1603EE08D4AF6B0C31FB54F06B0031FF3C0202AF6CD9580D4BFB41F028
S3258002CB006CD6580D4BEF41F06CD73C02342FD80714FF5E3A911000F719FFF00B911000F7CA
S3258002CB2019F0F40B3C044CD609D01C09911000C7D9CCF41B74C0911000E7D9EEF01B74EFF8
S3258002CB40910000F739FF5C836E25D80314FF6E22910000F719FFECF24BF841406D0051CECF
S3258002CB60911000F7B9FFF49B42F2370270F04B0F610158104BF041F002F46D00309C74D27C
S3258002CB8040DF02F46D00F2CE89F2040554D454F53C0509A4041909A50819D80554F6D806F7
S3258002CBA054F7D80454F8910000F739FF6C836E37910000F719F230034B2601F0AE2867229F
S3258002CBC0BF0F4B6001F016066A603C0202204B2701F0AE286722BF1F4B7101F016066A71D9
S3258002CBE03C0202214B2801F049DF100A6B01313074F3AE276722BF2F4B8201F016066A8260
S3258002CC007B0000F44BF241F06B0031FF6B01310F580E4BF041F06CD554F03C0202F0911040
S3258002CC2000F759F0F81B911000F759FFC02B49D42C0A54C154E24B514130911000F714499E
S3258002CC406B426133911000276B00210359F0FC1B4B52410019F2FC1B6B417100BB703D3B94
S3258002CC609BD3F5336B0F21005920C42B7B00F0434B3041F082056B42711FBB703DFB9BDF98
S3258002CC80F5FB4BF041F04B5201506B42710FDA004BF101F0370F61F137056151861F42F52C
S3258002CCA0DA004BF001F0370F61F1862F425F1E171E2C9E319E449E599E6B3C1E6711BFAF88
S3258002CCC06700BF0F822C3C1B6700BFAF6722BF0F826C3C15021A0220821C3C116722BFAF07
S3258002CCE06711BF0F824C3C0B022A823C3C08020A0210825C3C04820A02A002AC6B00211A65
S3258002CD00910000F719F20C034B1251504B2101F02E254B5A41A04B504100911000F76B00D6
S3258002CD20212A59F2C82B910000F719F110034B1201F02E2382193C0A910000F719FF140306
S3258002CD404BF201F0370F61F0AA098201F696910000F739FF60836E06910000F739FF648306
S3258002CD60AA11911000F7E9F1102C37016810911000F7BA01E9FF182CF61E7B00F8F36B0AA4
S3258002CD8031FF6B0031FF4B4F41B06B0B21006B0A21203C02820BDF1C0D00DF2C0E00DF3C61
S3258002CDA00F00DF4C1000DF5C1100DF6C13003C15022A020C3C15020A022C3C1202BA022CA9
S3258002CDC03C0A02BA020C3C03020A02BC022B3C08022A02BC020B3C04024A024C024B911082
S3258002CDE000D7D9DDE82B54D1911000E74B614110D9EEE42B54E0911000C76B806101D9CCFD
S3258002CE00EC2B54CF910000276B7F61F0192034039100002719213803911000F76B0F61F15C
S3258002CE2059FFCC2BD80891000027192F000354F2911000F74BF241F059FFD02BD80B58124C
S3258002CE4054F0D80A54F4911000F74BF4411058116BF071F159FFD42B7B00F01B911000F719
S3258002CE604B1F411058124BF0410058116BF461F04B3F41F06B0F210159F0D82B6B0F31F131
S3258002CE80911000F759FFDC2B34494B224100D80954FF911000F76BFF61406D0041CE59F24A
S3258002CEA0E02BD80714FFFF6F03805E4D911000F719FAF80B911000F719FCFC0B911000F757
S3258002CEC019FBC01B74EA74DC74CBDA00D80F34FF009000008208911000F759F8F82B911033
S3258002CEE000F759F8FC2B911000F759F8C03B911000F759F8C43B911000F759F8C83B9110E2
S3258002CF0000F70284D9FF9C4B3B80015040F46D00A3CD91100027DA00F92FFC9B821089F0C4
S3258002CF201708ACF789FF160889FF140889FF1508ACF8ACF974F8681868280090911000F7CB
S3258002CF40D9FF9C4B49F6170A146F6E0691100027B92FFC9BACF691100027B922FC9B09FF08
S3258002CF60CC0891000027A22FB9212063370F50F049F2160A49F70C0A0BF0C001142FEE1B30
S3258002CF8049F40E0A7F10168009FFCE0891000057B95024633F0F0480DA013C119210BBE002
S3258002CFA0FF1F0BF150F1BBF0FF1F6A10B4403C08B44F3C063F100580DA00ACF7342F49F4DD
S3258002CFC0140A144F49F5150AEE04DA01344F3C70145F1E161E2EDF3F42001D009600142FA6
S3258002CFE0EE447B00F8F374FF6CF1DA001D009E00142F91000047B9402863EE14DF008700A5
S3258002D00009FFD008910000275AF0B9212C638B0F40F3E21F4B0F1102BBF0FFFF0BF090F1DD
S3258002D0203C7509FFD00849F2100A7F0F0380F603DA043C6E610051AD4B006131610057AD4F
S3258002D0404B0F41F04B3F51F0610060AD610038AD610056AD610034AD3C55142F6E1E9100A7
S3258002D0600027B9202863F603DA003C1409F1D20891000027B92F2C6352118B014013EE0344
S3258002D08082F03C04E2104BF01102BBF0FFFF0BF090F1ACF8DA023C3C91000047B9402C6399
S3258002D0A009FFD20849F2120A7F0F0380F603DA013C2F610012AD4B006141610018AD4B0FD2
S3258002D0C041004B4051006B0031FF61001FAD6B0F311009F3D2084B0361314B3141104B4119
S3258002D0E051106B0F21F161000BAD09F1D2086B0F31004B0161114B1041004B4051006B0F73
S3258002D10021F06CF13C13142FEE05ACF9DA03345F3C0D91000027192FE4F26100F1AC6CF105
S3258002D12091000027192FE0F26CF2910000271920D0F2910000271921D4F2910000271923D8
S3258002D140D8F2910000271924DCF291000027392F54836E0D54F548164B054100482F4B3519
S3258002D16041304B1641104B4641403C05910000F719FFE0F2911000F759F4C83B911000F7BF
S3258002D18059F3C43B911000F759F1C03B911000F759F0FC2B911000F759FFF82BDA00346F47
S3258002D1A0B4720090DA00911000F759FFCC3B911000F759FFD03B911000F759FFD43B9110C5
S3258002D1C000F7F9FFD0AB911000F7F9FFD4AB911000F7F9FFD8AB911000F7F9FFDCAB911083
S3258002D1E000F7F9FFE0AB911000F7F9FFE4AB61009EAC02F440F43B8005506D002DCC911022
S3258002D20000278200F920C0AB91100027F920C4AB91100027F920C8AB91100027F920CCAB5D
S3258002D220911000278210E920182C610077AC89F0141889F0151889F0161874FF6CF16CF21B
S3258002D24000900000911000F739F3182C2030DF03940061006CAC09FF50186E0B91100027BE
S3258002D260B92FC0AB6CF591100027B92FC4AB6CF6486F4858780B9110002709FF5118B926FF
S3258002D280C0AB91100027B927C4AB6E036876688709FF5218487948856E03689668A709FFC0
S3258002D2A0531849F2240A542A48A46E0368B668C749F5141A145F49F42C0A544B48C26E037E
S3258002D2C068D668E749FC151A14CF49F6340A49F7380A546C54716E0468F689F7001949FDAF
S3258002D2E03C0A49FE001A54DD54EF780A49F3161A143F6E0589F6041989F7081982006100B7
S3258002D3000DAC345034C03430485F1260487F42F0542F42F0544F42F0546F42F054DF42F0FA
S3258002D32009FF041942F006D06830685668787429744A746B74DC89FD0419486F1270488FC5
S3258002D34042F048AF42F048CF42F0547F42F054EF42F009FF081942F006D068406867580B1C
S3258002D3606CF868A568C4747274E1580A89FF0819484F89FF0C196100DAAB91100027D92255
S3258002D380D0AB483FB42F91100047D944D4AB09FF0C19B44F763A91100027B92FC0AB911000
S3258002D3A00027B920C4AB3C05092FC0080940C00891100027B921C8AB9100002752121923B7
S3258002D3C02C134B024121911000274B324120B923CCAB910000271925301391100027F921C3
S3258002D3E0D8AB91100027F923DCAB0B30804091100027F920E4AB4B04414191100027F92F8B
S3258002D400E0AB910000274B544140392F44936E031E193C1240F28922040561008DAB74FFFA
S3258002D4203C0774F240F2610087AB892F040549F4080A74443C0A74F249F4080A61007CABAB
S3258002D440744F40F2892404059110005754FF595FCC3B911000F7542F59FFD03B911000F779
S3258002D460544F59FFD43B0090DA00911000F759FFEC3B911000F759FFF03B911000F759FF8E
S3258002D480F43B911000F759FFF83B911000F7E9FF1C2C911000F702F4D9FF74CB3B40025078
S3258002D4A040F46D00D9CA91100027592FD83B91100027592FDC3B91100027592FE03B9110CA
S3258002D4C00027592FE43B91100027592FE83B821089F020086CF589F021086CF774FF6CF11A
S3258002D4E000900000911000F791000047394F4C8319F3E43B911000F7B703818FD9FF74CBA9
S3258002D50049F2220A20286E38142FEE05821089F02008342049F2200A142F6E047B0016F4D2
S3258002D5206CF4910000471940F0E2911000477B00F8131942E83B6B003111484F4B02410042
S3258002D540910000476BF161F06CF41940F4E2910000476B0031FF1940F8E26B0F71F878042A
S3258002D56082004BF001108F6100112BF040F16CF2342048283C02342F91000027392F7C7336
S3258002D58082008B0F00428B5F0022F6431E1276228210911000C7D9CC1C2C34C049F2230A55
S3258002D5A0DF027300142FEE076CF5821089F021086CF73420910000471940FCE29110004714
S3258002D5C01941D83B49F2140A4B0101F049F5210A49F61C0AAE2A6700BF0F4B1001F016067D
S3258002D5E02A0189A114093C0389A0140954205805910000476B0031FF1941CCF278044B1F6A
S3258002D60001F0AE296711BF1F58044B1F01F0AE0358053C036B0121F0742F9100002739202F
S3258002D62050837602780558056B0331FF7805145076026CF69100004749F2180A1943C0F2A1
S3258002D64091000047580554211945C4F26B01311F54604B5F41F0910000476B3161FF6B0FEB
S3258002D660211074611940C8F24B0101F0AE276700BF0F4B1001F016066A107460DA00345F9F
S3258002D6805805742F3C03DA00342F49F20C0A9110004754211940E03B910000476B0131F0FF
S3258002D6A01943E8E278054B3F01F0AE2A6B0131F06733BF3F4B3F01F0AE0302013C036B03EB
S3258002D6C021117421F6227649762348793C0C911000271929DC3B3C0791000027392F488333
S3258002D6E02B01409F14CF6E4FB70981FF7804610028AA49A5140A02846D002A96820A09A014
S3258002D70014094BA001F0AE0A7B00F8134B1001F016062A1089A014093C0389AA140909A525
S3258002D720140991000047D944B8A202246D00F49091000027392F448389A214096E1D910093
S3258002D7400027392F40836E184BA901F02E2758044B2F01006F0013003C0D09A0100958056E
S3258002D7604BF001F02E046700BFFF3C04580567FFBFFF78053C0389A91409911000275805AD
S3258002D780592FF43B14CFDF0FB70091000027392F40838209911000C7D9CCF43B54C049FDBE
S3258002D7A0040ADF0FA100B70081FF7804B700814F91200048D944BC323B30015049A5100A42
S3258002D7C06D00C695022A6100BCA949A5140A02846D00BE9509A0140902284B9001F02E03C8
S3258002D7E082003C097B00F81358054B1F0120370261F12A1009A110094B9101F02E03820163
S3258002D8003C097B00F82358044B2F01F0370F61F12A2189A8180989AA1C0989A1040974A006
S3258002D82049A4180A40A591000067D966B8213B5001406D00D39058057802022B09A01409F6
S3258002D8404B9001F02E0382003C097B00F81358054B1F01F0370F61F12A1089A008095804D6
S3258002D860780309A010094B9001F02E0382003C097B00F81358044B1F01F0370F61F12A1010
S3258002D88089A00C0989A8200989AA24099100006754CFD966C0014B9F01F0AE2D49A4200A20
S3258002D8A049A5080A3B5001406D0098906722BFFF78053C0B49A4200A49A5080A3B50014091
S3258002D8C06D008C9089A214095805911000C74BFF41F06BBB614F6D0023C959C2F83B74FBC3
S3258002D8E058053C0874F991000027192FECE24BF041F074DF9110002754FF592FEC3B91109A
S3258002D900002709FF0405592FF03B0090911000F78204F9F4E8AB911000F7F9F4ECAB9110A9
S3258002D92000F7F9F4F0AB911000F7F9F4F4AB911000F7F9F4F8AB911000F7F9F4FCAB9110C7
S3258002D94000F7F9F4C0BB911000F7F9F4C4BB911000F7E9F4202C911000F7E9F4242C9110B5
S3258002D96000F7E9F4282C911000F7E9F42C2C911000F7E9F4302C911000F7E9F4342C9110E3
S3258002D98000F7E9F4382C911000F7D9FF989B3BC0005040F46D0060C8DA002CF42CF52CF6D3
S3258002D9A000900000910000F739FF50B36E06910000F7C9F21CA33C11910000F7C9F2107303
S3258002D9C0910000F7C9FF24C33FF20800910000F7C9F014730B0FA021910000F739FF54B3E5
S3258002D9E06E06910000F7C9FF20A33C1F910000F739FF58B36E163B0058F2910000F7C9F0A8
S3258002DA0028C33F0F06003B00A8FD0BF0A0F18F0F21F08FE2200086B0A20F8F0F3FF03C059E
S3258002DA20910000F7C9FF0CD3911000F7F9FFF4AB910000F739FF54A36E06910000F739F024
S3258002DA4078C33C05910000F739F058A3910000F739FF70B36E06910000F739F174B33C05A5
S3258002DA60910000F739F16CC3910000F739FF5CA36E0A76147603DA003C0A910000F7B9FFA3
S3258002DA8008D33C05910000F7B9FF04A3911000F7F9FFE8AB910000F739F564C3910000F773
S3258002DAA039FF60B36E06910000F739F364B33C020253910000F739F668C3910000F739FF1F
S3258002DAC068B36E06910000F739FF6CB33C02026F82047632AA14370468F0911000C7D9CC15
S3258002DAE02C2C34C4BA0F911000D7D9DD302C34DF911000F7911000E7E9F1282CD9EE202C87
S3258002DB0034E0911000F7F9F2FCAB911000F7D9FF989B40F4094F440449F2050A14D1EE04A7
S3258002DB20821034403C0C142F5E1D087F0F1FC0007603DA002CF8761B088F6E098220DA0149
S3258002DB403C04F6158210DA0034202CF606759110002706A5D922242C42563426761D142F0F
S3258002DB605E2691000027B9283CC33C0A91000027B92838C33C0591000027B92834938FC82F
S3258002DB8020F0BBF0FF9F9BF9FF9754F052917F10040002943C025204086F6E0691000027F3
S3258002DBA0B9252C933C0591000027B92530933BF000606D008D9254FFCE297B0000080B2097
S3258002DBC080107F1F040002093C078E250B2980003FF00300122974F937097006910000278E
S3258002DBE0392F44A36E0914CF6E0514EF6E03DA003C07020F3C0591000027B92F2893A28021
S3258002DC0091100027F92FF0AB370070F0910000273B0000018F8F00F00BF050F12CF8392F90
S3258002DC2078B36E069100002739207CB33C0591000027392074C3760514EF6E03DA003C0FE0
S3258002DC4091000027392F60A36E0691000027392F70C33C0591000027392F64A39110002722
S3258002DC60E92F382C91100027E920342C91000027392F5CB3911000C7D9CCF8AB6E21910070
S3258002DC8000273B803801B92F2CC3BB00005F0B0F80F18F0F214082266D00D089370250F07F
S3258002DCA091000027B92518738FEF20406D003C8A91000027792F5093E2F2B4C23C0691004A
S3258002DCC00027C92F30C3B4CF91000027392F48A36E0791000027B92F34C306EF3C05910049
S3258002DCE00027B92F389391100027F92FECAB91000027392F4CA36E0691000027C92F00D335
S3258002DD003C0591000027C92F3C9391100027F92FC0BB91000027392F50A36E069100002711
S3258002DD20C92F04D33C0591000027C92F00A391100027F92FC4BB14DF2CF70090911000F74B
S3258002DD408204F9F4C8BB911000F7F9F4CCBB911000F7F9F4D0BB911000F7F9F4D4BB911074
S3258002DD6000F7F9F4D8BB911000F7F9F4DCBB911000E7F9E4E0BB911000F7F9F4E4BB9110C3
S3258002DD8000F7E9F43C2C911000C7E9C4003C911000F7E9F4043C911000F7E9F4083C91105F
S3258002DDA000D7E9D40C3C911000F7D9FF787B3B00035040F46D0050C6DA0289FF1808DA00F9
S3258002DDC089FF290889FF2A08ACF989FF2B08ACFA89FF1708BB000008F9E0E0BB89FF1C08B8
S3258002DDE089FF1D08ACF591100027F920D8BB89FF250889FF2608ACF889FF2C0889FF270857
S3258002DE0089FF280891100027F920DCBBE9CF003C89FF220889FF210889FF1F0889FF200894
S3258002DE2091100027E92F3C2CE9DF0C3C89FF230889FF240889FF1608ACF4009020089110FC
S3258002DE4000C7911000F7D9FF787BB9C4ECAB91000047D944D0B2823540A549F6190A6D001A
S3258002DE60F59349F4290A0224144FB9C1ECAB49F22A0AEE10DA01344F91000047B94F3CA3FE
S3258002DE803F1F7C8091000047B94F38A37FF138803C10142F1E131E273C2E09FF6B08DF2FC5
S3258002DEA02F003C0709FF6B081E14DF3F67003C27DA01342F91000047B94034A309FFD2080B
S3258002DEC049F2120A7F101080C21FB42F9100004709FFD208B94030A37FF00C80DA0289FF9B
S3258002DEE02B083C03FF2F0480DA003C02C2FFB42FDA013C6409FF6B08DF2F4080DA02342FB7
S3258002DF0091000027B92F3CA37F1F128009FFD20891000027C21FACF909FFD208B92028A324
S3258002DF207FF02A80DA0389FF2B083C2591000047B94038A349F2140A09FFD4087F0110804E
S3258002DF40C21FB42F9100004709FFD408B9402CA37FF01280DA0189FF2B083C096100FDA512
S3258002DF6009FFD20849F2120AFF2F0480DA003C02C2FFB42FDA023C22DA03342F9100004720
S3258002DF80B94000B309FFD40849F2140A7F011280C21FB42F9100004709FFD408B94024A3BE
S3258002DFA07FF00C80DA0289FF2B08DA00B42F3C056100D3A5DA00ACF9DA0389FF17085E2CE3
S3258002DFC009A5C00891000047D944D8B282366D00CB8C86323C02820291100057370270101D
S3258002DFE0D955E0BB91000027095FC008B92004B3B4A242F07F100500370070003C10370210
S3258002E000700091000027B92108B342107FF00600A21F370F70003C033702700091000027DD
S3258002E020392F40B36E03020F3C0591000027B92F0CB3B4FF91100027C92FC0BB610094A553
S3258002E04049F41C0A144F49F21D0AEE04DA01344F3C0A142F5E1C91000047B94114B3DA0248
S3258002E0607F140F80DA02342FDA013C0A91000047B94110B3DA017F410480342FDA02B4509F
S3258002E08049FC0A0ADE1091000047D944F0B2822540A549F61B0A6D00D99291000047D9445D
S3258002E0A0F8B23C0F91000047D944C0C2822540A549F61A0A6D00CA9291000047D944C8C235
S3258002E0C0822609A5C00802246D004E8CB4C291000047394F44B349F20C0A6E0409FFCA08C3
S3258002E0E03C033B0000F1B42F91000027392F40C349FC0E0A6E1D91100027C92FC4BB61009F
S3258002E10033A591000047D944D0C2822540A549F61E0A6D009B92822691000047022409A537
S3258002E120C008D944D8C26D001F8CB4C23C043B0000F1B4CF09FFCE0809F0CC0849F2020A69
S3258002E1403F0F05808630B4203C03863FB42F91100067D966D8BB910000270960C008B92156
S3258002E1601CB309F4C20842019110004791100057D944DCBBD9550C3C0942C00814537F41FA
S3258002E1800500370170403C0B91000027B92118B31A147F0F0500A210370070409100002754
S3258002E1A0392F44C36E0302403C0591000027B92020B340F28920840491000027C92518C32C
S3258002E1C049F7250A0B50C001B4A049F2260A147F49FC2C0AEE04821034703C351420DF10A3
S3258002E1E02B8091000077B9712CB309F0D00849FD100A3F10078082203420DA0134CF3C18AC
S3258002E20091100027C92FF8AB9100002709A1C008B92628B30BF0C0F13F610B8091000027A0
S3258002E220B92130B37F1F0580C210B4D03C10DA00B4DF3C0D09AFC00891000077B97024B396
S3258002E2407F0F0680DA01342FDA0034CF49F7270A147FBB00006849F2280AEE06DA01347FF1
S3258002E260342F82073C46142F1E131E293C2714CF82076E4009FF6D08EE3D3C2614CF8217EA
S3258002E280EE0709FF6D086E04DA0382273C1F91000027192F1C239100002706FFB92038B371
S3258002E2A08F0201108F00012042F27F120680A2F18F011F203C1F02023C1D14CF82276E081D
S3258002E2C009FF6D08EE05DA028217342F3C13910000278F0201F0192020237B00101006F0D8
S3258002E2E0420F8F9F1F007F1005808F0F1F203C02026291100027E927003C91000027392F31
S3258002E30048B36E03022F3C0591000027B92F34B340F2892F860491100027B92FE8AB9100C8
S3258002E3200027B9213CB382007F1F0B8091000027B92100C37FF1068009FF6E086E028210EF
S3258002E34089F02E0891000027392F50C36E06911000273921382C3C05370068008B002012BC
S3258002E3606E06911000273927342C3C05911000273927282C91000027392F4CC36E06910028
S3258002E3800027B92838C33C0591100027B928F0AB49F21F0A142F49FD200AEE07821034207B
S3258002E3A0822034D082033C6F14DF1E14DF2F2D003C3991100077397F202C49F2220AEE04B5
S3258002E3C0820034203C2A142FDE1191100077397F2C2C8230EE04DA507FF85780F673DF01BA
S3258002E3E05480DA02342F82403C3D8240DA503FF8078091100077397F2C2C6E21DF014500C1
S3258002E400DF0743803C1C8200F672F617DA503FF83C8061009DA3EE38DA0334DF49F7210A3D
S3258002E4203C3091100027392F202C49F7210A5E1BDA00347FDA0134DF49F2220A82133423BA
S3258002E44082303C22147FDE108210DA507FF81D8061007EA3EE19DF011880DF0716808220B4
S3258002E460347082033C118220DA503FF8058061006FA36E0776127675F674610069A36E0472
S3258002E48082133473023091100027E9203C2C49FD230A14DF49F2240A49F7160AEE07DA014E
S3258002E4A034DF342FDA00ACF43C26142F1E131E273C1DDA00347FDF0338003C03347F76352C
S3258002E4C0DA03342FDA013C17910000771970242309FFC80806F049F2080A8F0F01F07FF055
S3258002E4E00480A20F3C1CDA003C1EDA01347FF635DA02342F347F3C1891000077197F2823E9
S3258002E50009F0C80806FF49F2080A8F000100420F8F9F1F007B0010907F9005808F0F1FF0CE
S3258002E5203C02026FB42F91000027392F48C36E0409F9C8083C0591000027B92904C309FFA8
S3258002E540C00809F0C408911000270B0F90F109F0C6080B0F90F10B9F90F1F92FD0BB0B6F89
S3258002E56090F191100027E2F5F92FD4BB911000278F153FF0F92FE4BB91100027F929CCBB69
S3258002E58014CF89FF2D08911000F7F9F8C8BB911000F7E9F7083C911000F7E9F1043CB464C1
S3258002E5A03453B44200900000911000F7820459F4FC3B911000F759F4C04B911000F7F9F4AF
S3258002E5C0E8BB911000F7F9F4ECBB911000F7F9F4F0BB911000F7F9F4F4BB911000F7F9F4FB
S3258002E5E0F8BB911000F7F9F4FCBB911000F7F9F4C0CB911000F7F9F4C4CB911000F7F9F4FB
S3258002E600C8CB911000F7F9F4CCCB911000F7F9F4D0CB911000F7F9F4D4CB911000F7F9F4FA
S3258002E620D8CB911000F7F9F4DCCB911000F7F9F4E0CB911000F7F9F4E4CB911000F7F9F49A
S3258002E640E8CB911000F7F9F4ECCB911000F7F9F4F0CB911000F7F9F4F4CB911000F7F9F43A
S3258002E660F8CB911000F7F9F4FCCB911000F7F9F4C0DB911000F7F9F4C4DB911000F7F9F43A
S3258002E680C8DB911000C7D9CC103C34C4911000F7E9F4143C911000F7E9F4183C911000F7D8
S3258002E6A0E9F41C3C911000F7E9F4203C911000F7E9F4243C911000F7E9F4283C911000F786
S3258002E6C0E9F42C3C911000D7D9DD303C34D4911000F7E9F4343C911000F7E9F4383C91105C
S3258002E6E000F7E9F43C3C911000F7D9FF10CA3B40115040F46D00B0C18204911000473BA0C5
S3258002E7000050D944ACAB6D00A7C18204911000473BA00050D944B8AB6D009EC182049110CC
S3258002E72000473BC00350D944604B6D0095C18204911000473BC00350D9445C5B6D008CC1E7
S3258002E740DA0089FF393889FF0348821089F0084889FF333889FF343889FF3B3889FF0419A9
S3258002E76089FF3C3889FF301989FF3D3889FF983889FF024889FF963889FF014889FF3738FF
S3258002E78089FF383834CF89FFBA1889FFBC1834DF89FFA62889FF8C3889FF1A3889FF3538BC
S3258002E7A089FF363889FF3E3800900000911000F7D9FF10CAD9AAF87FF85E49F2282A49F4E9
S3258002E7C0393A49F5034A911000F7D9FFF4AB942014431454F867911000F7D9FF004CF862BC
S3258002E7E0820814FF6E0C02858B130000DAFE0B3F5011ABF08F01370068303C06D8670284D1
S3258002E80094F10B01A051DA0A7E33821402837644D862028034F0910000F7D9FF2083F85F4A
S3258002E820FA0509F6C0087F56040002603C03AB05A00F911000F7D9FFC0CBF863B4F0910026
S3258002E84000F7B9F0247337005020911000F7C9F1F8AB7F2107003250370050000B01A021E0
S3258002E860D85EA22149F6062A89A6947989F1862809FF8628911000F70BF0C0F1787ED9FF7C
S3258002E880DCCBF864B4F234543443B425D85E49F20B4A910000F739F05893142FDF001301D7
S3258002E8A0EE15D85EDA01028089FF084889F0333889F0343889F03B3889F0041989F03C382A
S3258002E8C089F0301989F03D38342F09A2B859492F084AF860492F3D3AF8804924333A144F1B
S3258002E8E04925343A492E3B3A4926041A5465145214E3492D301A492C3C3AEE05821234427D
S3258002E90002833C4ADF120500D86014FF6E49910000F719FF3C1382220EF6610071A152010F
S3258002E9203F150900CEF67B00000852013F5103005250CE097B0000183F010500610060A112
S3258002E9403C023250910000F719F138137F0124007FF51000CE567B0000F852503F011800D9
S3258002E9608E5661003DA152503F10120042153C180E57610035A10BF580003F010900CE59B2
S3258002E9807B0000F80BF580007F10040002F53C08A2153C068213910000F719F5002334E3D0
S3258002E9A034527465910000F739FF6493EE05910000F719F50423D85E3B00016089F534196C
S3258002E9C0910000F719F408236D009283BB10D59E9B7948963B0001600B9210486D0062835A
S3258002E9E0D88054D014C114FFEE0382003C06A2097F92068042208201DA013C04820082111F
S3258002EA00020F34FF34C174D0912000F8D9FF8C5249A2043AA0A444FF642FFC4EBB40B50F46
S3258002EA2054DF9B1092017FF01100BB906A1F9B31241352113F10040082103C09BB10D50E4B
S3258002EA409B70480652013C0202F18200862182053B20BD239BD26D2202230254025649AF9F
S3258002EA60043A54FFCE1542F14242A2353C04A2F1A2424235C216026F325F0FF210300FF5BF
S3258002EA801040B04FDA0B3FF6EE7F76023255D85E91000027C92430733BE001606D00E28A46
S3258002EAA089F29E2414EF6E03DA003C0294FFD85E89FFA02814CF89FF0848D85F09F6C00833
S3258002EAC03C076E06D85EDA0089F8A028342F910000F739FF5C936E06911000F7C9F0FCAB20
S3258002EAE03C05D85E09F0A02886E0D85E911000479110005749F2222A89A2AC6989F0A228D0
S3258002EB009110002709F2BC1809F3BA18911000F7D9FF3C3CF85F9110006714F4D867D9227F
S3258002EB20343CD944383C94F1D955C8CBD966CCCB142514479459946ACE1382FF3C038B0184
S3258002EB4020F20B00C001787B89A0A45802F0911000778B1080F27879911000C7D977D0DBCC
S3258002EB60D9CCCCDB8E03947F3C0294CF0BF0C0F189AFA65882003FF60980910000F7B9F128
S3258002EB801C830B1F30F1EA10370068F0911000F7D9FF143CF86634F06E0409ABE6583C0296
S3258002EBA0820BD867820C94F00B00C00189A0A6587F600980910000F7B9F11C830B0150F176
S3258002EBC0EA1C8200F6B3AB10A00C911000F7370068F0E9F0183CD85E49FD104A14D16E4058
S3258002EBE049FE183A09FDD83849F3024A1434F614820D02D48211D86B94F0CE0382FF3C03B4
S3258002EC008B0020F27881910000F709A0E458B9FF10833FF02180910000F7B9F01CC3587E68
S3258002EC203FF01A8009A02C795881FE05910000F7B9FF0C837FFD0E808B1D00E0BBE0FF0F4F
S3258002EC400BD050F1BBF0FF0F6A0E370E70D03C0582143C038204024D3434B4ED3C0476139D
S3258002EC6082040241820034D176C3AB10A00B911000F7370068C0E9F01C3CD85E49FD0E4A21
S3258002EC8014DFDF0C360049FE163A09F5D63849F3014A143DEE048205025DDA0109A0E458C5
S3258002ECA0910000F7B9F118837F011A806100BA9FF86509F0C008910000F7B9F114837F01C4
S3258002ECC00F80910000F7B9F024837F500580821D82003C0AC215370570003C066100A29F23
S3258002ECE08200F865020D02D5343DB4E03C076E038205025F6100969FF86534DFD85E09FFE2
S3258002ED004F4476C709A0E658DA010B0B30713C046E038207027F34FFDA00F643F6527672F1
S3258002ED20DA01911000E7D9EE203C34EFD85E49FD2A2AD86294D014FF6E03DA003C05D86756
S3258002ED4094FF0B0F80F13256B4DF370650608EF382003C030B6FA00114EC76CED86794F1A0
S3258002ED608B0180F20E1394C93C0202096E04D86394FA3C02947A911000F7F9F0C4CBD85E79
S3258002ED80911000D7D9DD303C49FE383A09FF773414D114EDEE05DA0134FF82013C0FDF1D34
S3258002EDA00500DF2D0C003C06820E76CA823D821E3C07D862821E14FF6E06821D820E94C214
S3258002EDC094733C0E09A0E658910000F7B9FF28837FF00780822D0B9A1028821102DE34ED72
S3258002EDE034D1911000F7E9FE103CB4C2B473911000C7D867911000D794FF0BF0C0F1F9CFF8
S3258002EE00ECBBB46AB4593447342591000047D85FD944F8A2824549A5265A34F4F9DBE8BB2A
S3258002EE20D864B4F6D85E89F3BA1889F2BC1889A4BC59D86509F4C008D85E49F61F3A6D0012
S3258002EE40058C824691000047022409A5E658D944C4B2911000F76D008785B9CFECBBB9D08B
S3258002EE60E8BB422FF9F2F0BBA20F370F50007A026E03022F3C038B0040F38FFF00009110CF
S3258002EE8000C74B201102D9CCF8BBB4C0910000D7D8653BC00050D9DDA8F240D409F0C008C4
S3258002EEA0911000F706C089A0A658F9FFF4BBD85E09A4E65849A5245A49F6203A6D00C68BBA
S3258002EEC03BC0006091000047022409A5E458D944C0426D00498589A2A458910000F7D9FF86
S3258002EEE02C73F8698F02014009F5C0083BA000606D00D880BB20AA5D9BF5905C3BE0016018
S3258002EF0002246D0041897B1000403BE0016002256D00EE807B1000F089A23C39422F783E81
S3258002EF207F2F048082FF783E61005A9E787C3BE0016009A038397B1000400BF0905189A528
S3258002EF4038396D009F80D85E0229029409FFA22809F0AC283BE00160420F8FCF20506D008E
S3258002EF603788583F09A0307902940B0F90F1783F7B10000089A03839022A52053B00016035
S3258002EF806D0026883BE0016009F52C1502246D006988CEA67B0000F852A03F0208008EA837
S3258002EFA061001E9E52A07F20040002FA3C02422A911000E78F4A3FF074FAD9EEC8DBB4EF66
S3258002EFC03BC0005040D494EF49A5245A0BF0C0F189AFA258D85E09A4E65849F6213A6D0055
S3258002EFE0358B022909A5E45891000047D944C4026100FB9D6D00B884022A09A5E4589100B0
S3258002F0000047D944E0026100F09D6D00AD84022B09A5E45891000047D944D8126100E59DBD
S3258002F0206D00A28489A210799100004709A5E458D944F4126100D99D6D009684022C09A5E2
S3258002F040E45891000047D944EC226100CE9D6D008B8409A0E25809F3A6243F0A0480821396
S3258002F0603C2709A0E2581ABA7F0A06803F0F040082233C1E09A0E2587F0F070058743F0FFC
S3258002F080048082333C15587409A1E25812C07F1F06803F10040082433C0B021F7FF00600C3
S3258002F0A03FF2048082533C040BF250F1EA73B4F39100004709A5E458D944E4326100959D34
S3258002F0C06D005284022D09A5E45891000047D944FC0261008A9D6D004784022E94FF1E1C9C
S3258002F0E09E21DF3F3500DF4F4D00DF5F8F00DF7FDA001D00E60009AFE258E2DF068F1D008E
S3258002F100810009AFE258A2DEA2AF370F70F0370E7000862F89AFA45809AFE458D85EE2FFD4
S3258002F120370F70F7E20F8FDB0000370F70F5370070068FCF00F04B0F110209AFE258E2FD5B
S3258002F140068D42D089F08C381D00BB008FEB00F08F3F1FF089AFA45809AFE25809A0E4581B
S3258002F160A2AF862F062AA20F42A0370F70F037007000E2EFE2D08F6F1FF08F601F003C40D7
S3258002F18009A0E258587491000047A2F009A5E458370070F0D944D022862F370F70F0E2FF02
S3258002F1A0370F70F76100219D6D00DE83A2E237027000062A8FDC0010E20F370170168F6FA8
S3258002F1C01FF089AFA4588FEB00F08F3F1FF009A0E45842AF370F702009AFE2588FC0000030
S3258002F1E0862FA22F370F70F04B101102E2D2E2EF37007000370F70F5420F8F621F00420F64
S3258002F200D85E89FF8C383C5CD85E09A5E45891000047D944C8326100E89C6D00A5838FEB49
S3258002F22000F091000047862289F28C34370FF0B6D944D0228FEC00F009A5E458370FF026EF
S3258002F24058748F2A20108F2F20001A0252B05874A21037007000E2E0370070C509A0E2583F
S3258002F260A2F08620A220370070F06100BE9C6D007B83E22F062A370F70F542AB42FC370BF6
S3258002F28070F0E2DF8F6F1FF042FC89ACA45809A2B85909AFE4580920CC383FF01280B4FFF8
S3258002F2A03C0F09A5E45891000047D944C83261009C9C6D005983D85E862289F28C3894EF20
S3258002F2C08EF3DA013C03BA0FC2FFD85E3BF0FFA73B00009889FF1A3809F0CC38E2F07F0A75
S3258002F2E0040002AF3C030B90A0F1911000F7F9FFD0CBD86B3BD000609100005791000067AD
S3258002F30094FF912000F80BF0C05189A5A458D9FFFC45F870D955DC6209A4E658D966C8D143
S3258002F32040D440F76D00488589A2A4583BC0006091100027D86B94EF09A5E45894F491109D
S3258002F34000F7A2F45924C04B6D00AC8659F2FC3B911000F7C9FFD0CB422F3FAF05003BF065
S3258002F360FFF73C030B9FA0F1911000F7D9FFD4CBF86EB4FF910000D7D85E8245D9DDECA2C4
S3258002F38040D449F6223A09A4E65849A5245A6D005D89824691000047022409A5E458D944BF
S3258002F3A0E0526D00FF82D86E8276022594F46D008F86D85E022C40D4824549A5245A09FF83
S3258002F3C0B228787D49F6233A09A4E6586D003E89824691000047022409A5E458D944F45208
S3258002F3E06D00E082827609A4347902256D007086022B09A4E658824549A5245A49F6243AF2
S3258002F40040D46D002389824691000047022409A5E458D944C8626D00C582827609F4B428BB
S3258002F42002256D005586022D09A4E658824549A5245A49F6253A40D46D000889911000E750
S3258002F440D9EED8CB94EF787F022491000047824609A5E458D944F8426D00A482022594E407
S3258002F46082766D003586022F09A4E658824549A5245A49F6263A40D46D00E88886CB910023
S3258002F480004786CC09A5E458A2BCD944CC5286CD42DC86CF42FC824602246D00838282766C
S3258002F4A009F4B62802256D00138686C2A22C7FCA040002A03C030B9CA001B4E0910000F714
S3258002F4C039FF54936E04370050F03C03D86E94FF910000F7D9FF1C73F87194F03FF0080071
S3258002F4E0910000F7C9F020730B0FA001D864910000D73B500150D9DDA092B4F040D4D85E9F
S3258002F50009C4C00849A5265A49F6273A6D009E8889A22858824549A5225AD86509A4BC5952
S3258002F52009F4C0086D00648889A22958912000E809AFE65889AF86583B600140D9EEF445F8
S3258002F54009AFE2589100006789AF8858D9666C0240E749A4285A49A5065A6D00A382D85EC8
S3258002F5603B50015049A5225A40D489F2BE2849F6283A09C4C0086D00698889A22A58824540
S3258002F58049A5265AD86509A4BC5909F4C0086D002F8889A22B5809AFE25889AF8A5809AF1B
S3258002F5A0E65889AF8C58D87594FFCEF382FC3C038B0F20C28B1C80D25879BBF0FFEF91009B
S3258002F5C000670BFD00B1D96610D23B60014040E749A42A5A49A50A5A6D006482587E9110D2
S3258002F5E00027E2F28F421FF00BEF90F1783EAB0F80FBD85E89FF8038370F70F009F0FE2807
S3258002F600910000F742F089A038390BE090F1783E89AF8E58B9F02C83D8640B0F90F1F92F77
S3258002F620FCBB94F2B920FCBB0B20C0F189AFA458E20F91100027D85E8F1F1F00D922E0CB03
S3258002F64089F08E38587BE2F0B4208200D86494FF8B1F801258797E1C910000F739FF70A39F
S3258002F6606E0709CFC0086E04D86614FFAA10370068F0911000F7E9F0243C6E02942F91103C
S3258002F68000F7D9FFE8CBA2F2F86FB4F2911000F7F9FFE4CB910000F7D9FFD872F85F3B90B4
S3258002F6A0005049A50E5AD86509A4BC5909F4C008D85E49F6293A6D00C98789A22C583BF0E9
S3258002F6C04342D8699B3400403B80006009FFC008910000F78F0F01F0787989A41079B9F576
S3258002F6E038736D006585022509A424793BC000606D00D87C89A23C39D85E49F22E2A89A25F
S3258002F700986909FFA22809F0AE28420F8F6F20B07B1000F05AF2783E7FF20480DA00783E9E
S3258002F72009F41C1509A538393B0001606D000485583F7B10000042F089A03839583F7FF06E
S3258002F740048082FF783E6100169A09A538393B0001606D00877C74F286A291000047D85E8E
S3258002F7603B900050D944EC7249A5265A89F2AE2809FFAE280BF0C04189A4A4586D0038877D
S3258002F78089A22D583BA000409100006709AFE6589120007889AF9058D9664842D977CC55A5
S3258002F7A049A42C5A49A50E5A6D007C8189F2903889F2AE28910000C7D8673B900050D9CCA3
S3258002F7C0F06240C494FF49A5245A0BF0C04189A4A258D85E49F62A3A6D003887022409A550
S3258002F7E0E45891000047D944D4823B9000606D00BB8089F2883889F2BE18910000D7D865F6
S3258002F8003B800050D9DDFC8240D409F4C008D85E49A5225A49F62B3A6D00188789A22E5847
S3258002F8203B90005040C4D86749A5265A94FF0BF0C04189A4A458D85E49F62C3A6D000687E7
S3258002F84089A22F58912000C809AFE25889AF92583B900040D9CCC45509AFE658910000672A
S3258002F86089AF9458D966507240C749A42E5A49A5125A6D00178189F28A3849FE002A587B7F
S3258002F8803B800060910000F7325FE2F2B4E2B9F53C7309A410796D008B84022509A42479C2
S3258002F8A03BC000606D00FE7B89A23C397B1000F0D85E5AF209F0B828783E7FF20480DA0084
S3258002F8C0783E783C3B00016009FF862809A5383942F009F420158F4020B06D002D84583F0D
S3258002F8E07B10001042F189A13839583F7FF1048082FF783E61003F9909A538393B00016061
S3258002F9006D00B07B74F23702D00194EFA20F61007099D85E89FF8228370F50F009F0BE18FC
S3258002F92002013251370150103FF004000B1FA00189F084283B90005049A5225AD86509A48F
S3258002F940BC5909F4C008D85E49F62D3A6D007E86022409A5E25891000047D944C0823B90E8
S3258002F96000606D00018009A2B8593B80005040D449A5225A8922823849262E3AD86509F4F6
S3258002F980C0086D00638689A230583B90005091000047D867D944C47249A5265A94FF0BF08D
S3258002F9A0C04189A4A458D85E49F62F3A6D004E8689A231583B9000409100006709AFE258CD
S3258002F9C089AF9658D96644A209AFE65889AF985840C749A4305A49A5165A6D00638089F28F
S3258002F9E0923809FFA2280BF0C01189A1A45894E209F384288B12802209F0D2388B1380F281
S3258002FA00072F60F06E15910000F739FF68936E10910000F7B9FF34733FF10B80D85E09FF3C
S3258002FA20C238E2F08F101FF089AFA4583C0389A0A45809AFE458E2F38F333FF06100D998A0
S3258002FA40910000F7B9F00483E20F8F4F3FF06100D098E29FD85E8F1F3FF089FF8828910042
S3258002FA6000F7B9FF0083D85E370F50F009F18828739F0A003700D0073F1F04000B01A0F13D
S3258002FA80911000F7D9FFECCBF86D3B80006009A298699420E20F8F4F3FF0B4FFD86509FFE1
S3258002FAA0C008910000F706CF89AFA258B9F51C9309A410796D007C83022509A424793BC0FC
S3258002FAC000606D00EF7A911000F789A23C39D9FFF0CBF86C7B00014094FF910000F7D9FF8A
S3258002FAE01873F86409F5C008D85EE25F8F4F3FF089FFAE2809FFA2280BF0C0F189AFA6583B
S3258002FB0009F0AE280B00C00189A0A45842F089F094383B006801587ED867E20F8F4F1FB0CF
S3258002FB2094FF910000F70BF0C0F189AFA458C9FF20C30BF0C0F1370F50E06D00F57AD85E63
S3258002FB403702702049FC3E3A49F21B3A14C389A2A06909F45B38910000F7B9F02873D85E6A
S3258002FB603700501009F5A2287F1507003250370050000B05A0110B15800037005000CE0341
S3258002FB8082F13C038B002012820076D58E14587B3FF80600CEC5CE14587BCEF2821002064D
S3258002FBA009F0B02849F2381AA20549F4363A370550003B00E853E250370050F50BF0C0F1AF
S3258002FBC0B42F09FF75341445EE04DA0134FF3C6D910000F7C9FF3883DF15378009A0E4586C
S3258002FBE07F0F6500910000F7C9FF34837FF05F00910000F7B9FF04937FBF5980910000F73F
S3258002FC00B9FF00937FFB538009AFE258910000F7B9F008937F0F4B80910000F7B9F00C93DD
S3258002FC207FF04580D85E6100B7977FF04080DF063E00942F910000F7C9F010933FF03700C4
S3258002FC40822582133C3609A0E4583FF02F00910000F7C9FF34833F0F2900910000F7B9FF6D
S3258002FC6004933FFB2380910000F7B9FF00933FBF1D8009AFE258910000F7B9F008933FF02D
S3258002FC801580910000F7B9F00C933F0F0F80D85E610082973F0F0A807668942F910000F7E9
S3258002FCA0C9F010937FF0060082158203023B3C0809AFE6588F8E0000032F0AB0068B344545
S3258002FCC0763FD86794FF8EFCD85E09FF4448EE0809FF4548EE05C2148BF40FF33C02DA00D4
S3258002FCE0910000F7D9FF7893F86314F0D85E0BF0300189F0054889FF1B3834C389F1AE2868
S3258002FD0049F20C4A09FF4548DF0F8900DA01342F49FD1D3A09FF494414D06100769791006B
S3258002FD2000E7D9EE7C9314E00BF0300134F034DF14FF6E4B911000F7D9FFACAB40F249A475
S3258002FD403C4AA045842FA44FFC5E09A0BE4809A1805809AFBC48421009A1825882554210C4
S3258002FD6009A184584210420F370F50406D00DC79911000273B303311C920DCDB370250207A
S3258002FD80E201DA00370150163F2109003BD0CC10E2018F413F107F120300DA0182017602C4
S3258002FDA0AA11370168F009A2B85989213F386100FA96911000F78B0F0002E9F0283CAA0285
S3258002FDC0911000F7F9F2C0DB14DF14E0C2FF370F68F07F0F2580911000F7D9FF604B49A2FE
S3258002FDE0004A6100E59649A4004A6D001586DA0A49AE144A40EF6100E6966D009579C21F75
S3258002FE008B6F1F00BF10F97F14DF911000F7D9FFACAB50FF89F2BEF83C02342FD85E09F0F0
S3258002FE205C38910000F739FF40A36E06910000F7C9FF20933C0F911000F739FF283C6E0699
S3258002FE40911000F7C9FFC0DB3C05911000F7C9FFD4DBD85E49F20A2A89A2846989FF8A28D8
S3258002FE6009FFA228CEF382FF3C038B0F20F289FFA42814CF6E0FD86794FFCEFCD85E09FF6D
S3258002FE804648EE0809FF4748EE05C2108BF00FF33C02DA00D86314F0D85E0BF0300189F04B
S3258002FEA0074889FF1C38020F49F20D4ADF0F8200DA01342F49FC1E3A14C049F20A4A89A213
S3258002FEC0BC5909FF4A486100A09634CFC2FF910000D7370F68F0D9DD7C9314D07F0F2380B0
S3258002FEE0911000F7D9FF5C5B49A2004A6100609649A4004A6D009085DA0A49AE144A40EFA6
S3258002FF00610061966D001079C21F8B6F1F00BF10F97F14CF911000F7D9FFB8AB50FF89F24A
S3258002FF20BEF814CF14D0D85F0BF030F134FF6E42911000F7D9FFB8AB881F882194F042F1AC
S3258002FF40883F825542F1884F42F14210370050406D00EA7891100027C92FE0DB3702500052
S3258002FF6082026E103B303311E2F1370150163F0109003BD0CC10E21F8F4F3FF07FF0030027
S3258002FF808212370268F009A2B8598922004861000A96911000F78B0F0012E9F12C3C9110DD
S3258002FFA000F7D9FFC4DB6E03B4F83C04B4F03C02342F910000F739FF40A36E06910000F70A
S3258002FFC0C9FF24933C0F911000F739FF2C3C6E06911000F7C9FFC4DB3C05911000F7C9FF83
S3258002FFE0D8DBD85E89FF8C2809F0A4288E03D86194FF910000F7C9F014937F0F0400DA00DE
S325800300003C02A20FD85E910000C7D9CC8CF289FF8E28D8656100D29549A5303A40C46D00AB
S32580030020438389A23258825591000047D944D4A209A4E65849A5383A6D00368389A2335853
S325800300403BD0004091000067583E783DD966944249A4325A49A5303A6D00F67CD85E7B1003
S32580030060001089F2843809FF8E2809F0A428E22F8F1F3FF0E20F89FF9028583F09F0BA289C
S32580030080521189A13839583F7F1F0480DA00783E09FF90283B00016009A5383942F009F4E6
S325800300A024158F4020806D004780583F7B10001042F189A13839583F7FF1048082FF783E19
S325800300C0CE867B0000485A843FF20C008E88BBF0FF4F9BF4FF475A843F2F04000B280040BE
S325800300E009A538393B0001606D00BC7774F2910000F737025002D9FF7CA3F86114FF9100AF
S3258003010000F7EA00C9FF1893739F0A103701D0173F0F04000B10A0F1D86CB4FFD85E49F251
S32580030120122AB42BD86314F0D85E09FF5C3892F1370168107F010980911000F7D9FF5C5BA7
S3258003014050FF89FBBEF8D86814FF92F1370168107F010A80911000F7D9FF604B50FF942FD0
S3258003016089FFBEF83B803881910000F7C9FF2CC33FF806003B80C70E0B0FA0817B8016509C
S32580030180910000F73B00016019F42C236D006A77D86402243BA0006009F5C0086D00827F37
S325800301A089A23839910000F739FF7093783F49A4383A821449A53C3A024549A6300A82262F
S325800301C06D005885822449A4300A827549A5280A02466D00D1838F082140BB00005F3BA072
S325800301E000606D002B7791000027792F5093821449A4383AE2F239FF7093024589A23839DD
S325800302008B0F08F149A53C3A370F68F0783F822649A6380A6D002E85822449A4380A827544
S3258003022049A5300A02466D00A78349A4280A6D00C554022F49A4300A6D00C054D85E422F09
S3258003024089FF08190EFC6100DB9449FF281AF86054F152007F010400587C3C10D85E49FFF7
S32580030260281AF86054F0CEF97B00001852127F02050089A138393C03A20F783ED8696100F0
S32580030280CB94783F49A4383A821449A53C3A024549A6380A82266D00ED8449A4380A6D00CC
S325800302A08D54D85E022809F0081948CF8F803FB08F8F3F005A0B783ED8696100AD94783F33
S325800302C049A4383A821449A53C3A024549A6181A82266D00CF84822449A4201A02456D00EB
S325800302E0C77F49AF301AF4AF822489A4040949AF381AF80289A40C0949A4181A49A5201A9D
S32580030300024549A6082A823649A7281A02476D00018249A4082A823449A5101A82256D00C8
S32580030320B780822449A4101A3B00015049A5081A6D008854822449A4081A3B80005049A5AD
S32580030340001A02466D00C88249A4001A6D003654D85E022D48EF868FA2FB89AB3839D869C9
S3258003036061005A94783F49A4383A821449A53C3A024549A6281A82266D007C84822449A475
S32580030380281A826549A5201A02466D00A5823B000C4049A4281A82256D00A07F49AF381A74
S325800303A0F4AF822489A4040949AF002AF80289A40C0949A4201A49A5281A024549A6082A14
S325800303C0823649A7301A02476D00A48149A4082A823449A5181A82256D005A80822449A451
S325800303E0181A3B00015049A5101A6D002B54822449A4101A3B80005049A5081A02466D0025
S325800304006B8249A4081A6D00D95302230BD8A0010B30A0010BD880110B3180410E89BBF086
S32580030420FF1F9BF1FF170B1880203F200900CE897B0000180B1880207F02040002183C02BE
S32580030440A208CE867B0000F852803F0D08008E886100C69352807FD0040002F83C0242D835
S32580030460CE867B0000F852803F0309008E866100B79352803F3003001A380EF66100C09302
S3258003048052013F140800CEF87B00000852017F410400020F3C02A24F7B8038013FF006001C
S325800304A07B80C70E0B0FA001D85E49FD0C1A74D0910000F739FF7493DF0F0801822589A5AF
S325800304C03839821449A4383AD85E823649A5101A49A6082A09F2E00989A2D0196D007481AC
S325800304E049A4082A823449A5200A82256D00D07F54D449A4101A82256D00F07E822449A4CF
S32580030500101A3B00015049A5181A02466D00E48109A2D819822449A4381A49A5200A89F24E
S32580030520E00949A6301A09F2C00989A2F8196D00475309F2E009822449A4301A49A5381A08
S3258003054089A2F81949A6281A6D003A5309F2E809910000F7822419FF1423821589A2F8196F
S325800305608236783E49A4381A49A5383A49A62C2A6D002A81823449A42C2A3B00015049A515
S32580030580202A02466D00F88149A4202A823449A5301A82256D007C7F49A4281A49A5301ABF
S325800305A049A6201A82246D006F53D85E8224910000578215D955182309F2D009823649A477
S325800305C0301A49A62C2A89A2F0196D005383823449A42C2A3B00015049A5202A02466D001A
S325800305E0CB8149A4202A823449A5281A82256D004F7F49A4201A49A5281A49A6101A822411
S325800306006D00425349A4101A822449A5142A82356D003E7F823449A4142A3B00015049A52A
S32580030620082A02466D005881910000F719F4102349A4142A82356D001B7E49AF2C2AF4AFD0
S32580030640823489A4040949AF382AF80289A40C0949A4082A49A5142A024549A6100A824628
S3258003066049A7202A02476D00558049A4100A824449A5101A82256D000B7FD85E09A2D019DF
S32580030680822449A4281A3B00015049A5201A024689F2E80989A2E8196D006E8149A4201AE5
S325800306A06D008C5289F2181909F2C80989F2C00909F2E00989F2C80909F2D80989F2D0094A
S325800306C009F2E80989F2D809D85E3BF087549B65005009F418193B0001606D00E37C89F2AC
S325800306E010190224910000F719F50C236D00447DD85E89F21419D8656100609249A5383A61
S3258003070040C46D00D17F09A5383991000047D944DC4202246D001679D85E02253BF0006053
S3258003072089F2863809F414196D00BC7C910000F7C9FF30837B600010E2F93709D0073F12F7
S3258003074005003B0000263C097BA0FF1F3F2105003B00002A3C0286C27F2F040002F03C03F9
S325800307600B02A001587B8201E2CF8EF6910000F739FF6C936E028211911000D7D9DDF4CB08
S32580030780B4D0370168F0D85E89F13A386E7E09A4E45891000047D944FC92825549A5225A01
S325800307A049F6303A6D00527F022809A4E65891000047D944F092825549A51C5A6D00187FFE
S325800307C089A23558D8656100F991D85E49A5265A40C449F6313A6D00397F022F09A0E65821
S325800307E089A09A5889AF345891000047D944E8823B90005049A5205A49F6323A09A43879A6
S325800308006D00247F89A237583BD000409100006709A0E65889A09E5889AF3658D9660C1219
S3258003082049A4365A49A51E5A09A780796D003A79022F49A4345A49A51A5A91000067D9663E
S32580030840B8123BD0004091200078D977D4556D002979E22F910000473BF0FF07D944C8A2A8
S325800308608F1F1FF00B0F90F1783E028409A5E25882566D007978E22F8F1F3FF00BAF80F124
S32580030880E2FC370C50803C028208910000F7B9F50883824609A410796D008A7C3BC0006089
S325800308A009A4247902256D00FD73D85E911000E7D9EEF8CB94E149FC3C2A94C089F1AE2855
S325800308C07B1000105A12783E7FF20480DA00783E1A12783F7F2F048082FF783FD8661A08A0
S325800308E009A538393B00016094F46D00257C3702500009A53C398226420F8FEF20406D002E
S32580030900B173B4E2910000F739FF68A36E08D86F94FF910000F7C9F00CA3420FD85E49F2C7
S32580030920142AB42F910000F739FF6CA36E08D86D94FF910000F7C9F010A3420FD85E49F438
S32580030940162AB44F910000F739FF74A36E0794EF910000F7C9F014A3420FD85E49F6182AFC
S32580030960B46F910000F739FF78A36E0294DFD85E49F51A2AB45FD86114FF6E0BD86C94FFA6
S32580030980910000F7C9F018A3420F370F50003C028200D85E89F09C28910000F739FF609305
S325800309A06E1B942F9441D871A21F9461A21F9451421F42F094FF7FF00A00910000F7C9FFF9
S325800309C020730BF0A0F1370F50F0910000F7C9F008A3420F3C04D85E09FFA028911000F7CE
S325800309E0F9FFFCCBD85E09FFA22889FFAC28D86E94FFD85E89FFB228587D89FFB428587FCA
S32580030A0089FFB62809FFA22889FFAE2809FF862889FFB82809FFA22889FFB028911000F7CF
S32580030A2039FF283CD85E89FF0448911000F739FF2C3CD85E89FF064809FF902889FFBA2819
S32580030A4009FF0819D86074FFD85E48DF6CFC09FF08196CFD48FF6CFE09FF00196CFF09FF9D
S32580030A60081989FF0019B4C80090000020E840A46D004874910000C7D9CC302340C46D0049
S32580030A80413F61002A926D009CAE61003E9209AFC008F9FF34C3910000F76DFF93B5F9F2B2
S32580030AA038C3910000F76DFF9FB5E9F264C3910000F76DFFA1B5F9F23CC3910000F76DFF40
S32580030AC0B3B509AFC608E9F268C3910000F76100CE916DFF6FB56100AA906DFFADB56100F7
S32580030AE0B3906DFF61E76DFF63EE91100057D9552C3C1450DF101880911000F739FF084C1C
S32580030B00C21F370F68108B6160F2EA116100B8900121012691100047C94FC4DB892FBEF875
S32580030B20E9F1084C91100067D966283C1461DF111A80911000F739FF044C91100027C21F8B
S32580030B40D92284BB370F6820911000478B6260F2EA12C94FC0DB01220126892FBEF8E9F29B
S32580030B60044CDF110400DF101C80911000F7DA01E9FF865B61004091942F8F8F3F0028A0C7
S32580030B802CFB6100919191100027392F084C89FF140891100027392F044C89FF1508610074
S32580030BA06A9091100027392F303C49F7120ADE18347F91100027C92FCCDB610066908F8F35
S32580030BC03F0089201808892F190891100047C94FD0DB8F8F3F0089201C08892F1D08911058
S32580030BE000C7D9CC78AB820309CF5F080234910000E7D9EE7CC349F30E0A147014E1143252
S32580030C00DE1161003190A04DA423A443FCDE6100139182143463024091100027F923C4DBCE
S32580030C20345309CF5E086100B5909100002791100047C94FFCCBF92F18C3343234E189F446
S32580030C40110834706DFFFCE809CF5D085E13DA003C1491000027392F54C35E1691000027C3
S32580030C60C92F08C33C0A91100027C92FE4BB91000027792058C3E20FACF4911000F7F9FFF6
S32580030C80E4DB0090200861000C90D9FF044CF4AF34FC911000E7E9EB084C911000C7D9CC9F
S32580030CA084BB49CF080AF80189C6880889C0860889CA840889C88208B4C76100D08F49FD58
S32580030CC0080AB4D5A834A823A812B4F16DFF20E66DFF6CEC6DFF34E839EF084C91100057B8
S32580030CE0D955DCDB94536E2494D191100027D922E0DB9420F61E40F4C211844237016810E5
S32580030D004220370050003FF1F9FF4BF001023C0B40F4A0468441421037005000FC6C8251C1
S32580030D204B100102B42050FF09FFBEF83C0202F3D4A2911000F7F9FFD8DB142F6E1FD80156
S32580030D4094F0F60E40CFC21084F1370068004213370350303FF0F9FF4BF301023C0B40CFC0
S32580030D60A04284F0420337035030FC2C82504B03010250CF09FFBEF83C028200911000F715
S32580030D80F9FFD4DB910000F7DA01E9FF48B3910000F7E9FF70A3910000F7DA00E9FF4CB311
S32580030DA0B4500090024F404F82090298BBF0FFAF3C066D002F286D00CD11C2196D000C0E05
S32580030DC0DF1204003FA9F7FF02F440F46D00B8266D0020286D00BE11C218370870806D00DB
S32580030DE0FB0DDF1204003FA8F5FF7FA904803FA8048082220090823200900000024F025858
S32580030E00404F0269820B02BABBF0FFCF3C066D0001286D009F11C21B6D00DE0DDF1204006E
S32580030E203FCBF7FF0BF8104840F402966D0068266D00F0276D008E11C21A370A70A06D00DD
S32580030E40CB0DDF1204003FCAF5FF7FCB04803FCA0480822200908232009000008208028F51
S32580030E603C066D00D7276D007511C2186D00B40DDF120600BBF0FF0F3F08F5FF910000F7CE
S32580030E808224D9FF1092820540F43B0002606D0037266D00BF276D005D11610043906D00B8
S32580030EA09B0DDF120600BBF0FF0F3F0FF4FFDA002CFE2CFF89FF100802F83C066D00AA27C7
S32580030EC06D004811C21F6D00870DDF120600BBF0FF0F3F0FF5FF822440F46D003126BBF0A6
S32580030EE0FFFF6D0097276D003511C218370870806D00720DDF1204003FF8F5FF6D00EE0A13
S32580030F001D00B874820202203C07911000F739FFB49B61002090FF300480DF02F87F00904B
S32580030F20820202203C07911000F739FFB09B61001290FF300480DF02F87F0090BBF008FED5
S32580030F4020089B9FA8FD40A4025402F56D000E0237026820F62354AF6E02821200900000E2
S32580030F60DA00744F82020090911000F719FFB69B8B0F002200900000911000F739F2B09BDC
S32580030F8000900000911000F7D9FFB09B821034F0DA002CF489FF0609ACF16100F08F610058
S32580030FA0E18F34FF2CFC89FF1C0889F01D08ACFF89FFA20889FFA0081D001803911000C7E6
S32580030FC0D9CCB09B40CF09FF060520086E03C2FF74FF911000D7D9DD7CDB49D2200AF4A249
S32580030FE009DFE0086E07C2FF89DFA008EE03DA0134CF09DFE20849DE220A6E35C2FFB4EF57
S3258003100009DFE208EE303B803EF0B4EF49D20C0A142FEE2909DFDE0849D4100AD44F49D5FA
S32580031020040A49D61E0AFFAF0B80C21FB46FDA7F34FFD455145F2CF1DA783C0ADA0189DF75
S325800310401D08DA7F34FFD455145F2CF1DA102CF2DA03ACDADA02342F3BA00A4089D40D085C
S325800310606DFF2EB809CFC20849DF0C0A49C2020A6E08C2FFB42F09CFC208EE036D00FA7317
S3258003108014FFEE7649D61C0A146FDF1F8D80820034603BB0001049D7180A91200028D92256
S325800310A0ACC23C1640D2D47409258405C2F11442145F7E2C0CD13BC00C203E263BD00D2010
S325800310C07E250C415E1382103C044942100AF4727613DF00E97FDF002800D47282000201A7
S325800310E04924020A3C080141005614CF1452C2113A2FAA10FF310480DF00F77F7606092223
S32580031100880940D440F5DC0249D3100AD432DA0189DF1D08DA7F342F40D4094584051450DF
S32580031120892001083C343BD00D000CD149D4040A49D51D0A49D3100A5F0F2180A002F47252
S3258003114091100027D9229849F44291100027D922843BF432820034D034F03460DA01345FD8
S3258003116089D09E08B4E014CF5E14D4AFB4F00090D4AF3B803EF0B4FF0090D432DA01345F24
S32580031180DA7F342FD444144F2C21DA112C22DA03ACDADA0234FF3BA00A4089D40D0840348C
S325800311A01DFF8EB709DF5D08EE0D09D29809BD02E07F09228C09BD02DC7F820440D440F5BA
S325800311C0DC02009082026100DA8E14FFEE12DACC3E43DADD7E4E3B0040F03F5F0980DA01A1
S325800311E034FF2814A845B04FF44F0090823200908212009082026100C28E49F50C0A145FD4
S3258003120049F2100A5E2708DF7E45F442DA01345F0090A004E86491100047D9449849E814BB
S3258003122091100047D944843BF424022F34FF345F89FF1C08821289F21D086100778E00907C
S3258003124061009D8E14F0DF102480F65A081F7E4882203BA000108202821302243C1161002B
S32580031260818E820028C002038214A8F0020191100027392FB09BBA1F3B803E20AA0289F4A0
S325800312801D0889F31C0889F2A00889F1A20834F0009000006100738EDA7849F4100AD442E4
S325800312A03E45DA0189FF1D083C0509FFDE08C21FACFFDA7F342FC815145F2C2189240208CF
S325800312C0DA03ACFADA022CFC3BA00A4028D41DFFF7B600006100538EDA0189FF1D08DA026E
S325800312E02CFC3BA00A4028D449F4100A1DFFE8B661002A8E2CFC89FF1C08821089F01D08EE
S325800313006100148E00900000911000F7E9F4B49B00900000911000F7E9F4B09B009000000D
S32580031320DA05911000F74BF41102F9F0B29B0090DA05911000F74BF4110259F0B69B0090A2
S32580031340F65861001C8E08DF7E4409FF5D086E0A6100FA8D89FF1C08821089F01D086100F8
S32580031360E58DDA002CFC00903705E11A8F651FF01602A61F82003E051E171E291E3B3C0CE7
S325800313808F841E003C09370468083C06370468043C0337046800370568F1C6F03705E8FB6E
S325800313A08F5F8AF126F03705E8F68FAF85F142F03700681082003C148F241EF08F841E2092
S325800313C0C62F8F441F20C62F8FE41F200614B7040140C62F1601A6F4C210370068003F105A
S325800313E0EDFFDA00744F02F2009000003B100003404F8208405C5F408F003B2000035F4029
S3258003140089003B3000035F4087003B4000035F4081003B5000035F407F003B6000035F409F
S325800314207B003B7000035F4077003B9000F35F4F73003BA000F35F4F6F003BB000F35F4F8E
S325800314406B003BC000F35F4F67003BD000F35F4F61003BE000F35F4F5D003B1000F45F4F82
S325800314605B003B2000F45F4F57003B3000F45F4F5100BB8020FB5F4F4F00BB4018FF5F4FC3
S325800314803500BB5018FF5F4F3100BB6018FF5F4F3100BB8018FF5F4F3900BBA018FF5F4F23
S325800314A02D00BBB018FF5F4F3100BBC018FF5F4F2700BB0019FF5F4F2500BB1019FF5F4F77
S325800314C02500BB2019FFBE4FBB4019FFBE4CBB201BFFBE4BBB901BFFBE48BB101CFFBE47ED
S325800314E0BBB01CFFBE423C1A028F34FFDA093C146DFF44FD34F23C0FDA073C0EDA0F3C0C16
S32580031500DA113C0ADA0A3C08DA043C06DA123C04DA023C02DA01B4CF3C033B100380028294
S3258003152000900000DA003B1020005F400B003B2020005F401C00BBF0CF0A5F4028003C3BAB
S32580031540DF150880910000F78210E9F008633C34DF353080910000F7D9FF086314F0F6032C
S32580031560DA243C2A820034F03C22DF150880910000F78210E9F009633C1FDF351B80910004
S3258003158000F78200E9F009633C12DF150A80910000F78210E9F00A636DFF62FC3C0DDF35B1
S325800315A00980910000F78200E9F00A6334403C04DA123C02DA3102F2009000008202BB40DD
S325800315C018FFBE42BB5018FF3E4FBB6018FF3E4CBB0019FF3E49BB201BFF3E46BB901BFFC8
S325800315E03A4FAB12832F0090911000F7D9FFA4CBDA002CF474FF911000F7D9FF94CB6D0052
S325800316002D717628DA0334FF3B0071426DFF92FE3C03DA0034FFDA002CF10090F64ECC51D7
S32580031620DA6E6100BD8CCC4109528409082F2C22DA03AC541DFF50FE3B2007401DFF2CFE86
S32580031640F64FCC41081F5E156100BD8CDA043C055E356100B88CDA05AC541DFF3DFE3B3073
S3258003166002401DFF19FE0000404CCCC1820A405D8218A024081F02AB912000F88FFF079129
S32580031680D9FF9CF2168040F2AA0814205F090480821A3C05C21B4922080AFC48F6AB610044
S325800316A0CC8C7E063B2001406DFFF6FD3C036DFF21FEDF0A1600DF29088009C04108DADDA8
S325800316C07E03820A3C0D01FB0346B0146DFF2AFC370268A0F6A53BE007406DFFDDFDDF1A13
S325800316E00A8009CFC8081E26820A3B3001406DFFD3FDDF1A0E8001FB0346B0446DFF04FC4B
S32580031700370268A0F6A53B3003406DFFC5FDDF1A0480BA29AA1ADF1A268002946DFFFCFDCA
S32580031720DF082100CCD1DA5034FFCCC109D28409081F2C21DA00CCD12CF2DA32CCD12CF358
S32580031740DA01CCD12CF4DAF4CCD12CF5DA06ACD46DFFC2FDDF2906803B2003401DFFE2FD2A
S3258003176000901DFFC7FD0000404CCCC18219405D820AA014081F02A8912000F88FFF0701CF
S32580031780D9FFA0B2168040F2AA0914215F100480821A3C05C2184922080AFC48F6AB610079
S325800317A04C8C7E063B2001406DFF76FD3C036DFFA1FD76AD01F80346B0146DFFB3FB370204
S325800317C068A0F6A53BE007406DFF66FDDF1A0A8009CFC8081E26820A3B3001406DFF5CFD40
S325800317E0DF1A0E8001F80346B0446DFF8DFB370268A0F6A53B3003406DFF4EFDBA1AAA1AD6
S32580031800DF1A0B80769ACCD1DA5134FF6100FC8B6DFF62FD3C0400906DFF6CFD3B200340BA
S325800318201DFF80FDCC418219405C081F8F0F0100082F8F8F00F0A6F0083F0FF0A080094FE3
S32580031840C8081E4682093B3001406DFF25FD769C02846D000108F629CCC1DA5434FFDA0110
S32580031860ACC41DFF39FD00903B1003401DFF14FDD9AAB8FF404F405CDA0034AF91200028D7
S32580031880D922080349A4010AC5053FF0042F244FFC5EC8120C211E1DDF2F3300DF4F5400C3
S325800318A0DF6F74003BA000005F0F97001D00B90061006A8B1E356100B38B6DFFEDFCDF08A3
S325800318C0B400C81249A4010A40A50C228F9F008102846D0053086100858BCCC1DA002CF3F2
S325800318E03C0910A2CCC10920410810FF284061004F8B14A03F0FF7FF9A401D008F006100D8
S32580031900438B1E3561008C8B6DFFC6FCDF088D00C81249A4010A40A50C228F9F00810284E9
S325800319206D00DC0761005E8BDA003C0910A2CCC10920410810FF283061002A8B14A03F0F35
S32580031940F7FF3C696100208B1E656100698B6DFFA3FCDF086A006100498B49A4010A40A511
S325800319606D00EC07370268F0EE346100558B3C0910A2CCC10920410810FF28206100088B49
S3258003198014A03F0FF7FF3C226100FE8A1E656100478B6DFF81FCDF0848006100278B49A4B1
S325800319A0010A40A56D00AE07370268F0EE126100338B3C0910A2CCC10920410810FF28208F
S325800319C06100E68A14A03F0FF7FF14AFC22F3C253B1003403C276100D78A1E256100208B9E
S325800319E06DFF5AFCDF08210049A4010A40A56D00DD076100D18ADA092CF2DA003C0910A2D8
S32580031A00CCC10920410810FF28306100C18A14A03F0FF7FF14AFC23FACC41DFF5DFC3B202F
S32580031A2001401DFF39FC0090404DCCD13BE00100912000C88208405E0811082F8F81209004
S32580031A40D9CCB85242F920083C0909CFC008C2F07E9382183C0349CC0C0A7603DF08F77F69
S32580031A60F6853B1003406DFF17FC768909DFC80882181E356100D48A6DFF0EFC768C49C46D
S32580031A80030A6DFF41FA37026880F6853B3003406DFF02FCDF181F80CCC209E48409029421
S32580031AA040A5B0342D0F0000DF021680CCE1DA6234FFCCD109E28409081F2C21CCD109E2F4
S32580031AC08409082F2C2209AFC008C23FACE41DFF03FC009002241DFFDFFB0000404C09C23C
S32580031AE08409405D0C216DFF41FAF6243B7003403C7491200048D944A0C21440911000E753
S32580031B00D9EE94CB49E2010A5F0F2280DA01342F89E00208B04ECC4140E42D0F0000610053
S32580031B20838ACCD154EF8F8F1EF02CF2CCD154EF8F0F1FF02CF3CCD154EF068F2CF4CCD107
S32580031B4054EF2CF5DA06ACD41DFFC6FB142FDF1F43800CE25F0F4080DA00342FCCC1094226
S32580031B608809082F8F8F0100083F8F0F01F042F0084F8F8F00F042F0085F40EF120409F5AC
S32580031B8004052D020000F62E82246DFFBFFBDA0034EF6100498ADA02ACD46DFF9DFB82047D
S32580031BA03C1882046DFFB2FB14EFC21F34EF14EFFF3F05803B5003403C10DA0034EF3B008A
S32580031BC071426DFFB7FB3B6003406DFF65FB82141D004A6E3B4002401DFF5EFB404CCCC14B
S32580031BE08218405D081F16808B0F00926E0D1E3C6100238A7E063B2001406DFF4DFB3C0346
S32580031C006DFF78FB8208768909CFC80882181E356100068A6DFF40FBCCC1082F1E363B1043
S32580031C2003406DFF39FB820876897699CCD1DA6834FF6100E9891DFF4FFB00901DFF5AFB54
S32580031C40404CCCC18250912000D88209D9DDB4F20811082F8F81208042F83C0909DFC00871
S32580031C60C2F07E8382193C0349DD0C0A7603DF09F77FF6953B1003406DFF0EFB769F09DFB0
S32580031C80C20809C0C808C23F370F70F082193E0682093B3001406DFFFFFA769C49D4040AF9
S32580031CA06DFF32F937026890F6953B3003406DFFF3FADF190F8009C48409CCD2028409D55E
S32580031CC0C208B0342D0F0000762402241DFFE4FA009000008219404F029FC812200834AF97
S32580031CE0912000D80C21405CD9DDB0B21E1E1E3D081F3BC00C007E063B2001406DFFCCFADA
S32580031D003C036DFFF7FA8209DF092700C8128230820909214208092843088F812010421863
S32580031D203C1309D1C008C2F05F180D80081F3BC00C103E163BD00D107E150CD35E1382193B
S32580031D403C0349DD100A7603DF09ED7FF6953B1003406DFFA1FA769C49D4040A6DFFE2F80B
S32580031D6037026890F6953BE007406DFF95FADF190B8009F0C8080CD23E0682093B3001401C
S32580031D806DFF8AFADF190D8049D4070A6DFFBCF837026890F6953B3003406DFF7DFABA19D7
S32580031DA0AA19DF190E80C81F028409D28C0940A408152D020000F625CCC114AF2CF4009029
S32580031DC002241DFF69FA0000404CCCC18218405D0280081F8F0F0811167FAB08A0816E0C42
S32580031DE061002B897E063B2001406DFF55FA3C036DFF80FA8200760809CFC8081E253B30EF
S32580031E0001406DFF49FA768C09D28409DA7E342FCCD1DA002CF1DA02ACD41DFF5DFA1DFFA5
S32580031E2069FA0000404CCCC18218405D0289081F8FFF07011680AA08DF100F00DF200D00CC
S32580031E406100FB887E063B2001406DFF25FA3C036DFF50FA8209769A09CFC80882191E2653
S32580031E6082093B3001406DFF17FA769A768A09D28409DAC5342F6100C7881DFF2DFA009028
S32580031E801DFF38FA820591000027025F91000047D922B003D944AC0314231444C50F2410E2
S32580031EA0125037005050C21FFCFC91000057D9555403945F3E5382130234DF031680DA0079
S32580031EC002F1C50F24105210370050F0C211FCFC910000F7C9F058033E0382138224911021
S32580031EE000F7F9FFE0FBDF03158082100201A07FE210C21137007000FCFC910000F7B9FFC0
S32580031F005C033E0382138234911000F7F9F0E4FBDF031580BB00D8098212A07F4B201102A9
S32580031F20C212FCFD910000F7B9FF60033E0382138244911000F7F9F0E8FB911000F7F9F522
S32580031F40DCFB34443423DF04670091000027D922B403142FEE60911000F7D9FFD84940F448
S32580031F600940430440F60961440440F70973450440FC09C24604910000D7D9DDB06214D6F9
S32580031F80DA01342F91000027E92F9C13DAFF7FF60480C2163C0202F62824DF140B80BB0096
S32580031FA000F89452125142F28F813F008F823F30DF241280911000F7BB0000F8C9F1E0FBDF
S32580031FC0910000F7C9F2580342F142F28F813F008F823F30DF340A80911000F7B9F1E4FBE6
S32580031FE08F813F0061002D88DF440A80911000F7B9F1E8FB8F813F0061002A8834D634C2BF
S325800320003473346134406D009102910000F7DA01E9FFA8230090000020108208912000F87E
S32580032020D9FFF00240A2A02404F02420FC4E910000C7D9CC7C03910000D7D9DD40139100A7
S3258003204000E7D9EE7803910000F7D9FF7403F801910000F7D9FF6403F802C50F2700F80347
S325800320606D00B069D8013B401F40B4F26D00146C09F2C008D80209F0C0087F02078009C0DC
S32580032080C008C210B4C03C10910000F7B9F070037F20078009D0C008C210B4D03C0509EF63
S325800320A0C008C21FB4EFD803B0FFF803B01FFDF0D97F09EFC00834AF49AF010A09CFC0086C
S325800320C02CA1A01209DFC0082CA2DA0001A8004614F114403F0103809218C21FB01FFC2718
S325800320E0910000F7D9FF901314F091000027D922BC031421910000E7D9EE8C1314EF7686CC
S32580032100DF180800DF280A003C0B8200020F3C038200DA0102013C0482108201DA0234EF59
S32580032120342134F01E13DF2F6F80DF016D80DF1F2880910000F7E9FF8413910000F7DA3A59
S32580032140E9FF9C13D80209FFC008610090878F8F3F0089F00C7889FF0D7891000027D92223
S32580032160A9721420DAFF7FF003809A10342F8F823FF089FF0A7889F20B786D00E90114EF0D
S32580032180DF2F3C80DA01910000F7E9FF8813910000F739FF841391100027D922D8496E0C51
S325800321A0D802DA3A09F0C0088F803F1089210C7889200D783C0C910000F7B9F07003DA3B2C
S325800321C08F803F108921147889201578910000F7D9FFB06210FF09F07FF46100408734F073
S325800321E0D80109F0C008D02F61004687910000F7E9FF9C136D00AC01910000F7DA01E9FF0B
S3258003220080130090910000F7DA00E9FF8013910000F7E9FF8413910000F7E9FF8813B4CFA0
S32580032220B4DF0090910000F739FF9023DF1FF880910000F739FFB803DF0FF280910000F7A6
S3258003224039FF8433DF1FEC80910000F739FF40D391000057D9558C131455EE74910000F7C1
S32580032260D9FF740391100027B9206E0AB4F091000047D94440130940C00891000067D96639
S3258003228078030961C00891000077D9777C030972C0087656DF151400DF2521003C509100D8
S325800322A00027B923640309F4C0083F343E80910000F7B9F270037F422C803C189100002716
S325800322C0B923700309F4C0083F431180910000F7B9F068037F4029803C1B09F3C00891009E
S325800322E000F7B9F46C037F340E80C21037007000820102123B803E303F30228082250230DE
S325800323003C1E910000F7B9FF64037F3F0E80C21137017010820202203B803EF03FF110800D
S32580032320022502F13C0CC21237027020820102103B803EF03FF20480821502F2B472B4611C
S32580032340B440911000F7D9FFECFB40F214FF892F010434F5142F3E56910000F7DA00E9FF5D
S32580032360BC03910000F7D9FFBC03DF150400DF250480DA013C02DA0091000027E92F801320
S32580032380DF15048082103C07DF250580820082113C038200820191000027E9218813910097
S325800323A00027E9208413345514FFEE39DF05380091000027D9229C13142F821234F261002E
S325800323C05686760D91000047B9406403DA3A8F803F1089F10C7889F00D783C0D761C910003
S325800323E00047B9407003DA3B8F803F1089F1147889F0157891000047D944B062104409407E
S325800324007FF461002C86D0FF344091000047B940740361003186342F1D009A000090000060
S3258003242061004D866DFFECF461002D8609FF5F0809F05E088F8F20F09100002742F0910008
S3258003244000C7F9204413D9CC98135F010A8008EF3BA00A207E2509FF50085F2F2D00910037
S325800324600027D922BD721422DA0134CF91000047DA4EE94F9C13DAFF7FF203809A1291106D
S325800324800047D944D84908E2E9422A9009F25008E9422B908F803F20E9422C90E9402D90EB
S325800324A08F813F00E9402E90E9412F90342F6D004F003C03DA0034CF14CFEE0909F050080E
S325800324C0DAAA7E03DA003C04DA033C02DA04910000F7E9FF941300906100F1856DFF90F4ED
S325800324E0820008EF3BA00A107E1708FF7E1509FF50083A1FAA1091000027392F94C391102B
S3258003250000D7BA0FD9DD246CA60F6E0D6100BB8589F11E08868189F11F08822440F46DFFED
S3258003252043F4DA0134DF0090910000F7D9FFA81361002486910000F7D9FFA01314F191008E
S325800325400027D92278C26100C9850090910000F7D9FFAC1361001286910000F7D9FFA41328
S3258003256014F191000027D92258F26100B7850090610025863F0F188091000027B9207003AD
S325800325803FF012809100002709FFC208F92F4C13910000F7D9FFBC136100FB85910000F748
S325800325A0E9F1802300900000610009863F0F188091000027B92070033FF012809100002732
S325800325C009FFC408F92F5013910000F7D9FF84236100DF85910000F7E9F1882300900000AA
S325800325E03B00FFF0264F86CF82026100F3858F30203086104203A23F42F18F8120F010FFD4
S3258003260082108FF400F10FF00000489F26F0AB12A02000903B00FF00264086C053D02C10DD
S32580032620025F7B100050AA158F513F106100DD858F412020370268208F3120308611421357
S32580032640A23042028F8220F010FF8FF400F10FF50050681500900000911000D7D9DD346C08
S3258003266014DF8218404CDF1F5B0091100027B52CF05B9110002F4CC1592F088182094CC2E4
S32580032680592F0C814CC3892F20494CC4592F204109CF54086E4453C920F0D4CF9110002FEE
S325800326A0D922C08110FE09EA4A08012A02F654FF2E050BA810481D003F4361009B858F5A45
S325800326C020F010FF54EF6CF53BF049424CE106446CF46D00D92A911000FFD9FF800101FABD
S325800326E002F60CE974FF911000FF0CE9D9FF00C190FF0CE874FF6D00832B911000F7D9FF42
S32580032700B88B01FA00F634F809C054089AF07E9234D8C219370968903F09BFFF009000005C
S325800327206D000A666DFF80FD6DFFFAA091000047D944E8B26DFFBAA77626910000F7DA01E9
S32580032740E9FF98C3009000002008404FDA0074AF91200028192FDCB209F002093E03DA0299
S3258003276074AF54AF6D00E842C8246D00752C40F46D00080040F46D00DF4240F41D00DC423F
S32580032780404F82046D009C2C6D005E2CDF02FE7F6D00982B6D00502A9130002F392F30462C
S325800327A0B70F81F1E92F30466D00FA2A3BF0494206446D00692ADABC9130002F592FB40671
S325800327C0DA00592FA006592FA4467BE001F0592FA846592FAC466D00132B0D0040036D0052
S325800327E079276D0037296D005D286D00CD276D008F296D000F296D009D286D002D286D0065
S325800328001529C8346DFF2AFFC8446DFF9B9CC8546D000826C8646D001343C8746D008C4294
S32580032820C8846D00F344C8946D00AC1A6D0000016D00F01A6D008E046D00CE00DF12FAFF87
S32580032840A0046D00B519C8A46D000A44C8B41DFFE3AC00003B100320912000F88200D9FF51
S32580032860D4C2C502240054FF3E46BBF0FFFF9BFF0FF0FE42820291000047D944A2B2534095
S3258003288023F091100057D955EE3A1055C5063300044F245FFC6EC210B04FFD20E67FDAFF7F
S325800328A0910000F7D9FFE092A0F224FFFC2F0090911000F78264D9FFEE3A820540F43B4099
S325800328C078606DFF9DF2C5022400081F168C2CF149FF340AFC2B0090610091840C61264F36
S325800328E06E0A6100A384542F2CF2C2400C61370068002CF3B0424966340AFC713450009021
S325800329003B1003208200DF150400DAFFFE546100828454FF7E4C802F60FF8202A0720220D1
S32580032920B02FC21004FF244FFC2D3C05B04F4922340AFC60345000903B1003208200DF1581
S325800329400400DAFFFE5802026100658454FF7E4C802F8BAF00F0C502290060FFC21004FF53
S32580032960244FFC2D3C083B100320B04F4922340AFD60EE7F345000908200911000F7D9FF08
S32580032980EE3AC5022400081F49FF340A264F8A1037007000FC298F803FF0344F8B0020F2B5
S325800329A02C41DA02345F00906100298461003E84442F2CF2C2400C61370068002CF3496684
S325800329C0340AFC753450009061005B84C86FBCF2DC0F00906100E686392F8040AE338202B1
S325800329E000908212392F82403BF000003E031E1382220090392080406F1018003921834062
S32580032A00DA0FBE13392F86409E60392F88405E3CDA0E3E1B09FF56082E156F500480DA0175
S32580032A203C02DA00EE02823200900000910000F7D9FF08532018F801DA00C5053A00D4F231
S32580032A40D42640674964001A404F74FFACF24944080A0860B70006002860FC57E96F884026
S32580032A60F96FB830E96F9340F96FBA30F96F2A80F96F2880596F2480E96F2C80D9643C8075
S32580032A80C5051F00644FFC5F3BE00000E96F8540E9608340F96FB630596F8430596F803030
S32580032AA0E96F9640E96F8640E96F8740E96F89408210E96F8440E9608240E96F8140596F67
S32580032AC01880F96F1E80F96F1C80A00439602080B7000600E9602080596F8830596F903040
S32580032AE0B5649C30D422D92F08B0C5023F1064FFFC2FD8016100368564FFFC2FF96FAE3045
S32580032B00F96FB230F96FB030E96F9140D96F8040F80214F0B7000102B7000100B7008102BF
S32580032B20B700820034F0E96F904002F0E960A030E96F8B40E96F8C40E96F8E40E96F8D40EA
S32580032B40E96F8F40E96F9240E96F8A40596F8C30A01F8F50001001710076C210897F1D0860
S32580032B60747F897F1C086C7109715E08B701021089711E086C756C766C746C726C73FDF0B9
S32580032B80EA7F596F04B0E96F9540F96FAA30F96FAC30596F9830E96F944002F8D96F943052
S32580032BA0F8038B0820F2D8038F0F0190BB00E00F429074F0D8018F5800F08245D4FF821620
S32580032BC0D4F2F4A2102F192A9430D92C08B002A440C46D00D31CDF02D58054CFEE084CC1AB
S32580032BE0EE064CC2EE044CC3DF0FCE006100C98514C0DA595F0FC88009A284093BE001507D
S32580032C008216D422D422D92D08B040D4192494306D00B41C09D04108DF028E80DAD13E0499
S32580032C20DA1E5F0F898009A284093B60FC1FD427D472192008C0192F0CC05F1005805EF313
S32580032C40DA013C06F604EE03DA003C02DA02DF1F3B804026D96D08B0D96428B0544154D004
S32580032C60B701081040D2B7000800820B5F102A80A06509200405094F04053E03822B3C02C0
S32580032C80FC59DF2B1100D96208C091200048D944E8E2A0C55420544F3E03822B3C04B042BC
S32580032CA0B044FC59DF2B3200D9623CC0DA00C5041C0044D04BF030F0FC4D54205F0F260050
S32580032CC0822B3C23EE21D92208B00C22820BEE043B8000003C074C223B0001008B6F0CF250
S32580032CE0EA2BDF2B13000C236E0A822B3C0E01200046544F6E03822B3C02C240F6B6DA7815
S32580032D003FF0F7FF3C02822BDF2B2100D47D820B822519DF94308216D9DE00D08B8F07402E
S32580032D2040E46D002B1CDF02118054EF19D004D0EE04F603822B3C0ABBA0531F9BF1FA1A75
S32580032D407E14610037873E02821B76B3DF1B1C804CC154F07FF0188009F05E0837B00100FE
S32580032D6089F01E08D4A2392009B089F01D0839200AB089F01C0874FF4CC36CF1685A3C0375
S32580032D806100FF8409A28409481F820CD422D4247804D94494305441484F09F05C08482A53
S32580032DA0483B485E09FD5D085F914B80821CEE0368693C4902A158047E1D760C02BF1B0F4F
S32580032DC020F0B70F0900686058047E091B0F20F03C031B0120F0B70F09F06CF67B1000008F
S32580032DE0486F42907F0F1E80D42202F43B000850D92C08B0822640C46D00C01B022FEE0D39
S32580032E0082003C03C210B04CDA807FF0048054CF6EFADA807FF00680486F6100D6856CF69E
S32580032E20DA1E7ED802A05FE00F0002BF7EE358043E0A09FF5E08960289FF1E083C041B01F5
S32580032E40E0FF744FDF0CB87EC218BF28ACFED801D4F2D42F09FF5E0809F05D08370FE12006
S32580032E6009FF7E0809F17D08370FE130DAD17E05DA1E7E13DA013C1FDA1E7E05DAD17E13C1
S32580032E80DA023C19DAD17E023E157E027613F6047E13DA033C10F604F623DA013C02DA0037
S32580032EA06E09F614F633DA013C02DA006E03DA003C02DA048230D9F48640344054F14882BD
S32580032EC009F35E0809F57E083703E1403705E1608F1500518F1300710B21B03159F304B096
S32580032EE06E051E1E9E24BE0F3C2FDA04344FDA02E9FF87408207486F59FF94303C1AD9F534
S32580032F0084407663DAD53C14DAD13C1C39FF8040D9F584409604E9FF80407643DA5D3C1180
S32580032F20DA1D3C10D9F584407F120680DADF345F82053C0E39FF80409604E9FF8040DAFDEE
S32580032F408207345F3C0582070275DA01344FF6727655DA02344FE9FF894009FF5E08377FC6
S32580032F6001F089FF1E0809FF7E08375F01F089FF3E08D80214FF960834FF092056086F1082
S32580032F800480960234FF0090910000C7D9CC0853D4CFD4FD39DF80402E3E6D00EB16D9DF93
S32580032FA08B4014FF7E29DA02E9DF8C40DA00E9DF8E4034FF0090D9D58240145F1E3A1E59AE
S32580032FC03BA000003E043BC000007E05DA013C04DA033C02DA005F2F4F80DA00E9DF8D40F1
S32580032FE0E9DF8F40DF324880145FDF5F4580B9DF36808211B9D038806E143C0D10D4D9DFD9
S325800330003080D4F2394109B0C21F3421C2F0D4F2B012F4F2FF7F0480DF00F2FF3B9000107B
S32580033020D9D6A630D9D730803C1901D100F6DA00D9FF08B03C0810F4D472C2F014421022D3
S32580033040C21F3422FF7F0480DF00F7FFD47F8B8100F0370F7010B07FF47F546F3FF1E7FF49
S32580033060DA01345FDA00E9DFA030D4CFC82FBD0FA37FDC0F00900000910000D7D9DD08536B
S32580033080D4DFD4FCD9CE804014EF2E3B6D007216DF620980DA00E9CF8D40DA01E9CF8F40D1
S325800330A00090D9CF8B4014FF7E2ADA02E9CF8C40DA01E9CF8E40DA0034FF009039CF8240A1
S325800330C01E3A1E593BA000003E043BC000007E0582103C0482303C0282005F020B803BC0D2
S325800330E00010D4DF7E1761006183BD0FDB7F3C2F0090DF100A8014EF2E44B70F01F234EFBF
S325800331006100D8823C16D9C2B2300920C0086100078101C10346094F4618B70F81F0894FF2
S325800331200618092FC008B9C01E807E0361001D83610057848200E9208D40E92F8F40E920CB
S325800331409140F920AE30C83FBD0FAC7FDC0F00002030910000F7D9FF0853F803D4FFD4F296
S32580033160D9249040144F1E1B9E2ADF3F2A00DF4F4400DF5F63001E6A1D00A700392F8640C0
S32580033180DF5FA880DA021D00A40039208240DF60510061003282DF0F9D003C2C392F8240C6
S325800331A0404FDF6F6B0002F061002782DF0F8A80392F83408BEF00F2C25F1D008400392F89
S325800331C08240DE1309FF56082E16392F8040AE53DA013C02DA00404FEE3939208340DA0E33
S325800331E05F0F3500DA053C6E39208240610005826E70DA043C1F392F82405E173920834045
S32580033200DA0EFE01DA063C163B8000003E043B9000007E0B39208340DA0E5F0F5B00B92F06
S32580033220AC30EE57DA053C06392F8240DF6F5280DA03E92F90403C4DD92F904014F0DF5020
S32580033240088039218340DA0E7E13DA063C3B392F8240DE65392183408200DF510C00DA103E
S325800332607E14392F8C406E06DF110680392F8C40EE028210DF002E00DA033C2439218240F9
S32580033280DA083E13DA097E13DA013C02DA006E21DF502080820039218240DA09FE11392FB5
S325800332A08040AE4E39218340DA107E14392F8C406E06DF110680392F8C40EE0282107609DD
S325800332C0DA0434FF3C06392F80402E13DA01344F392F90401E1ADF2F8F02DF3F030CDF4FE1
S325800332E05005DF5F320D0090392F8C409E18D803D4FFD4FC822839CF8C40DF2F008139CF66
S325800333008E405E1EDA06E9CF8640D803D4FFC86FBD0FF2002D0F00001D00EE00009039CFFA
S325800333208640DF2F558039CF804019C49430370F61918F5900F010CF09FF5E08AE068F1939
S3258003334080918F5900F010CF39CF8940D9C44830DF2F2F803B0002506D005814DA00D9C29E
S325800333609240DF121380142FEE298B092002486F8F000100BB00E01F42103FF00880DA0179
S32580033380342FE9CF89403C23342F09FF5E08B70F01F089FF1E0809CF5E086F0F198009CFFE
S325800333A07E086F0F1580DA03E9CF86403C103BE001506D002B14DF120980D80361001883DB
S325800333C0BCF62D0F00003C03E9C8894039CF86408209DF4F9180D803D4FFD4FFE9F99440EE
S325800333E059F9983039FF874019FA9430EE15D9F49830D9F5944002946D00F018DF123D00E1
S3258003340039FF944089FF1C0819FF98306CF161003D7FDA013C6EDE148214D9F49830D9F5A1
S3258003342094406D00DB18DF12280039FF944089FF3C0819FF98306CF959F994303C1B6100CB
S32580033440BB816D00E313DF122680D9F292401420DF001380821034201B0A2000B70009007F
S3258003346059F094301E271E36DF4F2300DF5F21003C2DDA023C3E09A28C09D422D42482609E
S32580033480E940864009229809BD0234002D0200003C301E261E371E4E1E5F9E6A3C1BDA039C
S325800334A03C28E9F992406100918359FF9430DA043C20DA053C1EE9F99240685A6100868387
S325800334C059FF88306CF66100E17EDA063C12DA073C10E9F992401B0A200068DAB7000900DB
S325800334E068E03BE00000E9F083408250E9F08640E9FF8740DA00E9CF8C4039CF864082393D
S32580033500DE1AD803D4FFC86FBCF32D0F0000D803D4FF09FF5C085E1CDA04E9CF8640DA0090
S32580033520E9CF874059CF943059CF04B03C04DA06E9CF864039CF8640DF2F7580D803D4FF9E
S32580033540D4FD39DF8040370F61018F5000F010DF09FF5E08AE058F1080F1065F10DF39DF36
S325800335608940820ADF2F2A80485F59DF943039DF9240EE0FD8036100F57F64FAFC2F02866A
S32580033580D9D448303BE0015019D494306D00F617D803D4FFD4FF61007E7E59FF40506100BF
S325800335A0098359FF4450D9D440503B80005019DF94308B8F07403C237B1000F048608201A0
S325800335C00BF050F1865F10D2B7000920092F5C086E044C213A2FAA1176141B0020F06CF6C9
S325800335E0D9D29430486F742F6CF5D9D44830542F6100EB816CF63B8007505424DA01E9DF14
S325800336008B40E9DF8C406D009118DF120C80E9DA8C40E9DA8B40D8036100EA81BCF32D0F80
S32580033620000039CF8640DF3F3580D803D4FFD4FF39F08440DA5D3E08DAD53E09DADFBE0206
S32580033640DAFD3E0D3C16610054813C036100578159FF8030DA04E9FF83403C1861004981AF
S325800336603C0361004C8159FF8030E9F983403C0EDA0EE9FF834039FF8040370F61F18B0FA0
S3258003368020F28F0F01F059FF9430DA05E9FF864039CF8640DF4F7483D803D4FFD4FC39CFDE
S325800336A087406E081E179E2ADF4F2D00DF6F3C003C5F19C49430DA01E9CF8C40E9C88B404B
S325800336C07B1000506D00D212DF125A83DA00E9CF8C40E9CF8B401D00870039CF924082087E
S325800336E0EE3FD9C24830C5043F106428FC4F61001F803BE001206100F281028F6100888206
S325800337003C2B39CF92408208EE2BD9CF4830C5023F1064F8FC2F61000B803B100D206100BA
S32580033720457E3C1A39CF92408208EE1AD9CF4830C5023F1064F8FC2F19CF04B03B90052032
S32580033740D9CF483092104CC909C17C0834F23BE0012061002B7E74FF59C004B03C06DA00F3
S3258003376059CF405059CF4450D9C448303C0C6100927D59CF405061001D82820859CF445081
S32580033780D9C44050D8037B1000F08200D4FFD4FCD9C2943054240BF450F1865F10CFB70462
S325800337A009106100C1818B0020F28F9F00F042F47424DA01E9CF8C40E9CF8B4039CF87408A
S325800337C01E231E425E643B8007503C058B8407403B8000506D00AA17DF12D282E9C88C4059
S325800337E0E9C88B40D803D4FFD4FFDA06E9FF86401D007F11D803D4FFD4FFF8087B1000A05C
S3258003380039FF8040AE24820802893C0302A882198F5900F009A2A009820B102FF807486F0E
S32580033820592F8830486C485F1B0CE00F5F0F310009FF5C086E04481F5F0F2B00D8088B80E6
S3258003384000D0822ED9FD8830D9FE08B0D9FC8140C28C822502C440E402E66D008F16F627B6
S3258003386054EFEE054CE1EE0374DC3C0E821BF62814E0DA9C3E03DAA37E0334CE3C05762490
S32580033880D807486F74DF7FCD0480DF0BE37FD808065919FF8830C28F59FF9430DA007804C8
S325800338A0F9FFAE30DA01E9FF8840D80309AC1009D4FF02CBD4FC89AC180901C900F6F809EE
S325800338C0D9CF8840F805D9CF8140F80AD9CD08B0D9CE9430D803D4FFD4F23C0854409A8058
S325800338E0744F7E86DA03E92F8840D9249430D80354408201D4FF0BA050F1865FD4FFB700DA
S32580033900090010FF09FF5C086E04481F3A0FAA11DF01E6FFD80514FFDF3F0F0254E48225FA
S3258003392040D402566D002A160224764854E4822540D402566D0022160224D80A14FF5E296F
S32580033940F64614D0DAA33E05DA9C3E03820034F0DF142401DF240680DA0178061D00E001A9
S32580033960BB50F63A54D29B535F3F14D019C10CB05F321781820B89AB180939C00FB054E957
S325800339808F8020F039C00EB00B898010A60FB70F910706307F01048082143C1DD80909FF7F
S325800339A05C08EE045A0978043C160291D803C2810BA150F1D4FF865FB7010930D4FF820259
S325800339C010FF6100A47FBA02063FA2F0DF00F0FF89A11009DF04E2800CD7822540D48F8F26
S325800339E020C00CD6821EA6FCB70C91F7780102560CD509A410098F8F20D00CD4A6FD6D0079
S32580033A00BD15DF02C880D803D4FFD4FFD9FF08B0087F8F8F2000086FA6F0082F8F8F2010BA
S32580033A20081FA6F15F1D09805F0C078014F0DAA37E03DA003C02DA01DF0FAD8054A037F01D
S32580033A40060074A0D8035804D4F2D425D95F08B0595F9430D95618806100227C0FF0A020DC
S32580033A600924840982040921D4083C078B140000370070404944080A0940C4087F140480E3
S32580033A805F20F6FF3A14BBF0FF3F2A34087F2E7654A0B710010074A03C0554A1B70101109A
S32580033AA074A154A0B710810074A05F342F0001540326092F0019EE52D8036100A07FEE14EA
S32580033AC01921943074F137006110086F371F01F02CF63700E11037006101371F81F02CF6C8
S32580033AE0370F01F13C1037006110086F371F81F12CF63700E11037006101371F01F22CF684
S32580033B00370F81F22CF63C2AD803DA00D4FFD4F209F1D408012103F6B920BA3049FF001A77
S32580033B203C06C21F370F70F049FF080A7F0F068009F4C4085F24F7FF7E0F4201DA3B7FF12E
S32580033B400900192F943074FFA82261002B7C3C04DAFFE92F9340F920BA30096FC608EE192E
S32580033B60195F8830B70F090058047F0F0F803F090D805801C21FAC625804746F896286086F
S32580033B800C6896022C683C057F09048089638608820E02EC1D00C400820B1D00C000DA9CF6
S32580033BA07E04C21B1D00BC00DAA35F0FAF805806DF0FA7805802B70F06F07802D803D4F286
S32580033BC0D424D94F08B00873086F8F832000D9461880A6F0B7009107C2F0370070506100BA
S32580033BE05F7BA6F00925840982040922D4083C078B140010370170404955080A0951C408D4
S32580033C007F2404805F01F6FF3A24BBF0FF1F2A14DF0C71005FB56F800CA86F7305008F3F72
S32580033C2040113C03B72F0210BBF0FF2F89A108085F24310001440326092F0019EE55D803CF
S32580033C4009A108096100DB7EEE141920943074F037016100086F370F01F02CF63701E10081
S32580033C60370F81F02CF637016101370F01F13C1037016100086F370F81F12CF63701E100C1
S32580033C80370F01F22CF637016101370F81F22CF63C2BD803DA00D4FFD4F209F3D40801231A
S32580033CA003F6B921BA3049FF001A3C06C21F370F70F049FF080A7F1F068009F4C4085F04E9
S32580033CC0F7FFFE104213DA3B7FF30A00C211192F94303701701074FFA8203C04DAFFE92F6E
S32580033CE09340F921BA30096FC608EE0A896286083C07D94F814014FF5E233AB534FF820B3E
S32580033D0089AB180902BC3C0B820BF623021F6E0414D0DA597E03820C3C02821CD803D4FFD7
S32580033D20D4FFD9F29430542F3E84C28F742F3C04DA03E9FF8840D80514FFDF1FCD7DD8087A
S32580033D4039FF8140DE1CD9F28830542F8B8F00F0742F8FFF1FF1EE0BF9FF1E80D9F2883084
S32580033D6039FF2080B70F81F0E9FF2080D8075420486F7F0F05801B0F20F06CF60090392F72
S32580033D808D40DF1FE107D8038208D4FFD4FCC81209F1D408B9C0348040243C069A18370F64
S32580033DA070804944080A0942C4087F1804805F02F7FF3A18D9CF8240F807BBF0FF0F2A08BC
S32580033DC039C08240DA0882093E03DA097E0382103C020290DF007A01D9CF8240F805012841
S32580033DE003D60290B9C1AC300B0010A8D9CE1880DF010B8101C80326092F00196E1459C02D
S32580033E003CA059C000B009240019764D8226D9C43CA002656D00B213762382F03C0419C08D
S32580033E203EA0068039CF9140EE16D80354DF820AD4FF370F78F0D4FF6E0E7E0DDA01E9FF00
S32580033E40A030E9FF8240D803D4FFC83FBCF32D0F0000821ADF0AD980D8037B100040D4FF68
S32580033E60D4F2D924883054403C051B002000B700090082010B4050218652012200F6B70087
S32580033E8009306100EF79DF01F2FF74408FF01F01DF007300392020806F106F00D8038207D6
S32580033EA0D4F2D425092484090921D40839508040D956883037006131404F5466B9501E8011
S32580033EC0B9551C803C069A17370F707049FF080A09F2C4087F1704805F02F7FF1B062000C3
S32580033EE0B70009C08B0320028F00012042428653015300F60BC280003A17BBF0FFAF2AA7EA
S32580033F00DA084BF0010209FF5C086E08481F3FCF06800BF250F1866FA2F08B0040F3370F52
S32580033F2070208FF61F015FA7048082013C04014703F6083186D0420537057000F6170B0299
S32580033F4080304C2486333FF30600DF110A807F02088002C63C051B0620F0B70F0960820059
S32580033F600B4650F1865F105FB70609106100DC7DDF00F3FF7466D803821AD4FFD4F2392F1F
S32580033F80804019228830370F6111370F61322E4382253C0709DFC6086100F87D3700705076
S32580033FA08B0120028F00010086510121004642040B248000DA084BF00162094F5C086E0854
S32580033FC04C413F2F06800BF450F1866FA2F68B0640F3370F7000484F0B50801086317FF1E7
S32580033FE013000CD36E05F6340B5030F1EA0AD92F834014F0DA0E7E08392F9640EE05DA05EC
S3258003400034FF3C02820A822CDF0A608019CA88308FFA1FF16E4CB9C0AC30B70A0940A20FA5
S325800340208B0F24B3DF0B440001C000F68FEB1F50D9F448B002C642046D00A012D9CFAC3042
S32580034040DF022000820BB4FB7B1000000CE8B70F81F02CE889EB86081B0A20F0D803B70FF8
S3258003406009A0D4F23C031B0A20A08201D42F0B0A50F1B70A092061008E7BDF01F6FF3C17CC
S3258003408009FFC00812B03700700010C27F0F0C80C21F392148B0E92108B0B0123F0FFAFF74
S325800340A0D9CFAC3009FFC00842BFB4FFF6BEDA00F9CFAC30F9CFAE30F9CFB03059CA90300C
S325800340C059CA8830D80534FCD807DA0A822B14F05F0F6A81D803D4FFD4FCC81FD9CE1880FE
S325800340E001F803D6D9CF8240F80519CC883019C0A230B70C09400B4C80A0420A6100867C84
S3258003410010C28B0024D3D92408B08FED1F5042F46D007C0D09FFC00842DFB4FFDF12CE8013
S32580034120DA00B4FF1B0C20F0D9CF9140B70F093014FFDF0FA980821034F019CF903059CF0A
S325800341408C3059C3883019CF3080B9C1B030A21F59CF30800CE82E1BE9C08A4054EF59CFA0
S32580034160943009EFC608F9CFB2303C5ED803820502506100447BBF915480B7020960C2818B
S32580034180015500F614F2DAA35F2F43806100C67BD803820A02A2D4FFD4F2C81409FCD40873
S325800341A03C06C212370270204944080A0944C4087FC204805F04F7FF3AC2BBF0FF4F2A4260
S325800341C05F421B80012C03F602A249FF001A3C0D09FFC4087E0554FF7E73821A3C04C2125A
S325800341E03702702049FF080AB92FBA307FF20B80DF0AF07F3C07012203F609FF00193A7FB4
S32580034200AA1A76A5F920B2305927943002A08B8500F0370F70507F150480DF00B37F020F15
S325800342206E0DE9CB8A40DA00F9CFAE3059C39030DA0DD80534FF1D00B700D80399C23080EF
S32580034240D4FFD4FF39FF8040D9F4824096208F2F4001E9F080400CD35E156F400480DA09F2
S325800342603C02DA08344FDA02E9FFA03009DFC408F9FF3480B5F2308009DFC408F9FFB23039
S325800342801D00920059C38830D9CF804014FF2E44B70F01F234FFD803D4FF6100A27BE929FB
S325800342A08D40E92F8F40E9299140DA00F92FAE30C83FBD0F79003C7209FFC0085FAF748032
S325800342C0DA00B4FF6100F67939CF80402E44B9CFAE301E2909DFC60861004B79B9C0AE30DF
S325800342E05F0F6080D803D4FFD4F2B920B2306100167C192F903089FF0015086F96022CF6EF
S32580034300392080406F400500B70F01F03C0296012CF639208340DA0EBE08086F2E2B8F1F51
S325800343200001370F81F1370FE100370F01F296203C03B70F81F22CF6B70F01F12CF6392F49
S3258003434080409601E92F8040192F8830192190309280B70F09F07FF112803FF01080D92F11
S325800343601880B92FB230ACF3B92FAE30ACF2192F903074FF088F96022CF8DA01E92F8240CC
S325800343806100287BDA00E92FA030E9299140F92FAE30D803D4FFC82FBCF62D0F00003C0313
S325800343A0D80534FBD80714FFDF2F4E81D8038205D4FFD4FCC81F01F803F609FAC60801C821
S325800343C003F609FF00196E1559C53CA059C500B009F40019764E02B6D9C43CA082256D00D0
S325800343E0CD10762382F53C0519C03EA08F801F50D9C28830542402408FF01F61DF0615804B
S325800344007B1000003C031B042040D8038201D4FFD4FF61003979DF01F8FF74248200F9C009
S325800344201E806100A27901C600F609A28C0939CF8040D9FF08B0D422D4276F4F3D00B9706F
S325800344403480F970B2308F803F10B97FAE30C215EE20DAA334FF28106100DA7982102860C5
S32580034460287901780326092146188F1100F137F181F1370FE110371F01F2370F6111371F2F
S3258003448081F2B70F81F0892F0618F970AE303C0B61004A7A28402851DA012CF62879DA0205
S325800344A0F97FAE30DA08F97FAC30DA0AE97F82401D00B000C215B971348002AF997D3080E0
S325800344C082026100637B37007000F971B230B97FAE30C2F037007030FE396100257A8F81B7
S325800344E03F0028418F833FF02850968028632CF7B97FAE30C21FF97FAE30DA0AE97F8240B3
S32580034500DA08F97FAC301D008500EE36DAA334FF2811868161007C7901780326286386839A
S325800345204922001A8F0348F12CF7DA08F97FAC300C268F1F0001370F81F12C26370FE10037
S32580034540370F01F22C26370F6101370F81F2B70F81F02C26B97FAE30C21FF97FAE30197F78
S325800345608830B970AC30420F8FFF1FF1EE058212DA0AE97F8240DF024D80D972AC30B97073
S32580034580AC30D974B030D975AE30D9768830092FC00810FE1607EE0ADA9C34EF095FC0086A
S325800345A0C21FB45F6100177B3C0904DF34EF6100127B094FC008C21FB44F0921C008546F99
S325800345C0421F8FFF1FF16E09094FC0083EA60B018020DA403FF2DD7FB97FB030FEA08F71CF
S325800345E000F16E12092FC00810F4DAFF344F6100F27A092FC0081607EEF63C06546F42F15B
S325800346008FF11FF1EE04DA0AE97F8240B57D308039C08240DA0AFE07B9C5AC3059C5A230B1
S32580034620DA01E9CF8D4040F46D008010DA00F9CFAC30DF12098019CF883019C0A230A20F6C
S3258003464059CF8830D80714F0DA0C5F0F3381D8038209D4FFD4FCC81FD9CD824001F803F6BC
S32580034660F80519C8883019C0A230B70809401A085240370070A06100C97910C23700700051
S32580034680D92408B042F48B0024C38FEC1F506D00BD0A09FFC00842CFB4FFDF120E80DA0029
S325800346A0B4FFD803D4FF61008178BD0F03012D0F00001D00FF0009FFC0085FAFFB808200B3
S325800346C0B4F08FF81F1119C2A230DA085F2F438001C100F639F108B0DA655F1F3C80D80328
S325800346E0B9C3B230D4FFC81209F1D4083C05610059764922080A0922C4087F1004805F32C7
S32580034700F8FF3A10BBF0FF1F2A105F10090001C003F619CF903089FF00193C1C82003C1427
S32580034720D803D4FF09F1D408420101C103F649FF001A09FFC4087E3619C1903074F18219EA
S325800347403C0361002F76B9CFBA307FF00480DF09E97F6100AF77DA0D34DF39CF8A40DF2F75
S32580034760A9808200F9C0AE30D80319CF94308FFF1F5161004478BF915480B7020960C28143
S32580034780015500F614F2DAA35F2F43806100C678D80382080282D4FFD4F2C81409F3D4089B
S325800347A03C06C212370270204944080A0944C4087F3204805F04F7FF3A32BBF0FF4F2A427A
S325800347C05F421B80012303F6028249FF001A3C0D09FFC4087E0554FF7E7382183C04C2127F
S325800347E03702702049FF080AB92FBA307FF20B80DF08F07F3C07012203F609FF00193A7FB0
S32580034800AA187685F920B2305927943002808B8500F0370F70507F150480DF00B37F020F51
S32580034820EE48D9C2883054208FF01FF16E081B0020F0B70F09F0742FD9C288307B10000082
S32580034840D9C488303C06542F6100BF78742F4042D80354218202D4F50B0150F1B70109103D
S32580034860D45F610094756E04481F3A1FAA12DF02ECFFD45499C23080394F8040D9458240FD
S3258003488096209602E94F8040D805083061006877E94FA03009FFC408F94F3480B542308075
S325800348A009FFC408F94FB23019CF883059CF9030D80714F0DA0D5F0FD380D803D4FFD4FCE0
S325800348C019CF8C3019C99430B70F093019CF88308FFF1FF1EE08D9CF08B08200C5023F10DA
S325800348E064F0FC2F10CF3B002000D9F408B0A2F0D9CF8A4014FFDF1F73803F392A80029F26
S32580034900B9C2AE308FFF1F11B9CF1C80D9C248B0A22F370F70F05E153B80008034FB3C07A9
S32580034920063FC28F370F70F00BF090818200012100F63C0504F12441610034753F80FCFFAD
S3258003494019C09430428059C094301D0084001B0920F0B70F091002085A91370F70207F0292
S325800349601680D8037B1000F00BF150F1D4FFB70109408200D4FF61000A756E04481F3A4F1A
S32580034980AA10F6033F31038002287B1000A08FE81F50029402B66D00F10D42893C051B09C4
S325800349A020F0B70F0990D80382000BA950F1D4FF865FB7090910D4FF10FF6100B578DF00CD
S325800349C0F0FF59C99430DF024600D803D4FF6100ED76BD0F43002D0F00003C3F8FF91F2152
S325800349E0D9C248B05E453B80008034FB3C25D9C5B430DE25012200F6087F8F8F2010086F43
S32580034A00A6F1B7019117B4518631370170807F80118002088230E9C08A403C0E0950C00808
S32580034A20B9C1AE30A210370070F0863F370F7080DA04E9CF8A40DA00012200F63C06C21FDB
S32580034A4004F0370F70F024403F8FFBFF428959C99430DA0EE9CF824059C8A630D80714F01A
S32580034A60DA0E5F0F7181D803D4FFD4F2192FA630592FA230D92488305444024F8FFF1F51DD
S32580034A80DF051280D8037B100000D4F53C051B042010B7010940D45F82016100F575DF01F6
S32580034AA0F8FF7444D92FAE3009FFC008EE0559249030D92FAE301921A23009F0C00806D14E
S32580034AC04210B4F0DA01E92F8D40012500F6DA0CE92F8240D9F408B01925A2301D00260ED5
S32580034AE0392F8D40DF1F3001D803820C02C0D4F2821BD424D94D3080D4DF09D8C40809D92B
S32580034B00C608F805404C09DAC808CC210921D4083C036100377409FFC4087F1004805F8FEF
S32580034B20FAFF3A10BBF0FF1F2A10394F8240DF6F4680014003F609FF4618AE13DA043C03CA
S32580034B40AE09DA05E94FA03002BCD803D4FFD4F43C02820CB9493680DF1C0D8002BFE94FF5
S32580034B608240D803D4FFC83FBD0F29002D0F00003C25014003F67B10001009FF00198B8F93
S32580034B8000008FF01FF1EE113C051B0020F0B70F090082020B1050F1865F104FB7000930AF
S32580034BA06100B576DF02F3FFBF7905808B800000C299FF79E8FF59409430D805D9CE9C30DE
S32580034BC0F4EFD9C28240142F8231DF3F3380DF09130001C900F6D9FF09B03C08D4E204FFFC
S32580034BE0342FC219D4E2B012F4E2BF79F9FF82093B9000B019CFA6307FFB1A80D9CF08B038
S32580034C00D9C2A630DA0001FB0046A065D4E604401066C21F3460FC5BD4E48B8B00F0370F35
S32580034C2070B0B074F4E4542F3FFBEEFFD9C2824076C4142FDF3F888019CB943082038FFB6E
S32580034C401FF1EE043B001C403C073B002000A2F086D0537020400B9480007FA01E006E1CA3
S32580034C60D8031B0B2000B7000900D4FF7B1000200B205021D4FF8652023501F200F6B7002E
S32580034C80090009FF5C086E04481F3A0FAA153B001CF02BF44045A294370470007FA00780C3
S32580034CA0A20A3421370A70A03C0402A0DA05342FDA01E9CF8D401A9082717FF10B008B7979
S32580034CC000F1A2F0370070F061005374C2FF3C05020F61004E74C2EFD803370F68F0C502E2
S32580034CE03F10D4FF863FD4FFD9FF08B064F3FC2F59CFA630D9C408B00BBF10486D000A0C67
S32580034D00F9C8B23039C08240DF301880D80342FB7B100000D4F23C051B0B20F0B70F09B0A6
S32580034D20D42F82010B0B50F1B70B092061003375DF01F4FF59CB943089D9860889DA88087B
S32580034D40D4EFF4DF0090392F8C40DF1FCE06D80382080289D4FF822AD4FFF807D9F28C40C6
S32580034D601420DF20348039FF8340EE0F342839F08E40DF100980D8036100327761005E74E8
S32580034D80D8073C22DA063C20DF2F2180342839FF8E40DE19D803610095743E031E62EE090C
S32580034DA0020F342FD80361001B77610076763C0EDA0FE9FF8340D803D4FFC86FBCF72D0F29
S32580034DC000003C04DA07E9FF8340D80739FF8340DF5F5880D8038200D4FFD4F24924001A11
S32580034DE00C46B70F01F1B70F81F22C466100DA72D8034944080A610058725F0FF3FF392F5B
S32580034E008040AE264C2E592F8030DA003C064C26592F80307B1000F08200592F8430F920AB
S32580034E20AE308211392F8040B70F01F0E92F8040F920B630E9288540D803D4FF09FF5608D8
S32580034E406F0F1E00B92FBA306E1AD924BA303C0ED80361002A72420FD02F09FF4618B70F4E
S32580034E6001F189FF061861009D72094FC0083FF0F1FFDA00F92FB8303B000110E92183405F
S32580034E80D80739F083403B0001105F10B680D803D4F2D42CD9CF8C4014FFDF2F2C8034F8BF
S32580034EA039CF8E40DE1DD803D4FFD4FFD9F28340142F3E131E62EE08DA10342FD8036100F6
S32580034EC0BF711D009A00DA0FE9FF8340D803D4FFC86FBD0F92002D0F00001D008E00D9CFFC
S32580034EE0834014FF5E14DA071D008600DA061D008300DA1039C0834019C280307E046100C9
S32580034F008C753C146100B5716100FE73F60FD9CF804014FF2E0BB70F01F034FFF9C0B6301C
S32580034F20D803610063766100EF73DF004F0039C08340DA107E05D803610076753C03B9CFCB
S32580034F40B63061006E748FF21FB1F6B6D8036100097364F0FC2F01CB00F602A619C4843070
S32580034F608225D9F448306D00090BD8036100E0723B8000C06100AE736E183B0020100BB103
S32580034F8080C00B0C30F16A0C8FF41FF1A2F17FC10D801B0420007B1000F00BF050F182022D
S32580034FA06100FD752B1C50C201CB00F602C5D9F448306D00AF0A59CCA630DA01E9CF8C40EE
S32580034FC0DA03E9CF8B403C1861003474D8036100C97264F0FC2F6100AF745E1C61005E7365
S32580034FE0D803610062713FF0FBFFDA08E9CF83403C03DA0134FFD807823B39FF8340DF6F61
S32580035000A480D803820961009F74DF20178034F839208E40DF101580D803D4FFD4FF6100BA
S3258003502062733E05DF600400DF004F8034FFD80361005F721D008900B92FAA306E6ED8037F
S32580035040D4F2D42C49CF001AF805610016726D00DD0509EFC00842EFB4EFDF123E808200D5
S32580035060B4E0D9CF924014FFEE1661007574DF6108806E04D80361005E75DA103C066E0451
S32580035080D80361000774DA0134FF1B0D20F0610073733C5AD80339CF8340D4FFD4F25E66AA
S325800350A0610053716100CA723C35D92F834014FF3B0001003E031E62EE07020F34FFD80345
S325800350C06100BE703C41D80361007E71BD0F3D002D0F00003C39370C700009EFC0085F0F75
S325800350E034806100E971FE01610002735E64610045723C08D803820161005572D805610001
S325800351006772610021733C2039CF83408B6F20F2861FE9CF83403C186100F371EE06610077
S32580035120A174D80361005771F69F61006E72D803D4FFD4FF10F2D9244830610089706D0038
S32580035140F50ABA12AA39D80739FF8340EE0DD80361007171D8036100BD706D00DB0959CC46
S32580035160A63061006F73D80739FF8340DF1FB880D803D4F2D42CD9CF8C4014FFDF2F29809E
S3258003518034F839CF8E40DE1AD80361009B723E031E62EE08020F342FD803610051701D00FE
S325800351A09F00DA0FE9FF8340D803D4FFC86FBD0F97002D0F00001D009300D9CF834014FF81
S325800351C05E14DA071D008B00DA061D008800DA1039C0834019C280307E0461001E743C14D0
S325800351E06100477061009072F60FD9CF804014FF2E0BB70F01F034FFF9C0B630D80361002D
S32580035200F57461008172DF00540039C08340DA107E05D803610008743C03B9CFB630610026
S3258003522000738FF21FC1F6C6D80361009B7164F0FC2F01CC00F602A619C484308225D9F41E
S3258003524048306D009B09D803610072713B8000D0610040726E213B0020F052CD0B0D30112D
S325800352602B0D40D18FF41F0152027FD216801B0420007B1000100B105011865101C100F699
S32580035280B700090009FF5C0882036E04481F3A0FAA132B2D50D301CC00F602D5D9F448309B
S325800352A06D00380959CDA6306100CC723C186100C172D8036100567164F0FC2F61003C73A2
S325800352C05E1C6100EB71D8036100EF6F3FF0FBFFDA08E9CF83403C03DA0134FFD80739FF8A
S325800352E08340DF7FA480D803820961002D73DF20178034F839208E40DF101580D803D4FF5E
S32580035300D4FF6100F0713E05DF600400DF004F8034FFD8036100ED701D008900B92FAA3007
S325800353206E6ED803D4F2D42C49CF001AF8056100A4706D006B0409EFC00842EFB4EFDF1262
S325800353403E808200B4E0D9CF924014FFEE1661000373DF6108806E04D8036100EC73DA10C9
S325800353603C066E04D80361009572DA0134FF1B0D20F0610001723C5AD80339CF8340D4FF84
S32580035380D4F25E666100E16F610058713C35D92F834014FF3B0001003E031E62EE07020FCD
S325800353A034FFD80361004C6F3C41D80361000C70BD0F3D002D0F00003C39370C700009EFA0
S325800353C0C0085F0F348061007770FE01610090715E646100D3703C08D80382016100E370F5
S325800353E0D8056100F5706100AF713C2039CF83408B6F20F2861FE9CF83403C186100817007
S32580035400EE0661002F73D8036100E56FF69F6100FC70D803D4FFD4FF10F2D92448306100C1
S32580035420176F6D008309BA12AA39D80739FF83405E2DD8036100FF6FD80361004B6F6D0043
S32580035440690859CCA6306100FD71D80739F08340DA085F0F7F80D80382096100F971DF2F2F
S32580035460448034F8D803610004735E1D61003B713E05DF600400DF002C8034FFD8036100F8
S3258003548038703C6719FB80303B000250D9F4483002B46D00BB03DF122480D9F29240142F4C
S325800354A0EE0BDA01342F1B0B20F0B70F09F059FF8030DA083C16D80361007E6F3E031E6211
S325800354C0EE07020F34FFD8036100BA6E3C42D80361007A6FBD0F3E002D0F00003C3ADA0964
S325800354E0E9FF83403C3661009F70EE1A6100C67264F0FC2F61003B6F09220409DA5934FFCD
S32580035500DAD12CF189FF2108282189F12208681068907613683268B2610054713C03610029
S32580035520B272D803820061008572D803610024727FF0048082793C0DDA78594FA630D80355
S325800355406100B76E6100846E6D00F008BA12AA39D80739F08340DA095F0F7480D80382095F
S3258003556061007C71DF2F638034F8D803610090725E1C610079713E031E62EE2A020F34FF17
S32580035580D8036100B66F3C5D19CB80303B000250D9C4483002B46D003903D9CF9240DF1288
S325800355A0208014FFEE09821034F01B0B20F06100E370DA083C38D8036100FE6E3E031E6259
S325800355C0EE07020F34FFD80361003A6E3C3AD8036100FA6EBD0F36002D0F00003C3234F833
S325800355E039C08040370061118F1180F137F001F1E9CF8040370F61018F5000F010CF1B0BA2
S3258003560020F0685BB70F09F06CF659CF8830DA00F9CF1E806100A970BA008F0F01F059CF02
S325800356208030DA03E9CF83403C0C6100F46ED8036100446E61000C6E6D007808BA12AA3969
S32580035640D80739FF8340DF3F5B80D8038209D4FFD4FFD9F28C40142FDE21342839FF8E40A7
S32580035660DE11D8036100A86E3E031E62EE29020F34FFD80361003D6F3C4261007571FF7F19
S325800356803980D803D4FF3B5091F06100EA6F0B0100B1D9C49830D9C5944014F502B46D0094
S325800356A00308DF121680D8036100866E3E031E62EE07020F34FFD8036100C26D3C20D80303
S325800356C06100826EBD0F1C002D0F00003C1810C21420C21034201420DA08FE01065B01CB0A
S325800356E000F661006271DA0AE9CF834034283C076100C0706D00BA02BA12AA59D80739FF59
S325800357008340DF4F6380D8038209D4FFD4FFD9F28C40142FDE24342839FF8E40DE14D80315
S32580035720D4FFD4FF6100DF6F3E05DF600400DF00298034FFD8036100DC6E3C47610014715B
S32580035740FF7F3E80D8033B5091F0D4FF6100896F0B0100A1D9C49830D9C5944014F502A43E
S325800357606D00A207DF121680D8036100256E3E031E62EE07020F34FFD8036100616D3C25CF
S32580035780D8036100216EBD0F21002D0F00003C1D10C2142FC21F342F1420DA08FE06065A60
S325800357A001CA00F66100017119CF04B0C21F59CF04B0DA0CE9CF834034283C0761005A7048
S325800357C06D005402BA12AA59D80739F08340DA0A5F0F6680D803820961003A70DF2F3B8071
S325800357E034F8D803610045715E1D61007C6F3E05DF600400DF00238034FFD8036100796EDD
S325800358003C4E19FA80306100D76F6D00FF01DF121E80D9F29240142FEE0561003470DA0A53
S325800358203C16D8036100C86D3E031E62EE07020F34FFD8036100046D3C32D8036100C46D9A
S32580035840BD0F2E002D0F00003C2ADA0BE9FF83403C266100E96EEE0A6100107164F0FC2F20
S32580035860610052716100AE6F3C0361000C71D80382006100DF70D80361007E707FF00480B6
S3258003588082793C0DDA78594FA630D8036100116D6100DE6C6D004A07BA12AA39D80739F091
S325800358A08340DA0C5F0F6680D80382096100D06FDF2F3B8034F8D8036100DB705E1D610004
S325800358C0126F3E05DF600400DF00238034FFD80361000F6E3C4E19FA803061006D6F6D00D3
S325800358E09501DF121E80D9F29240142FEE056100CA6FDA0C3C16D80361005E6D3E031E628D
S32580035900EE07020F34FFD80361009A6C3C32D80361005A6DBD0F2E002D0F00003C2ADA0D8F
S32580035920E9FF83403C2661007F6EEE0A6100A67064F0FC2F6100E8706100446F3C03610028
S32580035940A270D803820061007570D803610014707FF0048082793C0DDA78594FA630D80367
S325800359606100A76C6100746C6D00E006BA12AA39D80739F08340DA0B5F0F4F80D803820994
S3258003598061006C6FDF2F3E8034F8D803610080705E1C6100696F3E031E62EE25020F34FF53
S325800359A0D8036100A66D3C38610007706D002E01D9CF9240DF12208014FFEE09821034F05C
S325800359C01B0A20F06100D86EDA0A3C18D8036100F36C3E031E62EE07020F34FFD803610059
S325800359E02F6C3C1AD8036100EF6CBD0F16002D0F00003C126100266EDA0EE9CF83403C0C8A
S32580035A006100096DD8036100596C6100216C6D008D06BA12AA39D80739F08340DA0D5F0F68
S32580035A204F80D80382096100196FDF2F3E8034F8D80361002D705E1C6100166F3E031E62CD
S32580035A40EE25020F34FFD8036100536D3C386100B46F6D00DB00D9CF9240DF12208014FF0C
S32580035A60EE09821034F01B0A20F06100856EDA0C3C18D8036100A06C3E031E62EE07020F1E
S32580035A8034FFD8036100DC6B3C1AD80361009C6CBD0F16002D0F00003C126100D36DDA0541
S32580035AA0E9CF83403C0C6100B66CD8036100066C6100CE6B6D003A06BA12AA39DF09150076
S32580035AC0D807DA01E9F88C40E9FF8E40E9F88B40D8036100F76D3E031E62EE07020F342FAA
S32580035AE0D8036100AD6B0090DA0FE9FF8340D803D4FFC86FBD0FF96BDC0F00006100C06D17
S32580035B00820239FF8240D9F23080DE1639FF80409602E9FF8040DA06E9FF8240F9F43480AC
S32580035B20F9F53680F424F9F63880F9F4B230DA02E9FFA03000908212009000006100326E61
S32580035B40C815820009FFD40840563C0561002A6C4966080A0961C4087FF004805F41F8FF2A
S32580035B603AF0BBF0FF1F2A10392F8240015003568202DE1A61002E6F6100B36ED9F2824012
S32580035B800950430861001B70342FDA02E9FFA030095FC408F9FF3480B5F43080095FC40888
S32580035BA0F9FFB23000908212009000006D001A00022F6D004110910080FF19F02822B7102E
S32580035BC0810759F028226D00EB10910080FF19F02C22B710810759F02C2202F200900000E8
S32580035BE0910080FF19FF38028202B70F850D19FF0812B70F851DBBF0FFFF9BFF7FF03E0252
S32580035C007E128232009000002008911000F76100797049F21C0A61004A70102274A054A067
S32580035C20142F6005EE1609FF5E08EE13DA07342F544F54503E04821882053C04C2F5B044E7
S32580035C40B045DF05F7FFDA00342F6100E5706E02821809FF5C08EE0609FF5D08EE036D00C4
S32580035C60630602820090000002492008025A61000C70910080DFD9DD10023B00800054D8D3
S32580035C80D4F226087684821089201F08092F5F086E07C85F3B008080BCF32D0F0000DF08E3
S32580035CA06580D4CF7B00F00A7B1000F0D4FF74A0B7000800429A0281B70008043FAF0480A9
S32580035CC082213C097E957B10F0FA74AF3C028221B7200804DA0289FF18083710080009FF09
S32580035CE05C083701681037006804A61F89FF1C0809FF5D08A60F89FF1D0854DF6F1F3780AC
S32580035D006100C96F6D00B80554A46D00C1056D00B50554DF3B000003260F6E046D000C282C
S32580035D203C0509FF6008DF2F2280821861000670B70F01F189FF1B08142F5E23DA00342FA4
S32580035D4009FF5D085E24DA0089FF1D08028F89FF18086D00E905D4CF61006670BCF32D0FEB
S32580035D60000061009E6F3C028218028200900000911000F76100C66F09F25A080090000025
S32580035D80404F911000C7B5CFF45B6D00DD056D0073056D00510F9100802F192F1402B70F4B
S32580035DA00903486FA6F059201402192F2C22B71F81F7592F2C226D00F30F6D005F05D4FFA5
S32580035DC061007E6F89FF1C0889FF1D0809FF5B08B70F82F089FF1B086D005205DA0089F22C
S32580035DE0190889FF1F089100804F3B008000194F100299CFF45B260FD4F26E04DA01892FFE
S32580035E001F08092F5F086E04C85FBCF2DC0F0090911000D7D9DDF45BD4DF2008BD0F7903D1
S32580035E20D4FC49CF1C0AF801820814FFEE0509C05D08DF006E03910080EFD9EE100254E0B7
S32580035E403700E10D54E16F110581DF000381DF2F77807B00F0FA09CA580874AF028909CFD3
S32580035E605B086F2F1F8054A9960489CF1B086D00030502946D000C056D0000056100B96F63
S32580035E806E046D0059273C0509CF6008DF2FE2806100976FDF2FBF8089F81D081D00BB00F7
S32580035EA054EF3B008000260F61001D6F7608D4DF3B0080F0C85FBCF32D0F00006E106D0060
S32580035EC03B276100916F6D002F05D4DF6100AC6FBCF32D0F000061009A6F8219DF09BA8094
S32580035EE089C81C0889CA18087B10F0FA74AF09CF5D08DE2ED4DF54A9D4FF6100CC6E6D00C5
S32580035F00BB0402946D00C4046D00B8046100716F6E046D0011273C0509FF6008DF2F9A8014
S32580035F2061004F6FDF2F778089F81D083C736D00FB0461000A6FBD0F82003C7E09CF5D08D4
S32580035F40DF2F88807B10F0BA09CA580874AB820909CF5B086F2F1E8054A9960489CF1B0807
S32580035F606D008A0402946D0093046D0087046100406F6E046D00E0263C0509CF6008DF2F87
S32580035F80698061001E6FDF2F468089F81D083C4254E03B0080100F1080F06100A46E76072B
S32580035FA0D4DF021FC85FBCF32D0F00006E106D00C3266100196F6D00B704D4DF6100346FD6
S32580035FC0BCF32D0F00006100226F8219DF09428089C81D0889CA180874AB09CF5D08DF2FC3
S32580035FE02780D4DF54A9D4FF6100556E6D00440402946D004D046D0041046100FA6E6E04D4
S325800360006D009A263C0509FF6008DF2F23806100A36E6100C96E6D008704D4DF6100046FDF
S32580036020BCF32D0F00006100F26E3C136D007C0461008B6EBCF32D0F00006100E86EDA0019
S3258003604089CF180809CF5B08B70F01F189CF1B0854EF6F1FF280D80114FFDF1F7080D4DF01
S325800360607B00F0FAD4FF74AF09FF5B086F1F208054A9960289FF1B086D00FE036100246E02
S325800360806D0022046D00FA036100B36E6E046D0053263C0509FF6008DF1FCF806100BF6D15
S325800360A0DF1FBE8089F81D081D00BA006100C16D7609D4D23B0080F009229409BC232D0269
S325800360C000006E056D00382682103C0361004A6EDF002E806100B86DEE066100F16D89F8C8
S325800360E01C083C717B10F0FA48107E056CF174AF89F81C0854A96100FD6D6D00BD0361007B
S32580036100E36D6D00E1036D00B9036100726E6E046D0012263C0509FF6008DF1F8E806100B6
S325800361207E6DDF1F7D8089F81D083C796100776DDF1F768089F81D083C7209CF5D08DF1FCD
S325800361407C80D4DF7B10F0FAD4FF74AF09FF5B086F1F1F8054A9960289FF1B086D008C03C8
S325800361606100B26D6D00B0036D0088036100416E6E046D00E1253C0509FF6008DF1F5D807D
S3258003618061004D6DDF1F4C8089F81D083C486100506D7609D4D23B0080F009229409BC23D2
S325800361A02D0200006E056D00C72582103C036100D96DDF0030806100476DEE126100806DF1
S325800361C089F81D086100E96D6D00AE03D4DFD4F2DA01892F1A08C83FBD0F2D003C2954A92B
S325800361E06100886D6D00480361006E6D6D006C036D0044036100FD6D6E046D009D253C0490
S3258003620009FF6008DE1961000A6D5E1989F81D083C066100046D5E1389F81D086100C46DDC
S325800362206D008203D4DFD4F26100C26DBCF32D0F00006100EC6D54EF6F1FA580D80114FF53
S32580036240DF3F5080D4D28202D42F6100D76D7FF00580520168213C0402F0022F6CF254F11F
S325800362609110F04A60123C247D420D80F62B09FF5D085E387B10F0FA74FF4042821289F8F9
S325800362801C08BF400F80802F1603EE0B484F1603EE08C8454421C2C07451C845B0453C075E
S325800362A0C8450421C2F03451C845B015E845DF00DDFF802074F054EF7B000200260F6E0AC1
S325800362C06D003A256100CA6CDF3F408089F81D083C3C482FEE5701F2002689281C083C45AB
S325800362E009CF5D08DF3F4F80D4D2D42F6100866D7FF00480A20F3C0302F0DA006CF254FF8E
S3258003630060F23C17BF400F80802F1603EE0B484F1603EE08C844442FC2C0744FC844B04496
S325800363203C07C844042FC2F0344FC844B014E844DF00EAFF61009A6C6E146D00FD24610081
S325800363408D6C5E3389F81D0861002E6D6D00EC02D4DFDA03D4F261002B6DBD0F12003C0EB6
S32580036360482FEE1089F81D086100AA6CD4DFD4F2DA03892F1A08C83FBCF32D0F000061007F
S32580036380466D54EF6F1FC580D80114FFDF4F5980D4D28201D42F0923040909FF590809F2EF
S325800363A05808EE0309230809482F7FF30580523068203C0402F3021F6CF254F09110F04A7B
S325800363C060027D420A80F61809FF5D085E454042821189F81C08802F1603EE0EC845805F01
S325800363E01603EE0ABF4309805450542F7E09B045B042C2C33C0BC845142F14503E0482425D
S3258003640082033C05C2F3B015B012E845DF03DBFF61002C6C6E0A6D008F2461002E6CDF4F4E
S325800364204B8089F81D083C47DF424B00482FEE706100466C01F100F689F81C083C5E09CF8C
S325800364405D08DF4F6680D4D2D42F09F258086100D56C7FF00580520168213C0402F0DA00B8
S325800364606CF254F16012802F1603EE0EC844804F1603EE0ABF4009805441542F7E19B044A3
S32580036480B042C2C03C0BC844142F14413E14824282003C05C2F0B014B012E844DF00E5FF14
S325800364A06100E46B6E0B6D0047246100E66B5E4389F81D086100786C3C10DF421980DA0430
S325800364C089FF180809FF5C085E4389F81C0809FF5D085E4389F81D086D002602D4DFDA04FF
S325800364E0D4F26100656CBD0F12003C0E482FEE106100E66B89F81D08D4DFD4F2DA04892F17
S325800365001A08C83FBCF32D0F00006100806C00902008911000F76100F56BB70108101A5442
S325800365207B100020B701081482003FF2048082303C060B2450F1EA30B73108147B00F0FA35
S3258003654042F474A4DA0289FF1808E84468253701081054AF3700680074FF820209FF5C08D2
S32580036560A60F89FF1C083701680409FF5D08A60F89FF1D0800900000200861001D6CD4FC4C
S3258003658049CF1C0A6100936B10FF74A054A014FF6002EE18DA0534FFC2F5442F644FDF0570
S325800365A0FDFF028F34FF910080FF19FF10027B000200260F6E08DF1604006D00BD23822840
S325800365C03C02821809CF5C08EE0609CF5D08EE036D00AA01028200908208911000D7028943
S325800365E0D9DDF45B200889A58409404C6100F76B028A61008B6B012400E674AF54AF60FF68
S3258003660014EFEE4EDA0834EF7B1000B0822D820C6100846BAB1CA0C16100FE6B6E2A821CBD
S325800366206D0082016D008823D4D2D422092F5B0849241C0AB70F01F1892F1B08144F5E2289
S325800366403448092F5D085E2389281D08DA01892F18086D006901D4D2D424894D1A080922F6
S325800366609009BC232D020000D4D2D42289281A0876CCC21ABF2A048082193C0B80F054AF9B
S32580036680A2F054AF6100526B1B0BE0BFD9FF008076B3BF2ABEFFD80134FA34E83C028219D6
S325800366A0029200902008404C405D8208911000F76100286B49F21C0A14D96100276B012460
S325800366C000E674AF8FD5000054AF420F60FF14EFEE29DA0834EF3B0000A2820B61001E6B9E
S325800366E0AB1BA0B16100986B6E04821B6D001C0176BEC21937096890BF29048082183C0B69
S3258003670080F054AFA2F054AF6100106B1B0AE0AFD9FF008076A3BF29E2FF34D9DA0034EF14
S325800367203C0282180282009002592010820889A484096100AA6A0280D4FD370A08A01A94B6
S3258003674089D81E08378A08A47B1000307B00F02A370A6800370A68143FF3048082103C0A78
S325800367603F34078082117B10F0FA74AF3C048210020174A2371A08A49100804FD9441002F4
S32580036780D4F289A48809370A08A0544F3B0080000F0F80B04224604E76B4DA01892F1F085F
S325800367A0092F5F086E06C85F020BBCF32D0F0000DF0B5F80DA0289DF180880EF6CD189D9E3
S325800367C00C09370A6800D801ECD509DF5C08A60F89DF1C08370A680409DF5D08A60F89DF34
S325800367E01D08D80254FF6F1F458009DF5B08960289DF1B086D004000D4CF3B80010082155A
S32580036800D4FF483F7FF00580481F161F6E02820554A440D46D0058006D003000D80254FF73
S325800368203B000003260F6E046D0086223C0409DF6008DE1F6100826AB70F81F089FF1B0819
S32580036840142F5E13DA00342F09FF5D085E14DA0089FF1D086100A86A6D006600D4CFD4F2A9
S325800368606100A66ABCF32D0F000061001A6A8218028200901D00F0231D00F023911000F7A8
S3258003688099FFF45B09F2640800900000911000F799FFF45B8208D4FC89C82008C88F2D0FAC
S325800368A00000910080FF3C02C21819FF1002AE84DA193FF8FBFFDA193FF80580DA0289CFC4
S325800368C020080090911000F7D9FFF45BB70410F0D4F28208910080DF0256D9DD10021B4F33
S325800368E055F5D42C60F2DA5D89C82008742F3C02C21854DFAEA4DA193FF8FCFF6100B16AE2
S32580036900D4FFC87F09450409094494092D0F00003C02C21854DFAE74DA193FF8FCFF610060
S32580036920A06A0090DAFA9100F0FA59FF5455009061007F6A3B00080074F06100996ADA50D5
S3258003694074FF0090DAF09100F0FA59FF54550090BA168240EA10B70410F0C2F01B0F5FF55E
S3258003696060FF544F74FF4C416CF14944080ADF00F4FFB70410F0BB00A50A420F60FF74F580
S3258003698061007B6ADA0074FFBB80AAFA6100706A3B000A0074F0DF160780B704100042F09F
S325800369A0DA7A3C05B704100042F0DAAA600F74FF00900000204089A4B809911000F7D9FF08
S325800369C0F85BF80DF4F482186D00360991A001CFD9CCC04F54CF160A74CF6D00E10954CFF3
S325800369E06F1F15806D002809D4FFC82F14FF5E1454CF16033C0454CF160B960874CF6D00F0
S32580036A00CF0954CF74AF820854AFDF085082D80D82049100012F0245D92208C0D4F69100F8
S32580036A2001FFD9FF04C04964080AD44554F0D467095F020954217E05095006095F0128007F
S32580036A409100015F195000C03B5055F59B5F05F0595F00C08215D4450951020974F1D445C4
S32580036A600951020974F1D44F09F1060974210241A0BF8F11003082320F32002026027625B8
S32580036A80DA020F3F00F0A6F4C211FCF4BD075000F6593B5055F5910001FF9B5F05F059FFE6
S32580036AA000C0D46FDA00910001CFD9CC00C049F2040AA0748F1F002054F082210F21001058
S32580036AC0261076089100015FD9550CC0905554207450C21FB042FD40EF7FD4628200A02477
S32580036AE0402F8F100020542F82218B0201200F210010261F6E0D9100015FD9552CC00150AF
S32580036B00035648AF745F48AF745F48BF6C51C21049FF080AFD40E77F4C29910001FF160F41
S32580036B2059FF04D08205547FA64F74CF7655910001FF59F400C0D80E9100012F3B00E001E2
S32580036B40C82FC8EF09FFC0086C2209FFC208163F6C2509FFC20816C006AF6C2709FFC20826
S32580036B60914000FF260F8F7F1FF06C283BF0CF0019FF40899BF0F107260FB71F01F559FF1F
S32580036B8040896D004502D80D8203911001CFD9CC3008D4F501A303268204A01D4026492788
S32580036BA0100A4924200A61006F6901640226482F742F0174022609F0081974200144022603
S32580036BC009F0001974203B5055F56CF28205A0F28F15006009F1041982300F6000002601D7
S32580036BE0761B09F10019B701101882220F620020A62189F1001909FF0C19260F6E0B09FF16
S32580036C000819B70F10F882200F600000A60F89FF0819C215FD20DE7F820501640226A07E0A
S32580036C20CC528F340000425001F302F60610489F82310F01002026F232500F020020370288
S32580036C4068F06E148F150000542F017402F60F01001082F0C601261F742F54FF261F74FFF1
S32580036C60014402F654FF261F74FFC215FDE0DA7FC214FDD09A7FC213BF238EFF6D00360291
S32580036C80DA01780C8202580C02236E55D80DD4FF49F4080A8204A075D44F82110F41001084
S32580036CA001F3002609205C082610DF003C008F530000C88F42403700E80053C220F08F14B1
S32580036CC0001110FF8FB020F010C28F9120F0102609FF02096C61C21209FFC0086C633702F8
S32580036CE06820C822BD021F00092F0A096C62C822092FC608896F0819C822092FC808896FAF
S32580036D000C19C822092FC0088F0F01F0746FC822092FC208896F0019C82F09FFC408896FA9
S32580036D200419C214FD50BA7FC21337036830580C3FF3B2FFD80D8203D4F54956080A8204F9
S32580036D40A0176100A16801A303268205A0F34924200A01440246492D100A402E8F1500607C
S32580036D60544182300F6000002601761C09F100198212B70110189A160FF20020A62189F182
S32580036D80001901D4022654212601761C09FF08198212B70F10189A160FF20020A62189F169
S32580036DA0081901E40226542F260F6E0A482F8210B70F10F8C2160F600000A60F6CF2C215E4
S32580036DC0FD30CE7FC214FD70BE7FC213BF23B9FFDA0174AFCC51BD0F230054A0DA00DF000A
S32580036DE0130090F48F5F200091A0012FD922D04F012000265440C21F7420370F68F054A008
S32580036E003F0FF1FFDA00B04FA07291A0014FD944F04F9044C21F44F07440FC28D46F48FF98
S32580036E206E2B8200A0229100015FD46F536020F0C8FF10F4144F6F7F1D808F100010405FEE
S32580036E40DA0149FF044A01F003F60F1F00F0895F0049C211144F160F74FF094F02096CF171
S32580036E60144F16208B0F20F20F1F00F0895F0049C210FD20DC7F6D00AB00D80D3BF04942F8
S32580036E800644D4FFC82F09FFC41891A001FF59FFE06F6D00F906D80EC82F09FF0A0991A004
S32580036EA001FF59FFFC7F6D00AB0702820090000020080B4510886100EE6701F802F68F18E5
S32580036EC000F1489A8F4F0000910001FF8FF81FF0D9FF588090FF429054FF3700680074AF2B
S32580036EE0823154AF0F010010261F32500F0F00C08F4820F0102F822B49FF080A01F900C6A1
S32580036F00C2FB82140FB4000026C0DF002D008FB820F0911001FF0BB90000D9FF000810FF35
S32580036F208F6020F010FF37006860487F8F160000370F7070DA036CF70F0F00F001CB00F619
S32580036F4026AF325014F10F0F00F0370F68F05E3B912000F8D9FF786301F102F6D4FF028567
S32580036F602D0F0000DF0BCEFF009000000D0000020D000003820402456DFF9CFF0D004002C3
S32580036F80008000000D0000020D000003820482656DFF90FF0D004002008000000D00000283
S32580036FA00D00000382043BA000506DFF83FF0D00400200800D0000020D00000382043BC02A
S32580036FC000506DFF77FF0D004002008061008E6709FF8019BD0F1B00820002010202A032EE
S32580036FE004FF8F2200308FFF004116F006CF0F3400400F3F00F0A640A6F1C212FC2291A019
S3258003700001FF59F0F06F59F1F86F009082020223A07561006B67821109F054080F310010D5
S325800370202610DF005F00538221F0C86FC2129140004F3BF0CF10D94440E910F28F7320F0DE
S32580037040910001FF01430246D9FF000110FF142F370268209BF1F1173BF00300EE3C4C2145
S32580037060B70F01F06CF909268809BC67546F6CF7092688094C616CF84C246CF69100016FBE
S325800370800C2116C006AF6CFE68B00C21163F6CFC0C22163F6CFF4C25596F38114C2106FF61
S325800370A016075E334C236CF4BBF0FD0F489F9B70FF0F26F04C211601A6F0689048AF8F7FE6
S325800370C000010C231607A6F068A0544F26F1B71101F53C0668B0544F261FB71F01F5744FF3
S325800370E0C213FD50987F0090DA01200874AF820154A00213DF00580082028F530040DA20B5
S325800371007FF44C806100CE66DF0044006100DE66EE401A24911001FF8FCF1F00D9FF0008E0
S325800371208FB020F00924880910FF8FF200618F6620F010FF094FC2086CF58650092488099D
S3258003714006F6094FC4086CF309248809094FC6086CF409248809094FC8086CF109248809E2
S32580037160094FCA086CF20C216CFADA030925020974F56CF709228809142F6CF8914000FF56
S32580037180D9FF80E901F000F601F602F6610094666100A5663FF0B8FFC2133703683054AFF8
S325800371A03FF3ACFF00900000202853C421F06100DC66D42F8201824310F5CC2101F401F69D
S325800371C00810744189410409D42F10FF086F8F3F00212E46F62302133C0882133C06F62334
S325800371E082233C03BA22AA3309514508DF2348806100D96601F000F6DAFF49F2201A37F0FC
S32580037200080437F00800FF810680B7000800371008048FC003F186EF3700680461006C6604
S3258003722048BF160189AF240809AF64081E13142F5E2BDA00342F54FFB70F08FC7806481FE3
S32580037240B70F08FC3C03DA007806780709AF64085E1361005A6649AF180A49A20C0AA0252F
S3258003726044FF642FFC5E49AF0C0A40A2A02544FF642FFC5E54AF744F58016C410090000014
S3258003728091100047D944FC5BD44553C421F020088200A002D45F824510FF086F8F3F00111D
S325800372A02E46F61302053C0582153C036100336609558409085601540156145FBF250580DF
S325800372C061002F669022542F2E0657002120492240088210DF01A380084F1603DF0F9F00E9
S325800372E0D44FDA000BFF1008C81F01F401F60812765A61005866534221F010FF09F06308F1
S3258003730009FF6208DF100880EE0382133C0F3B1001303C0CDF200880EE0382233C073B20AB
S3258003732001303C04BA30AB00A13FDF0577006100F865012200F6DAFF49F4201A02F0FF86E5
S3258003734004808200026F61003E668FC003F18FEF3F10370068046100FD658FB120F010FF53
S325800373608F7020F010FF8FF300F1EE4482324844012101F6061009F5EA140F0200203702EC
S3258003738070608F030F01DA100F658070FE038200DF072080B70408FC6E0B144F8F841E10BF
S325800373A03E176F0F17809212370268F0FE1282103C108200F67EB70408FC6E0A144F8F8414
S325800373C01E103E162E06C21F370F68F07E128210DF100500B70408FCEE0382013C028211D5
S325800373E07676BBF0FFFFC6F62665B4F58F841EF03C1348BF160134AF14AF1E13144F5E1544
S32580037400DA00344F82113C02820114AF5E1648BF96016CFBDA02344F0210020200900000F1
S3258003742091100057404FD955FC5BF45FDA012008820434AF08BF024091100067D9668CAA72
S3258003744040626E11534021F0C210106437006800894421088924201889242418B01208BFAC
S325800374603FF0F2FF024014AF40626E0D020FC21014A137006800892FAA18892FA818B02246
S325800374803F10F7FF61009965DF055A0053C621F0D4F210220C26092045081603EE4BDAFF8C
S325800374A037F7087437F70870FF80068037470870370708748FC703F19100014F8FEF3F0056
S325800374C0D94400018FB020F0092058081044092F520806608F8F01F0A60F0920540837075A
S325800374E068148F000100A60F0920550886718F10010001410046A60F092056088F40010091
S32580037500A60F092057088F600100A6F04C49A60F6C49BBF0FF0F4C229BF00F00260F6C4777
S325800375204C23260F6C48092FD00816036C4EDA3F6C4BC216370668603F56AAFF61003D6599
S32580037540DF0545000267822853C621F0D4526100066582412E46F60382013C0882113C067E
S32580037560F60382213C03BA20AA310922840901260126142F09294108DF21248090627427FD
S32580037580084F370F6201570022214922400808408F3000F1DE16534921F03700620210626F
S325800375A089202308892820084922220ADF200400DF100680084F370F62F13C02BA30342F0B
S325800375C0C216370668603F56C1FF911000F7E9F4386C911000F7DA01E9FF3C6C0090000044
S325800375E06100C3644025095F840501F401466100C8640946410891100047534621F0D94414
S325800376008CAA1042086F09276308160309216208EE54DF170880F61382183C0F3B10018020
S325800376203C0CDF270880F61382283C073B2001803C04BA37AB07A18F6100BA648FEF3F00CA
S3258003764037016814610086648FB020F010FF867101F100F68FF800A1489F8F0F0491489F3C
S32580037660B70F1000F6A88F6040F16CF982006840B70F04008F080FF18F9F00103B00F08014
S32580037680A681A6106890489FA69F6CF9489F96016CF9DA3F6CFBF6A448CF96026CFC765D14
S325800376A0014600F6DA0089FF2018DF370300F675014600F689FF2418D45F8210825101F458
S325800376C001F614FF904F5700212149F240080090914000FF19FF8068962C59FF806819FFA2
S325800376E08468962F59FF846819FF886859FF886819FF8C6859FF8C6819FF9068962B59FF3B
S32580037700906819FF9468962E59FF946819FF986859FF986819FF9C6859FF9C6819FFA068B4
S32580037720962A59FFA06819FFA468962D59FFA46819FFA86859FFA86819FFAC6859FFAC682D
S3258003774019FFB06859FFB06819FFB468962759FFB46819FFB86859FFB86819FFBC6859FF57
S32580037760BC6819FFA0A859FFA0A819FFA4A859FFA4A819FFA8A859FFA8A819FFACA859FF80
S32580037780ACA80090914000FF19FF8048961E59FF804819FF844859FF844819FF884859FFB0
S325800377A0884819FF8C48961F59FF8C4819FF904859FF904819FF9448962059FF944819FF8D
S325800377C0984859FF984819FF9C4859FF9C4819FFA04859FFA04819FFA44859FFA44819FF30
S325800377E0A848962359FFA84819FFAC4859FFAC4819FFB04859FFB04819FFB44859FFB448EF
S3258003780019FFB84859FFB84819FFBC4859FFBC4819FF805859FF805819FF845859FF8458AF
S3258003782019FF885859FF885819FF8C5859FF8C5819FF905859FF905819FF945859FF9458CF
S3258003784019FF985859FF985819FF9C5859FF9C5800900000914000FF19FF600859FF600857
S3258003786019FF640859FF640819FF6808967059FF680819FF6C08967159FF6C0819FF7008F2
S3258003788059FF700819FF740859FF740819FF780859FF780819FF7C0859FF7C0800900000AF
S325800378A0914000FF19FF703859FF703819FF404859FF404819FF444859FF444819FF4848FF
S325800378C059FF484819FF4C4859FF4C4819FF504859FF504819FF544859FF544819FF58489F
S325800378E059FF584819FF5C4859FF5C4819FF604859FF604819FF644859FF644819FF6848FF
S3258003790059FF684819FF6C4859FF6C4819FF704859FF704819FF744859FF744819FF78485E
S3258003792059FF784819FF7C4859FF7C4800900000914000FF19FF408959FF408919FF70D9EB
S3258003794059FF70D919FF40E959FF40E919FF44E959FF44E919FF48E959FF48E919FF4CE952
S3258003796059FF4CE919FF50E959FF50E919FF54E959FF54E919FF58E959FF58E919FF5CE9D6
S3258003798059FF5CE919FF80E9961359FF80E919FF84E959FF84E919FF88E959FF88E919FF22
S325800379A08CE9961A59FF8CE919FF90E959FF90E919FF94E9961859FF94E919FF98E996148F
S325800379C059FF98E919FF9CE959FF9CE919FFA0E959FFA0E919FFA4E959FFA4E919FFA8E916
S325800379E059FFA8E919FFACE959FFACE919FFB0E959FFB0E919FFB4E959FFB4E919FFB8E976
S32580037A0059FFB8E919FFBCE959FFBCE900900000914000FF19FFF00859FFF00819FFF40856
S32580037A2059FFF40800900000914000FF19FF10D859FF10D819FF14D859FF14D819FF18D879
S32580037A4059FF18D819FF1CD859FF1CD800900000914000FF19FF106859FF106819FF1468A9
S32580037A6059FF146819FF186859FF186819FF1C6859FF1C6819FF246859FF246819FF286891
S32580037A8059FF286819FF2C68B71F81F559FF2C6819FF306859FF306819FF346859FF346849
S32580037AA019FF3C6859FF3C6819FF007859FF007819FF047859FF047819FF087859FF08784D
S32580037AC019FF0C7859FF0C7819FF107859FF107819FF147859FF147819FF187859FF18780D
S32580037AE019FF1C7859FF1C7819FF207859FF207819FF247859FF247819FF287859FF28786D
S32580037B0019FF2C7859FF2C7800900000914000FF19FF502859FF502819FF542859FF5428FC
S32580037B20009000004DC0E1FF370F6820009000008212BC4D8210DA0002F14940C008F6039B
S32580037B4002F23C02C2F47623DF04F6FF009000008212BC4482034942C00800904DC0E1FFCA
S32580037B60910000F7D9FF145390FC910000F7D9FF1C5390FD910000F7D9FF105390FF82F108
S32580037B8054D954FA910000F7D9FF185390FF0F19C0F054C854F07E84C6105F0A0500821473
S32580037BA06D00E43F7683C2F8C21974C874D9F6856FFA04000D000003009000004DC0E1FF20
S32580037BC0910000F7D9FF145390FF54F0DF0014804DC0E20F0D00400391000027D9221053AB
S32580037BE0902282F1742091000027D92218539022C610742054F091000027C210D9221C53D1
S32580037C00902274F082F15420C2F07420C61054FF3E0482141D00AA3F00900000BC43DA0028
S32580037C20744F009053C420F020086100D36174AF54AF009020084DC0E1FF16076DFFC0FF71
S32580037C40910000F7D9FF205390FC910000F7D9FF245390FD54C882F154D0C6105F080500E3
S32580037C6082146D00833FF68753CF20F06100B26174AF54AF54CFC21F74CF54DFC2FF74DFDF
S32580037C80009000002008910000F7D9FF305340F46DFF50FFDF027280910000271920345386
S32580037CA082F1C2F059203453C61054FF3E0482146D005C3F6DFF84FF910000C7D9CC2C53A2
S32580037CC0910000D782F1D9DD285354C054DFC6103E0482146D004A3F54D4DF0449806100EF
S32580037CE02262BBC0FF6F54F5BB00F00F9130002F0F6580F0D922383626F016FC82F1C6F1FC
S32580037D008FC10FF15421A6F06F7114008F1000108FF01F208F501F30C6328F401FF0C6F262
S32580037D208F301FF0C6F28F4200F1A6F10F618000B70510106100F0618F1040F154F00261E6
S32580037D402610542191100027B7011010A6105920C06B82F191100027C6105920C46B74FFC9
S32580037D60B72F02F074FF54FF74AF54AFC21474D454CFC2FF74CF009082241D00F73E0000E9
S32580037D8053C420F020086100A1613E0482146D00ED3E6100BA6174AF54AF009020084DC0D1
S32580037DA0E1FF910000F71607D9FF205390FF91000027D9222453902C54F082F254C1C62141
S32580037DC05F10050082146D00D13E54F0760754F0C2F074F054C0C21074C054F0F60D53CFF6
S32580037DE020F0610073613E0482146D00BF3E61008C6174AF54AF1DFFB3FE0000910000F7AA
S32580037E00D9FF30532008F801910000D7D9DD345382F154D054FFC6103E0482146D00A63ECF
S32580037E20910000F7D9FF2C53910000C782F1D9CC285354F054CFC6103E0482146D00963E99
S32580037E4054CF6E06C2FF74CF54FFC21F74FF54CFEE2F6100686154F361000561913000CF4F
S32580037E60D9CC383654CF6100E56054CF2E8454CF61000B61A610911000E78F1040F174FF57
S32580037E80B70F10989110002782F11920C46BD9EEC06BC61054EF3E0482146D00673E54EF10
S32580037EA054C06100CF6074FF54FF74AF54AF6DFF57FE54DFC21F74DF09A484091DFFB0FE7D
S32580037EC0910000D7D9DD3853D4DF911000C7D9CC007C14CFD4FF530F25F03BF049A210FFE2
S32580037EE0064A09FF6B0802A4370FE4808219C2186DFFCAFE913000EFD9EE180654E0C50F98
S32580037F003370B700010074E00000FCFF82EF913000FFD9FF300661000B616E0A9130002FBA
S32580037F20192F3006B70F01FF9608592F300682EF6100FE606E0E9130002F192F3006B70F38
S32580037F4002FE3B8000009B000001A60F592F300682EF6100ED606E0C3B800000913000FFBA
S32580037F609B00000419FF3006A60F59FF30066DFF47FF913000FFD9FF1C0602A46DFF84FE48
S32580037F8054FFB70F07006100FC6001290026142FA6F074F06DFF34FF6100F3600129022649
S32580037FA04C223C030000C2FFEEFEC2197F98E7FF02A46DFF69FE54EF913000FFB70F01F3D0
S32580037FC074EFD9FFA44654F8913000CFD9CCA84654C9913000DFD9DDAC46DABC54DB913099
S32580037FE000EFD9EEB40674EF3B803FC054FF26C8B70F87F174FF26C954CF26CBB70F87F138
S3258003800074CF54DFB70F87F174DFDA0074EF6DFFF7FE02A46DFF38FEDABC74EFDA05913051
S32580038020002F592FA006592C8C7654FFA68F74FF54CFA69F74CF54DFA6BF74DFDA0074EF05
S325800380401DFFDEFE913000FF19FF140606EF8F1F002100903BF04942910000C70644D9CC5C
S325800380603853F4C46DFF10FE910000F79130002F192F101659FF3C53402FD9FF2836DA006E
S3258003808074FF54FFB70F01F674FFD4CF482FB70F10F8592F1816482F8F0F1FF0592F1C16E5
S325800380A0C86FBCF454FF592F08366DFFA9FED4CFC8146DFF81F41D0047020000203091304D
S325800380C000FF89A42009D9FFA446F8033BF049E254FF913000FFB70F16F57807D9FFA84686
S325800380E0F805064E54FF913000FFB70F16F57809D9FFAC46F80402E454FFB70F16F5780AEF
S325800381006DFFC2FD913000FFD9FFB406F806DABC74FFD803610029606DFF72FE02E46DFF5F
S32580038120B3FDD80561002160D80461001E60D806DA0074FF6DFF64FE02E46DFFA5FD6DFF33
S325800381405FFE913000FFD9FF3006F8017B00000354FF913000FF260FD9FF1406F8028F4FE2
S325800381601E0054FF1601DF105A80EE589130002F192F1806402C370FE704192F1806D9CCE1
S325800381801C06370F648C54CFD801167F921954FFC210910000F7C21899FF3853370F64A4CA
S325800381A0192B002673980AF091100027534021C0D4FF4BFC1102392F007C530F25F010FFF4
S325800381C0DA7809FD4C187F0F1580C21902E46DFF5BFD6100CF5F6DFF13FE6100B95F3C03EE
S325800381E00000C2F0DF00FEFFDA643F2FF0FF3C16DA507FF01480C2F902E46DFF45FD61009E
S32580038200B95F6DFFFDFD6100A35F3C030000C2F0DF00FEFFDA643FF2F0FF02E46DFF34FD46
S3258003822082EF913000CFD9CC30066100895F6E07D80154FFB70F02FE960874FF82EF9130E6
S3258003824000FFD9FF34066100735F6E099130002F192F3406B71F02FE592F340682EF6100FE
S32580038260675F6E09913000FF19FF3406B71F01FF59FF34066DFFC4FD02E46DFF05FD91307C
S3258003828000FFD9FF100654FFB77F05F874FF54FF960474FF6DFFB4FD3B803EF074AF54F0A2
S325800382A03C0554AF54F0C2FF74AF54AF6E073B2010F08F2010015F0FF6FF54AFEE04821844
S325800382C01D00F200911000F75808E9FF007C02E46DFFDAFC913000DFD9DD180654DFB70F15
S325800382E001F874DF6DFF8CFDC50F33700000FCFF02E46DFFC9FC54DFB71F01F874DF6DFF6A
S325800383007FFD910000F7D9FF38535808F80B530F2580913000EFD4FFD9EE1C06D4FF01F8CB
S3258003832000F609F06B086F505580D80254F06F00168002E46DFFA8FC54E0B700070874E057
S325800383406DFF5EFD02E46DFF9FFC54DF960174DF54DF961074DF6DFF53FD02E46DFF94FCF9
S32580038360D80B54EFD4FFB70F0708D4FF01F800F609FF6808167F8F0F01F0A6F074E06DFFF2
S325800383803FFD6D00F300022802E46DFF7DFC82EF6100D65E6E06D80154FFB70F01FF74FFE4
S325800383A082EF6100CD5E6E06D80154FFB71F02FE74FF82EF6100C45E6E09D8013B8000004F
S325800383C09B00000454FFA60F74FF6DFF19FD3C6B02E46DFF59FC54EFB70F07F874EF54DF8C
S325800383E0B70F01F374DF54DF960174DF6DFF08FD02E46DFF49FC54DF961074DFD80B54DF80
S32580038400D4FFB70F04FCD4F2012800260920EA083700E4028F800100A60F74DFD4FF54DFCF
S3258003842001F800F6B70F870448AF370F67F78F9F00F0A6F074D06DFFE3FC02E46DFF24FC23
S32580038440D80B54EFD4FFB70F07F4D4F2012800260920E8083700E7038F800000A60F74EF63
S32580038460D4FF54EF01F800F6B70F07F014F0A60F74EF54DF964074DF6DFFC2FC02E46DFFBD
S3258003848003FC54DF962074DF6DFFBAFC02E46DFFFBFB54DFB71F01F974DF6DFFB1FC6D00D2
S325800384A0650002286DFFC8FB913000FF19FF2C46960859FF2C466DFF73FC02E46DFFE4FBB7
S325800384C0D806DABC74FFDA05913000FF59FFA0063BF03FF059FF8C766DFF92FC02E46DFF8F
S325800384E0D3FBD803580754F0A6F074F0D805580954F9A6F96DFF84FC02E46DFFC5FB74F918
S32580038500D804580A54F0A6F074F0DA00D80674FF6DFF76FC028200903BF0494206446DFFCD
S32580038520B3FB913000FF19FF2016BB20F00F260F960259FF2016917000F0D9FFCF7D0000AC
S32580038540FCFF009082086DFF77FB911000FF54FFB70F01F074FF6DFF23FC54FF370FE1F08D
S32580038560AB18A02F009000003BF049822008064802846DFF89FB82EF913000CFD9CC300692
S325800385806100DE5D6E0861000A5EB70F01FF960859FF300682EF6100D35D6E18911000F765
S325800385A09100004739FF007C994F3853530F25F09130002F3B80FF00D4FF9BF0330010FF72
S325800385C048CF260F9608592F3006910000D7D9DD3853911000E7D9EE007C6DFF11FC0284F7
S325800385E06DFF52FB6100E05DD9FF34066100A05D6E099130002F192F3406B70F01FF592FF4
S32580038600340682EF6100945D6E0A9130002F6100BF5D48DFB71F04FE592F34066DFFF0FBD7
S3258003862002846DFF31FB6100BF5DD9FF0016F4AF61007E5D6E09913000FF19FF0016B70F1E
S3258003864001FF59FF0016D4AF82EF6100715D6E099130002F61009C5D48EF160F592F001645
S325800386606DFFCEFB02846DFF0FFB61009D5DD9FF0C1661005D5D6E0A9130002F192F0C16FE
S32580038680B70F01FF9640592F0C1682EF6100505D6E089130002F61007B5D48FF592F0C16FC
S325800386A06DFFAEFB02846DFFEFFA82EF6100485D6E0A6100745D3B8000009B000004A60F11
S325800386C059FF3006D4AF82EF6100325D6E09913000FF19FF0016B71F01FF59FF00166DFF8A
S325800386E08FFB02846DFFD0FA6100525D09FF0019913000CF163F59CF0026BBF0FF9BD9CC5D
S3258003870028069BE9FF9F54CF269F74CF6DFF78FB61003E5D09FF6C0809F0EC088FFF01A1E1
S3258003872048BF3700E7B209F06E08370F67C602843700E4D16DFFA8FA54C0269074C06DFF0D
S325800387405FFBC50F33700000FCFF02846DFF9CFA54CF26F9B71901F874CF6DFF51FB0284B0
S325800387606DFF92FA913000FFD9FF2C0654FF3BE0FF9BB70F07F874FF3BF0FE0B54CF269F52
S32580038780960174CF54CF260F961074CF8F8C000054FFB70F07F0A6FB74FB54FFB70F04F4E9
S325800387A0A60F74FFBBF0FF0B54CF9BF00F0F260F8F8D0100A60F74CF8F9A000054CF3BF0C6
S325800387C0FBABB70F86F4A60F74CF3BF0FD0B54CF26AF964074CF54CF260F962074CFBBF0F2
S325800387E0FF0B54CF9BB0FF0F260FB71F01F974CF6DFF06FB820B3BF01FF0913000FF19F025
S325800388002406C2FF6F200380EEFBEA1BF6BC02846DFF3AFA54C0260974C954CF26FA74CA0B
S325800388206DFFEEFA02B200906D0080006D00C20A6D0082026D00E010910000F7DA01E9FF58
S3258003884048D30090911000F76D000A35F9F2E8DB911000C76D003635B9FFE8DB910000F7AF
S32580038860B9F010D3F9C2ECDB0BF0B001F9F010D3910000F7B9F014D3910000270BF090F19D
S32580038880F9FF14D3910000F7B9CFECDBB9F018D30BF0B001F9F018D3910000F7B9F01CD365
S325800388A00BF090F1F9FF1CD3910000F7392F48D3D9FF4CD3BA0F34FF9110002739200C5C45
S325800388C0DF1003809602911000273920145CDF100380960434FFEE031D007400911000F71B
S325800388E0DA00F9FFF4DB911000F759FFDC4B911000F759FFE04B911000F759FFE44B00906D
S32580038900911000F719FFE04B744F6100515C0090911000F7B9FFF4DBB44F6100495C0090DA
S325800389206100465C009000008204911000F759F4C44B911000F759F4C84B911000F759F4C4
S32580038940CC4B911000F759F4D04B911000F759F4D44B911000F759F4D84B911000F759F486
S32580038960DC4B911000F759F4E04B911000F759F4E44B911000F759F4E84B911000F7F9F486
S32580038980F0DB911000F7F9F4F4DB911000F7D9FF946B3B40015040F46D005E7091100027BD
S325800389A0DA00F92FE8DB91100027F92FECDB821028F089F0100889F011082CFE009000002B
S325800389C0911000F7D9FFDC4B2008F8019100004754F3911000F7B9FFE8DB910000F7B9F0F3
S325800389E02CF3910000F7A20F19F004434B0F41F1911000F7910000274B0F4100B9FFECDB50
S32580038A00910000F7B9F130F3910000F7A21F19F108434B0F41F1911000F719220C434B1FC2
S32580038A2041F09110002782066B0F211059F1C44B6B0031FF194010434B214110911000F78C
S32580038A404B0F414059F1C84BBB70710B592FCC4B3704E8FB19F5C84B9B108D0391100027CD
S32580038A60B705811F5924D04B2A40B700810F4B0101F016068B0F20726E086B0031216B00A5
S32580038A8021014B0251003C034B0151007B0058144B104100BB00001F9BF157144B1001F011
S32580038AA0AE264B0601F016062B06401F4B0131F1912000F8D9FF984350FF3704E8FB09F03B
S32580038AC0C008EE084B6501F016066E043B0000043C6A3704E8FBEE074B6501F02E04BB009A
S32580038AE0000C3C614B6501F0AE074B6401F01603EE03DF0759004B6501F016066E0E4B641D
S32580038B0001F02E2B767A1B000012BBF0FFFD0B0F50F1BBF0FF0F3C444B6501F016066E0BF4
S32580038B204B6401F02E0876773B000016A201FA01AA013C374B6501F016066E084B6401F009
S32580038B402E05F674BB0000183CF24B6501F02E0B4B6401F02E08F677BB0000183BF0FFF7DD
S32580038B6042013CD64B6501F02E0A4B6401F02E077676BB00001A3BF0FFF53CF34B6501F0B9
S32580038B802E084B6401F02E257674BB00001E3CCF7B100010A201BBF0FF0F0B1050F16A0197
S32580038BA037017000911000771B0000FED977F0DBB47F910000270970C008392FA40391006C
S32580038BC00027E20FB9213CF3911000F7A21FF9FFF4DB911000F7D9FF946B49FD0F0A14DF0A
S32580038BE06E0740F28920840440F2892086040977C00809F6C4083B000015911000270B6712
S32580038C008000D922D44B3700500049F40E0A9B31F41349F6040ABB00002A4B0041019BC266
S32580038C2060244B1041007420B703810F14414B2001F02E2382113C0ABB00002C9BA25D242D
S32580038C404B200100370061F0AA01344149FC100A14CF6E03A847A85709FFC8083B000005BE
S32580038C60911000575AF7D955D84B370F50F049FE080A9B30EC0349F30A0A4B0F41F14B0F02
S32580038C8041F0745F144F6E0354223C025452910000277B00F803192F1443911000276B0F0A
S32580038CA031001921E04B4BF241F049F4110A6B1061FF592FE04B144F6E04097FC008ACF67A
S32580038CC009F0CC0854FFA207910000273707500049F50C0A420F74FF4B0F41F13B204902B2
S32580038CE09B9090034B0F4100392FA803EE036700BF0F4B4441F0911000275920E44B6B5569
S32580038D0061FF911000278200592FE84B34D009FFC608B46F097FC008ACF334C009FFCA08AB
S32580038D20B4EFB4363440097FC008B45FD80174F2009000008209910000470295D944A0823E
S32580038D40822420303B00046089A4A4096DFFD8E6DA00910000F7D9FF50D3F4AF6100D45E5E
S32580038D608218910000E7D9EE20D33C136DFF52E86DFFF0D109E0C008910000F7B9F124D3A2
S32580038D807F100D80C210B4E0D4AF34FF34CF34DF6DFF22CEDF12ECFF3C07D4AF824034F810
S32580038DA034C034DFB4E9910000F7D9FF50D3F806820814FF821ADF0FC6820280D809C5026C
S32580038DC0130004FF42F037006800FC2CD8090281C502130049F4150A404F04FF42F1370164
S32580038DE06810FC2CD8090282C502130049FF2A0A04FF42F237026820FC2CD809BB00F04F94
S32580038E0091000057D955E0C26100C35CB4536100455C910000C7D9CCF8C26100EE5BB4C3B0
S32580038E20910000D7D9DDC0D26100F45BB4D391000027D922C8D2F4A261006A5A89A2840902
S32580038E4061007F5A910000F7D9FFD8D2F80AD8096100A55FD80AB4F3910000F7D9FFE0D262
S32580038E60F80209A2A409092F500861008E5C09235108A63FB4FF910000F7D9FFE8D2F80409
S32580038E8061002F5ED809910000E7D9EE04636100E85B34EF4052144F6100775C09A4A4098A
S32580038EA00943560861007F5C094F5708406261006C5C094358086100765C094F5908407277
S32580038EC06100635C09435A0861006D5C094F5B0840CF61005A5C09435C086100225D094F48
S32580038EE05D0840DF6100515C09435E086100195D094F5F08D4AF6100485C09436008610072
S32580038F00105D094F6108D80161003F5C094362086100075D09A2A409D80A092F630861000C
S32580038F20345C092364086100FC5C092F6508D80261002B5C092366086100F35C092F67086F
S32580038F40D8046100225C092368086100EA5C092F690840E40BF110F1894F0104405F092F0C
S32580038F606A086100125C09236B086100525C092F6C08406F6100095C09236D086100495CB1
S32580038F80092F6E08407F6100005C09236F086100405C092F700840CF6100F75B0923710867
S32580038FA06100375C092F720840DF6100EE5B0923730861002E5C092F7408D4AF6100E55B4F
S32580038FC0092375086100255C092F7608D8016100DC5B0923770861001C5C092F7808D80A38
S32580038FE06100D35B092379086100135C092F7A08D8026100CA5B09237B0861000A5C092F14
S325800390007C08D8048F8F00F040E326F4092F7D08A6F489F48404910000F7092F7E08D9FFA2
S3258003902050E30BF210F1893F0204F805822491000027143F062F8F4F0031144F061F160216
S32580039040A6F314EFA6F334F3D8096100015D40F489410104DAFA34F0910000F7D9FF54D309
S32580039060F8037E0B14407E0914207E07D80634FAD80334FA1D006101D80514FF6E09DF1F56
S325800390806C00DF2FB300DF4FF9001D005201910000F761005D5A61009B5E09CFC00809C020
S325800390A0C208420F09C0C40861002F5B6100345B6100FD5DD4A261007C5CD80109F0C20896
S325800390C009F3C0086100795A6100305BB4C0D80A6100EF59D8024B20114291000027610073
S325800390E0A25DD8046100735B910000D7D9DD28F3B4D409C4C008A2346D00B138FF420A010F
S32580039100D80109C4C00809FFC208A2F46D00A738FF42000109C4C0086100B5596D009F381A
S32580039120FF42F800D80A09D4C0086100CF5D6D009638FF42EF0009D4C0086100EE5C6D0031
S325800391408E38FF42E70061009A5B6D008838BF42E7001D00DF00910000F7095FC20809501E
S32580039160C40861001D5909CFC2086100DA5C09DFC20809D0C4086100E75AD4A2092FC20819
S325800391806100E95BD80109FFC2086100EB5BD80A6100E0586100CA5CD8026100DB5861007E
S325800391A00F5BD8046100D65861002A5C6D005738FF42B000D80109C4C008610064596D0084
S325800391C04E38FF42A700D80A09D4C0086100A55C6D004538FF429E006100515B6D003F38F5
S325800391E0BF429E001D009600910000F7095FC0080950C4086100275909CFC0086100915CE8
S3258003920009DFC00809D0C40861009E5AD4A2092FC0086100A05BD80109FFC0086100A25B3E
S32580039220D80A61009C586100815CD802610097586100C65AD804610092586100E15B6D0054
S325800392400E38FF426700D80109C4C00861001B596D000538FF425E00D80A09D4C008610023
S32580039260355D6D00FC37FF4255006100085B6D00F637BF4255003C4D910000F7095FC008A8
S325800392800950C2086100215909CFC00809C0C2086100C15D61008B5A6100565AD4A2610067
S325800392A04B5CD80109F0C20809FFC0086100855961005659D80A6100B3596100375CD802A6
S325800392C06100AE5961007C5AD8046100A9596100975B6D00C437FF421D00D80109C4C008A0
S325800392E009FFC208A2F46D00BA37FF421300D80A09D4C0086100EA5C6D00B137FF420A00FD
S3258003930009D4C0086100095C6D00A937BF420800D80634FADA03D80334FF3C0ED80634F8B8
S32580039320D80334F8910000F7E9F858D33C0BD80634FAD80334F4D8059100002714FFE92FF3
S3258003934058D3910000F7D9FF5CD3F80834FAA01FF807D80614FFDF0FC602D808029582241A
S3258003936014FF3B000460C21F34FF09A4A4096DFFC7E36100C95B910000E7D9EE20D33C1328
S325800393806DFF48E56DFFE6CE09EFC008910000F7B9F024D37F0F0D80C21FB4EFD80634F8FA
S325800393A034C834D86DFF18CBDF12ECFF3C07D806DA0434FA34CF34D8B4E9D80614FFDF0F39
S325800393C08C828200D809C502130004FF42F037006800FC2CD8098201C502130049F5150A22
S325800393E0405F04FF42F137016810FC2CD8098202C502130049FF2A0A04FF42F23702682084
S32580039400FC2CD809BB00F04F91000047D944E0C261008859610042596100955CF4A26100A2
S32580039420775789A2840961008C57910000C7D9CCD8D26100B45CB4C36100C45889A2880911
S3258003944061002558910000F7D9FFE8D2F80309A2A4096100465BD80991000037D93304631A
S325800394606100B558145F6100905909A5A4090953560861009859095F570840626100855929
S325800394800953580861008F59095F5908407F61007C5909535A086100445A095F5B0840DFD9
S325800394A06100735909535C0861003B5A095F5D0840EF61006A5909535E086100325A095F09
S325800394C05F08D4AF61006159095360086100295A095F6108D8016100585909536208610073
S325800394E0205A095F630840CF61004F59095364086100175A095F6508D802610046590953D9
S32580039500660861000E5A095F6708D80361003D59095368086100055A095F690840326100AA
S32580039520E45B095F6A08404F61002F5909536B0861006F59095F6C08406F61002659095352
S325800395406D0861006659095F6E08407F61001D5909536F0861005D59095F700840DF61002F
S3258003956014590953710861005459095F720840EF61000B590953730861004B59095F74087C
S32580039580D4AF610002590953750861004259095F7608D8016100F9580953770861003959EF
S325800395A0095F780840CF6100F0580953790861003059095F7A08D8026100E75809537B0878
S325800395C061002759095F7C08D8038F8F00F026F4095F7D08A6F489F4840489A3AC09403F46
S325800395E0095F7E0882240BF210F189FF0204F80B910000F7D9FF50E3F805D80B14FF6100D8
S325800396005D5BD805143F91000027A6F334F3D80961001E5A40F589510104DAFA34F091000A
S3258003962000F7D9FF54D3F8047E0B14507E0914207E07D80634FAD80434FA1D004801D80529
S3258003964014FF6E09DF1F5C00DF2FA100DF4FE5001D00390161001F576100BA5B6100935BE8
S325800396606100255BD4A26100A459D80109F0C20809F3C0086100245761008F5709C0C00898
S3258003968009C1C208D802421009C1C4089100002742104B2011426100C65AD8036100975877
S325800396A061001E57B4E409D4C008A2346D00D735FF42FA00D80109D4C00809FFC208A2F49E
S325800396C06D00CD35FF42F0006100D9586D00C735FF42EA0061005D5A6D00C135FF42E4009B
S325800396E061005D5A6D00BB35FF42DE0061005D5A6D00B535BF42DE001D00D600910000F784
S32580039700094FC2080940C40861004A5609DFC2086100515A09EFC20809E0C4086100145886
S32580039720D4A2092FC20861001659D80109FFC20861001F5909C0C20809C1C4086100405AB0
S32580039740D8026100075661003B58D8036100025661005E596D008335FF42A600D80109D486
S32580039760C008610090566D007A35FF429D006100165A6D007435FF4297006100165A6D005A
S325800397806E35BF4297001D008F00910000F7094FC0080940C4086100565609DFC00861007E
S325800397A00A5A09EFC00809E0C4086100CD57D4A2092FC0086100CF58D80109FFC0086100BA
S325800397C0D85809C0C00809C1C4086100F959D8026100C5556100F457D8036100C055610043
S325800397E017596D003C35FF425F00D80109D4C008610049566D003335FF4256006100C95985
S325800398006D002D35FF4250006100CF596D002735BF4250003C486100905761005656610082
S32580039820C6576100F85A09EFC00809E0C20861008B57D4A261008059D80109F0C20809FFC5
S32580039840C00861003D5642F006F0B4D06100485609C0C00809C1C2086100B259D80261004C
S32580039860DF566100AD57D8036100DA566100D0586D00F534FF421800D80109D4C00809FF5B
S32580039880C208A2F46D00EB34FF420E00610081596D00E534FF420800610081596D00DF343F
S325800398A0BF420800D80634FADA03D80434FF3C0ED80634F8D80434F8910000F7E9F858D32E
S325800398C03C0BD80634FAD80434F4D8059100002714FFE92F58D3D807B0FFF807B01FFDF074
S325800398E03A7D00902048910000F7D9FF60D3F80F14FFDF0F5201910000F739FF74D3DF0F4D
S325800399004C81910000F7D9FF6CD3F80D14FF6E0BDF1F7C00DF2F8500DF3F8E00DF4F2D01AC
S325800399201D003B016100E658780761007958780661004C597805610052597804610058595A
S32580039940780361005E5978026100645978016100795974AF61006C5778106100955758072C
S32580039960342F89F61608580689FF170889F71808580589FF190889F81A08580489FF1B0809
S3258003998089F91C08580389FF1D0889FA1E08580289FF1F0889FB2008580189FF210889FCA3
S325800399A0220854AF6100575958106100BE575807342F89F62B08580689FF2C0889F72D08BF
S325800399C0580589FF2E0889F82F08580489FF300889F93108580389FF320889FA330858021F
S325800399E089FF340889FB3508580189FF360889FC370854AF6100385958106100B955D80DC5
S32580039A006100C1571D00C9006DFFE6C7DF12C5806100085A6DFF94E0DA021D00BD006DFF4A
S32580039A20DBC7DF12BA806100EE566DFF69E0DA031D00B2006DFFD0C7DF12AF806100D2561E
S32580039A4089A2A4096100645489A2A80961000C5889A2A00961000F5889A2AC096100D355E6
S32580039A6089A2B00961001A5809A2A4096100F35609A2A8096100F45609A2A0096100F5569D
S32580039A8009A2AC096100F65609A2B00961005D5809A2A4096100FD5709A2A8096100125882
S32580039AA009A2A0096100135809A2AC096100145809A2B00961002B5791000027D922006373
S32580039AC0892202088921010834209100002714CF062F8F4F0001147F061F1602A6F0143FD9
S32580039AE0A6F0E92050E36100055961000A59EE4061006B57D80961009E57D80A61008D56DA
S32580039B00D80861004E57D80B61008D58D80C61001C576D00A433FF422C00D80A09D4C008BD
S32580039B206100FB576D009B33FF4223006100A7566D009533FF421D00D80809E4C008610063
S32580039B40C5586D008C33FF42140009E4C0086100E4576D008433FF420C0009E4C008610006
S32580039B6092546D007C33FF420400DA003C02DA0134CFDA043C0F910000F739FF64D3EE030E
S32580039B806D003A07D80FDA0034FF910000F7E9FF68D3D80D34FF910000F7D9FF70D3F80E2E
S32580039BA014FFDF0FFC00910000F739FF68D3DF0FF680910000F7D9FF48E3F80D14FF6E0AA5
S32580039BC09E1CDF2F2600DF3F2F00DF4FD8001D00E60061005258EE0C6100E758F6046100B8
S32580039BE064563C0361004D576100E7523C0361008F58DA011D00CD006DFFEEC6DF12CF8098
S32580039C00610010596DFF9CDFDA021D00C7006DFFE3C6DF12C4806100F6556DFF71DFDA03BB
S32580039C201D00BC006DFFD8C6DF12B980610052586100745891000077D977F8C26100DD54B2
S32580039C40B473910000C7D9CCC0D26100E354B4C3910000D7D9DDC8D261008D53B4D39100A5
S32580039C6000E7D9EED0D26100E054B4E391000037D933D8D261009358B4336100A35489A2AB
S32580039C80A8096100C05489A2AC0961000A5491000027D922046389A2A0096100E254342F8E
S32580039CA040426100F1576100615840726100735340C26100845340D26100CD5540E26100AB
S32580039CC0CF5540326100D15509A2A8096100D25509A2AC096100785309FF690809A2A009A1
S32580039CE0610003586100D557894F84046100A058895F84046100A458896F84046100A8582B
S32580039D00897F84046100AC5889CF84046100B05889DF84046100B45889EF84046100B858AE
S32580039D20893F840409A4A8096100FA52894F840409A4AC096100FC528944840409A4A00923
S32580039D4061004A54894F020491000057144F6100B55709A2A009142FA6F3E95350E36100E5
S32580039D609D57395F50E38B0F20F2E9FF78D3D80DDA0434FF610064563C11910000F739FF9E
S32580039D8078D3EE036D003806D80EDA0034FF910000F7E9FF74D3D80D34FFD80F14FFEE04A5
S32580039DA0D80E14FF6E056DFF35E01DFFD3C90090DA00911000F759FFF04B911000F759FFF0
S32580039DC0F44B911000F759FFF84B911000F759FFFC4B911000F759FFC05B911000F759FF56
S32580039DE0C45B911000F759FFC85B911000F7F9FFD0EB911000F7F9FFD4EB911000F7F9FF7E
S32580039E00D8EB911000F7F9FFDCEB911000F7F9FFE0EB911000F7F9FFE4EB911000F7F9FF55
S32580039E20E8EB911000F7F9FFECEB911000F7F9FFF0EB911000F7F9FFF4EB911000F7F9FFF5
S32580039E40F8EB911000F7F9FFFCEB911000F7F9FFC0FB911000F7F9FFC4FB911000F7F9FFF5
S32580039E60C8FB911000F7F9FFCCFB911000F7F9FFD0FB911000F7F9FFD4FB911000F7F9FFF5
S32580039E80D8FB911000F7E9FF184C911000F7E9FF1C4C911000F7E9FF204C911000F7E9FF2E
S32580039EA0244C911000F7E9FF284C911000F7E9FF2C4C911000F7E9FF304C911000F7E9FF41
S32580039EC0384C911000F7E9FF3C4C911000F7E9FF005C911000F7E9FF085C911000F7E9FF2D
S32580039EE00C5C911000F7911000E702F4E9FF105C3B000350911000F7D9EE688B911000C7BF
S32580039F00911000D7E9CF344CE9DF045CE9FF145C40E46D00A165911000F78200F9F0F8DB1B
S32580039F20911000F7F9F0FCDB911000F7F9F0C0EB911000F7F9F0C4EB911000F7F9F0C8EBB0
S32580039F40911000F7F9F0CCEB911000F7E9F0104C911000F7E9F0144C911000F759FFEC4B7B
S32580039F60DA0189EF2E08E9C0344CE9D0045C00902010910000F7D9FF60E3F80314FF6E1896
S32580039F80910000F7D9FF70E3F80214FF6E12DF1F3F00DF2F4200DF3F0A02DF4F1002DF5FC3
S32580039FA0C203DF6FF104DF7FF4041D000C050090910000F7E9FF60F3910000F7E9FF70F366
S32580039FC0910000F7E9FF74E361005860910000F7E9FF64E36100935961009D5F6DFF0A92AF
S32580039FE0910000F76100935D910000F739F090036100BA5EDF2005806100F15B3C03610071
S3258003A000C45B6100455CDA011D00BC046DFF7892DA021D00BC04910000F739FF7CE35E1A18
S3258003A020910000F739FF44F3EE05D802DA0434FF0090910000F7D9FF44F314FFDF1FAA815F
S3258003A0406100855F6E149E1FDF2FCD00DF3FD100DF4FD900DF5F8401DF6F9C01DF7F8D0188
S3258003A0603B8000005F0F90011D00910161008F5E6D006C056D00C004910000F76100D05880
S3258003A0801D0080016100C15ADF1FA38061005C5C6E081E1F5F0F8400DF3F98001D009B00D0
S3258003A0A06100605D6DFFC8916100675F1D008C006100CF5ADF1010803B803E007F0F05804F
S3258003A0C0C21FB42F3C0E3BC044003F0F38806100CC5A3C5F6100AC5B7F0F0E80C21FB42F3A
S3258003A0E06100D4596DFFB29182046DFFED916100C75A3C703F0F06800940C2083F0F1F8028
S3258003A1000940C2083F0F13800940C4087F0F0F80C21FB42F6100BA596DFF98913BB0AA42EC
S3258003A1206DFFD2916100B35A3C550940C4083F0F0B800940C6087F0F07806100C75A6DFFC0
S3258003A14085913C480940C6083F0F12800940C8087F0F0E80C21FB42F610098596DFF769127
S3258003A16082046DFFB1916100995A3C340940C8083F0F0E800940CA087F0F0A806100A65AD5
S3258003A1806DFF649182046DFF9F913C2461005C596100665F6DFFAA91DA023C156100655924
S3258003A1A07F0F05806100825F3C078B4006007F0F090061006958610003576DFF8B913C0A6B
S3258003A1C06100CB5E34FF3C066100865B3C03DA0134DF61001A5EDF1FDD806100AA5F1D00CD
S3258003A1E0D1006100C45C61001E5A1D00D300610051596D00A1046D00FF03610073591D00E5
S3258003A200C1006100025ADF1FA38061009D5B6E081E1F5F0F8400DF3F98001D009B00610049
S3258003A220A15C6DFF09916100A85E1D008C006100105ADF1010803B803E007F0F0580C21F4B
S3258003A240B42F3C0E3BC044003F0F388061000D5A3C5F6100ED5A7F0F0E80C21FB42F6100B7
S3258003A26015596DFFF39082046DFF2E916100085A3C703F0F06800940C2083F0F1F800940BB
S3258003A280C2083F0F13800940C4087F0F0F80C21FB42F6100FB586DFFD9903BB0AA426DFFC8
S3258003A2A013916100F4593C550940C4083F0F0B800940C6087F0F07806100085A6DFFC69093
S3258003A2C03C480940C6083F0F12800940C8087F0F0E80C21FB42F6100D9586DFFB7908204B6
S3258003A2E06DFFF2906100DA593C340940C8083F0F0E800940CA087F0F0A806100E7596DFFAE
S3258003A300A59082046DFFE0903C2461009D586100A75E6DFFEB90DA023C156100A6587F0F00
S3258003A32005806100C35E3C078B4006007F0F09006100AA57610044566DFFCC903C0A610016
S3258003A3400C5E34FF3C066100C75A3C03DA0134DF6100A655DE1E6100F05E3C1361001A5BBA
S3258003A3606D004F626100A1596D004B626100E95EF687DA073C066100CE5D6D003D03DA085E
S3258003A38034CF3C0761007F5E3C04DA0034CF34FF910000F739FF74E3DF1F158361007C5E78
S3258003A3A0DF0FEF82DA031D00ED02910000F739FF50F3DF1FE0821D00B6016100C85D6E148D
S3258003A3C09E1FDF2FCD00DF3FD100DF4FD900DF5F8401DF6F9B01DF7F8D013B8000005F0FA4
S3258003A3E090011D0091016100D25C6D00AF036D000303910000F7610013571D008001610021
S3258003A4000459DF1FA38061009F5A6E081E1F5F0F8400DF3F98001D009B006100A35B6DFFFD
S3258003A4200B906100AA5D1D008C0061001259DF1010803B803E007F0F0580C21FB42F3C0E82
S3258003A4403BC044003F0F388061000F593C5F6100EF597F0F0E80C21FB42F610017586DFF05
S3258003A460F58F82046DFF309061000A593C703F0F06800940C2083F0F1F800940C2083F0F78
S3258003A48013800940C4087F0F0F80C21FB42F6100FD576DFFDB8F3BB0AA426DFF15906100D6
S3258003A4A0F6583C550940C4083F0F0B800940C6087F0F078061000A596DFFC88F3C480940C6
S3258003A4C0C6083F0F12800940C8087F0F0E80C21FB42F6100DB576DFFB98F82046DFFF48F90
S3258003A4E06100DC583C340940C8083F0F0E800940CA087F0F0A806100E9586DFFA78F8204DC
S3258003A5006DFFE28F3C2461009F576100A95D6DFFED8FDA023C156100A8577F0F05806100CE
S3258003A520C55D3C078B4006007F0F09006100AC56610046556DFFCE8F3C0A61000E5D34FF58
S3258003A5403C066100C9593C03DA0134DF61005D5CDF1FDC806100ED5D1D00D1006100075BB0
S3258003A560610061581D00D200610094576D00E4026D0042026100B6571D00C10061004558AF
S3258003A580DF1FA3806100E0596E081E1F5F0F8400DF3F98001D009B006100E45A6DFF4C8F7E
S3258003A5A06100EB5C1D008C0061005358DF1010803B803E007F0F0580C21FB42F3C0E3BC021
S3258003A5C044003F0F3880610050583C5F610030597F0F0E80C21FB42F610058576DFF368FF9
S3258003A5E082046DFF718F61004B583C703F0F06800940C2083F0F1F800940C2083F0F138068
S3258003A6000940C4087F0F0F80C21FB42F61003E576DFF1C8F3BB0AA426DFF568F6100375896
S3258003A6203C550940C4083F0F0B800940C6087F0F078061004B586DFF098F3C480940C60843
S3258003A6403F0F12800940C8087F0F0E80C21FB42F61001C576DFFFA8E82046DFF358F6100B9
S3258003A6601D583C340940C8083F0F0E800940CA087F0F0A8061002A586DFFE88E82046DFF8D
S3258003A680238F3C246100E0566100EA5C6DFF2E8FDA023C156100E9567F0F05806100065D14
S3258003A6A03C078B4006007F0F09006100ED55610087546DFF0F8F3C0A61004F5C34FF3C06B6
S3258003A6C061000A593C03DA0134DF6100E953DE1D6100335D3C1361005D596D009260610051
S3258003A6E0E4576D008E6061002C5DF687DA073C066100115C6D008001DA0834CF3C0661006D
S3258003A700205B3C036100E255910000F739FF74E3DF1F59816100C05CDF0F3381DA051D0054
S3258003A72031016100BE5CF801DA0D14F0912000F8D9FF98553F0F1A01DA003FF017015AF0BD
S3258003A74090FFD4FFDC0F6100E25C6D00F5016D005301610024571D00010161003A5B6DFF03
S3258003A7606B8E6100F7583C2F6100EF5CDF1F3280610026546DFF608E6D00DE016D003C01B5
S3258003A78061007258BF820A80C21134F114FFFF4F0A8034201D00EF006100DC5C7E16DF32B9
S3258003A7A00580DA071D00DA006100DB5B1E125E38D801DA0434FF020FB42F1D00DC0061001E
S3258003A7C0AC5C5E24DA061D00C900DA051D00C6006100A95CDF1FCF806100A25B7F0F0A80B5
S3258003A7E0C21FB44F61003C576DFF308E82043C48D801DA036100B35C1D00BD006100CD5A3C
S3258003A800FF8F068061006757D80134FF142FBF8F4180D801DA0734FF3C3C6100AB587F0FC7
S3258003A8201080C21FB4FF61001B576DFF0F8E6100895B6DFF498E610067581D009C006100CD
S3258003A84071593F0F250061005E57FF8F2A806100F6573C26610030593F0F0B8061006259F5
S3258003A8607F0F1D003C1461002E597F0F0D80C21FB4FF6100F5566DFFE98D6100635B6DFFA4
S3258003A880238E3C7861004E597F0F0900C21FB4FF61006E5B6DFFDA8D3C6DDA00B4FFDA0288
S3258003A8A03C5C61005B575E1561003D56F4AF3C3961008B53D80161007B5A3C5C6100315518
S3258003A8C0D80134FF34C434723C5561002C586D00C62C61002D596D00C22C6100AC5BF4A230
S3258003A8E06100B05B7F0F058061007B5A3C05D4AFDA6534FFDA006100ED586D00B02C6100BA
S3258003A90024596D00AC2C6100145B7F0F05806100725A3C05D4AFDA6634FFDA006100155302
S3258003A920D4AF14FFEE196100DD57D8016100915B3C216100485AEE1E61000C535E1934FF60
S3258003A940DA0B3C0B6100E25AEE156100025ADA0C3C046D005100DA0DD80134FF3C0B610066
S3258003A960C958D80134F03C06D801DA0034FF6100855B910000F739FF78E3DF1F2480DA062A
S3258003A980D8023C046DFF3E8DDA0734FF3C1B6DFF358DDA00910000F76100B958D80334FF62
S3258003A9A0910000F7E9FF7CE36100765B6E06910000F7DA01E9FF64E3D802DA0034FF6100BF
S3258003A9C07354910000F739FF7CE35E1761004C5B7F0F0580C21F74FF0090D803820534F509
S3258003A9E0910000F7E9F57CE3D80234F56100A3561DFF2C8D910000F7B9F208F3910000F721
S3258003AA00B9F304F3910000F71A23910000278FFF3F00F9F02CF3910000F7B9F410F39100EF
S3258003AA2000F7B9F50CF3910000F71A458FFF3F00F9F030F30B238000910000F73700F000CC
S3258003AA40B92F14F37B00F813910000274B0F61F14B0061014B01510059F004430B458000EA
S3258003AA60910000F73700F0004B0061014B01510059F008437B008803910000F74B0F41F0A7
S3258003AA8059FF0C43B92F18F3910000F74B0F61F1910000273B3033104B0F41F059FF1043C3
S3258003AAA0910000F7B9FF1CF3910000F7F9FF34F3910000F7B9F620F3910000F7F9F638F32B
S3258003AAC0910000F7B92024F391000027F9F03CF3B92028F3910000F7F9F040030B53B001EE
S3258003AAE0910000F78B400A00F9F044030B429001910000F78BC01500F9F048037B100000BB
S3258003AB00A2F0370070007F0105801B3F33F03C03BBF0FFFF910000F7F9FF4C037F610580D5
S3258003AB201BD6CCFF3C033BD0CCF0910000F7F9FF50030090910000F7DA00F9FF24F3910065
S3258003AB4000F7F9FF28F300903BB0C7F0910000F7F9FF04F33B503800910000F7F9F008F38A
S3258003AB60910000F7F9FF0CF3910000F7F9F010F33B10D4F2910000F7F9FF14F3910000F739
S3258003AB80F9FF18F3910000F7BB0000FFF9FF1CF3910000F73B0000F1F9FF20F30090000091
S3258003ABA0820202203C04444FC210AA127F400400DF02FB7F009000005442009082000201AC
S3258003ABC03C0D4442445F422F420F646F76040BF250013C030B2F3001C2113F41F47F00901D
S3258003ABE0DA01820182F23C084440C211C62042F064500BF030F13F41F97F00909AF48200DF
S3258003AC00404F82F13C03C21064F13FF0FE7F014402F6BBF0FFFF9BFFFFF789FF3CF90090D4
S3258003AC209AF48200404F02013C03C21064F13FF0FE7F014402F67B0000F889FF3CF90090DA
S3258003AC409AF4404F820040523C04C21044F164213FF0FD7F82108BF501F186240FF0000016
S3258003AC609AC4104F54F1105F0F01802006108B020022C2F082FFC2F22601C6F02620A601B4
S3258003AC8074F10090DA0002F03C0E444144520B218020A2F264626E040B1250F13C030B21A4
S3258003ACA030F1C2103F40F37F009000006DFF3CE761005A5A6E0414FFC2FF34FF14FFEE0B6E
S3258003ACC0911000F7D9FFA0AB01F202F654FF2EF30D000003009000006DFF26E76100445AB9
S3258003ACE0EE0E0D00C00491100027D922A0AB012202264DC0E2FF742F0D00400314FFC21FD0
S3258003AD0034FF0090910000F719FFF0D2C21F59FFF0D26100395A1E2461002E5A0090824415
S3258003AD201D003820910000F719FFF4D2C21F59FFF4D2009000900000910000F719FFC4E24A
S3258003AD40C21F59FFC4E26DFFEDBC61001D5A1E246100125A009082141D001C20914000FF40
S3258003AD6039F0148CDA1037F085F1E9FF148C6D00FB066D008D20910000C7D9CC848314CF03
S3258003AD80910000F7D9FF88835E166D00491FDA0234CF3C0414FFC21F34FF14CF1E2514FFF7
S3258003ADA0C21F34FF3C036D00011FDA01911001FF59FF34186D007C256DFFE6580D00000342
S3258003ADC0910000F7E9FF48536DFF06593CFE0000910000F719FFF8D2C21F59FFF8D26DFF01
S3258003ADE0BF576100D1591E246100C659009082141D00D01F910000F719FFFCD2C21F59FF8E
S3258003AE00FCD26DFFF7576100BF591E246100B459009082241D00BE1F910000F719FFC0E286
S3258003AE20C21F59FFC0E26DFF81586100AD591E246100A259009082341D00AC1F911000F79E
S3258003AE408208D9FFD06B02892008912000C8F4AFD9CC9065F4F440CDC50E2800DA1F3F9F9C
S3258003AE60048082003C0982108B091EF00FF000003B0030F026F0DA1F7F9F0B80DA018B0949
S3258003AE801E100F1F00F03B603010261F3C07DA010F9F001061008359261F6E28DF00278043
S3258003AEA06DFFCAE6D4AF8F580000D4F2610071594BF911228F4200F0423F8F8F00F010F4C7
S3258003AEC0D42F01F000F6485F894F001909DFC008BB00F01F261F6E07D42F01F000F6486F92
S3258003AEE0894F04196DFF5CE7C218C219B02DFDE0B77FD4AF8208C50E29000289D4FFC82D24
S3258003AF00DA1F7F9F0B80DA018B091E000F0F00F03B603000260F3C07DA010F9F000061003E
S3258003AF203E59260F6E5CD4AFD4FFD4FF8F5800F010F261002E594BF911028F4000F0421F91
S3258003AF408F8F00F010FFDA1F3F9F0480DA003C09DA018B091E000F0F00003B0030F0260F96
S3258003AF60EE0A4C2482F0C6F0B70010088F000100A6F0681009C0C0088FF000F16E03542F56
S3258003AF806CF48F000FF1B0426E03542F6CF53B00F0F0B042260F6E03542F6CF6BB0000FFA0
S3258003AFA0B04226F07603542F6CF7DA1F7F9F0B80DA018B091E000F0F00F03B003000260FC4
S3258003AFC03C02DA006E0B3BF0494206446DFF5CE644DF89FF24196DFF13E7C218C219B02CCA
S3258003AFE0FDE0907F6DFF28E6D4AFD4FF09F28405092FC0089140002F592F201ED4FF09FFE7
S3258003B000C208592F205E1DFFCBE60000370468028FF400116100BD584BF011228F4200F02C
S3258003B020423F8F8F00F010FF8F3100F149FF100A8F3F0000B70102F082F20F05005010FF77
S3258003B040DA3854F10F0F00F0C62F26F1A65174F1009000001DFF42FE1DFF2AFE2008404DB5
S3258003B0606DFFEAE5C5FC000354CF4CD274CF6DFF97E654CF74AF54AF6DFFDEE554CF6F1FB2
S3258003B0808680C5F20C03542F09D0D008B70F0AF0A60F742F542FB71F02F7742FDA00A5FF9C
S3258003B0A01C036DFF7DE691100057D955889B4052A03FA004E424FCFF820291200048D9441E
S3258003B0C09CF53C5C53422130D4DF01F300F609FF5208C44FE45FD4DF01F300260924510830
S3258003B0E08FC401008F840110A6108F440110A6108F040110A6108FC40010A6108F84001069
S3258003B100A6108F440010A610A60461005658092FCC0874FF61004858092FCE086CF1610052
S3258003B1204358542F6CF261003F584C216CF561003B584C226CF768C43BD0FEF189FF2C05A0
S3258003B14061003258092F5008BF9F098054FFB70F01F074FF54FF960274FF914000FFD9FF81
S3258003B16010D861002158092F5108C21290FF3702682054FFB71F01F574FF09DF52083FF2CA
S3258003B180A3FF911000F7B5FDD46B009061001058C5FF80A390FF54F08940020961000D584E
S3258003B1A049F20C0A542F06CF1603344F542F068F160F2C4B542F160F2C4A488F894F060931
S3258003B1C000900000911000279922D46B534421F0C5FF0023D4221022092F520890FF54F276
S3258003B1E0009000006100EE5709F05208C5FF0043866001F000F68B150012482FB70F01F089
S3258003B200A6F1682100900000201089A48409911000F7D9FFE06BF802F4F482086DFF1CFF5D
S3258003B220D8018209A03D49FC0C0AD802D4FF01F902F6C83F54F0DAFFBE05D4CE6DFFFCE475
S3258003B2408F8900F0C5FFC00110FF54E074F06DFFA7E554F03700E10074A054AF5E138218BB
S3258003B2603C05C219B04CFDD0E27F6DFFF7FEDF083A80D8028200A035D4F2D80149F40C0ADA
S3258003B2806100E1573E1F8F8000F0C5FFC00110FF7B0000FFD4466CF44C626CF14C6189FF68
S3258003B2A00819C210B044FD50ED7F8200D801536020F0C5F2E001C210C87F3700680010FFE8
S3258003B2C0084F8FFF00118F8120100121002686CF1607902254FF742FD80109FF64083FF0D1
S3258003B2E0E7FF028FEE2C8200911000F7E9F0047CD801A00209F06208911000F753C0201008
S3258003B300D9FFA45B01F100F6820149FF34FAC2F0E812F4F2A841DF00FAFF911000F759F1B7
S3258003B320DC6B911000F78210E9F0087C911000F759F1E46B911000F759F1D86B6E04D80214
S3258003B340A002F4F200900000911000F799FFE06B53C420F0D4FF10FF09FFC408911000F75C
S3258003B36039F0047C911000F7A204D9FFA45B3704680053C0200001F000F6F4F4E8152E4373
S3258003B38006253C032E34061537057050A8458202009000002098024891100047D944DC6BF2
S3258003B3A089A484296DFFD6E3DF12C603DA007824911000F7D9FF087CF820DA0234FF911019
S3258003B3C000F7D9FFE06BF814D4FFC82F01F803F6F81C61003E578FF800F1F81B8210782340
S3258003B3E0061F78225700222F49F24008DA00781F7B800380D81CD4FF09FFC008781ABBF017
S3258003B400FFFF911000F79B7F00F07816BBF0FFFFD9FFE46B9BFF00F0780FF81982EF74AFEF
S3258003B420C5F2C001D814581A8212D4FF534F21F0C81F10FC09CF5108160F8F8F20F0102FDD
S3258003B440F812484309C00409B703823C485437036814B7010113B70181F00221963C37F31A
S3258003B4600834B703813A3713013C370308303BF0170037040940B703043E37046808B70075
S3258003B4800200B700020137040848370468F496029604961037F40844B754834B37248147FA
S3258003B4A0B764034A370468FCB71F02F2B71F02F137F4084C484F263FA6F36843485F264F8E
S3258003B4C0A6F468546100D956581A82318FCF3F3089A33819160F781D8F1F200089A01C19A8
S3258003B4E00F01001082F0C60189A12019D819581701F302F654F0261002210FF10010A61058
S3258003B50074F0BBF0FFFE09C0CC08FE0509C05108402F8FF000F18F8F00F010FF7B1000103D
S3258003B52009FF081986C0B70F10F80F010010A61F89FF0819DA007815D4CF14F4D81901F3C0
S3258003B54002F6F813D4CF581509C0510810FF8FF00051A006081F06C009C3CC088F820110F9
S3258003B560911000278BFF0F224CC28F300100406E0F0FA06009C04E0889A6801989A6841972
S3258003B5808F020120406DD814A6323923047C53C420F0911000270B348030D4F437036830AB
S3258003B5A0D922A45BA6214065D44F53C320308F811E2010F7012300268F8500F00975C40826
S3258003B5C037016878C5FFC00110FF0923C808D423092284096F4505004036402D3C0A6F3505
S3258003B5E00500403E40253C0589A3801989A2841989A3040989A1880889A40A0889A20B089C
S3258003B60089A70C0889A00D08097FC4086F4FA70006E36100E05558166100F955406E49A231
S3258003B620040A49A5100AA026442F645FFC6E09A9100909AAD40809AB570809AC580809ADCD
S3258003B6405908DA00780D09A0560861001156542E09FF0019AEA53BF05FF089FF141909FFA5
S3258003B6600019AE953BF03FF089FF14196DFFF4FCDF0B2600820BBBF0FFFE5FAF2100BBF05B
S3258003B680FFFFBEAD8FCA3FF09140002F8FFF0F01D922000ADA0A4BF011028F4000F0421F3B
S3258003B6A08B0D00128F8F00F010228FFA00F10641421F82100FF0000089200409BCE544EFDA
S3258003B6C089FF24193C0389FE24196DFFC7FC820109A23C093C0909F000198FF01FF1780E0B
S3258003B6E0580EEE07C2F209FF0019AE93DF02F5FF580F2BF250223C0909F000198FF01FF19F
S3258003B700780E580EEE08C2F209FF0019268FEE03DF02F4FF09FF00198FFF1FF1780E580EC4
S3258003B720EE02F6228211021F6E0382093C13BCD509FF102964DF3C0509FF1029780D580DF8
S3258003B740C2C9DF1C0880DF490680486F960189FF2019DF097FFF1D0051016F3FA80006F371
S3258003B76061003955581661005255405D49A2040A49A51C0AA026442F645FFC6E09A91C09F4
S3258003B78009AAE00809AB630809AC640809AD6508DA00780D09A0620861006A55542E09FF06
S3258003B7A00019AEA53BF05FF089FF141909FF0019AE953BF03FF089FF14196DFF4DFCDF0B53
S3258003B7C02600820BBBF0FFFE5FAF2100BBF0FFFFBEAD8FCA3FF09140002F8FFF0F01D92221
S3258003B7E0000ADA0A4BF011028F4000F0421F8B0D00128F8F00F010228FFA00F10641421F58
S3258003B80082100FF0000089200409BCE409EFC2003C03370E70F089FF24196DFF1FFC82014B
S3258003B82009A23C093C0909F000198FF01FF1780E580EEE07C2F209FF0019AE93DF02F5FFDD
S3258003B840580F2BF250223C0909F000198FF01FF1780E580EEE08C2F209FF0019268FEE0326
S3258003B860DF02F4FF09FF00198FFF1FF1780E580EEE02F6228211021F6E0382093C13BCD528
S3258003B88009FF1029A4DF3C0509FF1029780D580DC2E9DF1C0880DF290680486F960189FF5D
S3258003B8A02019DF097EFF1D00A9006100945458166100AD5409AE801909AD841949A2040AE6
S3258003B8C049A5280AA026442F645FFC6E09A9280909AAEC0809AB6F0809AC700809AD710848
S3258003B8E0DA00780D09A06E086100C254542F370F68E009FF0019AEA53BF05FF089FF141916
S3258003B90009FF0019AE953BF03FF089FF14196DFFA3FBDF0B2600820BBBF0FFFE5FAF2100AD
S3258003B920BBF0FFFFBEAD8FCA3FF09140002F8FFF0F01D922000ADA0A4BF011028F4000F04E
S3258003B940421F8B0D00128F8F00F010228FFA00F10641421F82100FF0000089200409BCE509
S3258003B96004EF89FF24193C0389FE24196DFF76FB820109A23C093C0909F000198FF01FF14D
S3258003B980780E580EEE07C2F209FF0019AE93DF02F5FF580F2BF250223C0909F000198FF086
S3258003B9A01FF1780E580EEE08C2F209FF0019268FEE03DF02F4FF09FF00198FFF1FF1780E78
S3258003B9C0580EEE02F6228211021F6E0382093C13BCD509FF102924DF3C0509FF1029780D95
S3258003B9E0580DC2F9DF1C0880DF190680486F960189FF2019DF097FFF58158202C21F7815C9
S3258003BA000220D4CF10FF14F4D81209FF001978016100335458011679AA10760DD8135818D5
S3258003BA20822154F03BF00F4026F058170FF10010A61074F0DAFF5F4F87FD09C2CC08BBF018
S3258003BA40FF0F5F023D00D81254A0C2F009F1001974A054AF6E068F411E00C2F0BF50F5FFE0
S3258003BA60BBF0FFFE09C04E0809C151087E2F8FF100F18F8F00F0C5FFC00110FF09FF08196A
S3258003BA80B70F10F889FF08193C1A8FC23FF0914000FF8FFF0F11D9FF000ADA0A4BF11142FD
S3258003BAA0064082118F4400F0425F8F8F00F010FF8FF200F1420F0FF10010681109A4281969
S3258003BAC06D004000DF220C808220D81B58225700222F49F24008BBF0FFFF3C14581DD8190A
S3258003BAE08F1F0000581E820190FF5710222049F24008581FC21F781FD81CD4FF50FF09FF4E
S3258003BB00C008BBF0FF0F781A5F0F8AFCD81B582354F06100A6535E17820058225700222F70
S3258003BB2049F2400809A484296DFF7AE0D820DA0134FF3C03DA01782409A2102900900000A9
S3258003BB408FC43FF0911000F7D9FFE46B90FF8FF400F154F0061F325F0FF000008F3000213F
S3258003BB6000900000DA1F9BFF01F0A5FF38003B50C30085FF10000650420FA5FF300000905F
S3258003BB80910000F739FF98235E136D009D006DFF91B6911000F7D9FC6E0A6D00131CB4C27C
S3258003BBA0910000D7D9DD7403B4D2910000F739FF8C235E136DFF68B1910000F739FF942305
S3258003BBC05E136DFF2FB4910000F739FFBC23910000F7E9FFAC23EE746D00F41BB4C2B4D264
S3258003BBE0910000D73BC00140D9DDE0B2820540D43B8000606DFF04A914D0DA555F0F2E80D2
S3258003BC00910000F7DA01E9FFB023910000F7DA4DE9FF9C13910000F7D9FFBC7214FF3BF06B
S3258003BC200F003E03C21F34FF09CFC008911000F7D9FFD8498F8F3F00E9F02290E9FF239063
S3258003BC40DA55E9FF2490DA00E9FF2590E9FF2690E9FF27906DFF7CB4DA5534DF3BC00140C2
S3258003BC6040D46DFFA1A8910000F739FF90236E036DFFD4B1910000F739FF9C236E0B910014
S3258003BC8000F739FF8013EE06A09F82246D00F61DFCFD910000F739FFA0236E12910000F77C
S3258003BCA039FF44D3EE0D910000F739FF8013EE08910000F739FFB813EE036DFF3DF81D002E
S3258003BCC031000000910000F739FFB0B3DE1F910000F739FFB013EE1A910000F7DA5539F01F
S3258003BCE0A423910000F7E9F0B823BE00DA01910000F78200E9F048B3910000F7E9F070A3CD
S3258003BD00910000F7E9F04CB33C02DA00910000F7E9FF5053910000F7E9FF4C530090000070
S3258003BD20910000F739F0A823DF1009808231911000F7DA01E9FF205C3C078211910000F79E
S3258003BD40DA00E9FF8033910000F739FFB0B3EE06910000F7DA01E9FFBC23F606910000F720
S3258003BD6039FFB4231E16910000F739FFBC235E1B910000F739FFB413EE06910000F7DA0101
S3258003BD80E9FFAC23910000F739FF8833DF31078082205E1F610076523C0CDF2107808210A8
S3258003BDA05E1861006F523C0582005E1361006A52911000F7E9F01C5C911000F7E9F1185C42
S3258003BDC0009000008214910000478205D944ACE23B0002606DFF14A83BE0014091000047B1
S3258003BDE08205D944D0923B0001606DFF09A86DFFA3F76D0035006D001F0D6D0073106D005D
S3258003BE009F131D006F16000061004152910000F7D9FFAC5314FF1E136D0030006D00801113
S3258003BE206D0084126D0002116D001C0F91000027392F9C43DE1391000027392FA0435E1EEF
S3258003BE4014FF1E18910000F739FFB0531E136D002D0D6D00EB131D0025150090911000F78B
S3258003BE60DA01E9FFB69A911000F7D9FF484A89FF0B3889FF31280090911000F7D9FF484AE6
S3258003BE802080F81D09F3462849FF2E2AF812D81D09FF4A3809F46E28EE0D911000F7D9FFD3
S3258003BEA0B87AF80509FF7E186E05FFA30A80C2133C07911000F78203D9FFB87AF80509F058
S3258003BEC04B24DA143FF00880911000F78210E9F0385C3C03C21034F08200FFA30680D81D5A
S3258003BEE009FF4B38AA10D81D49FF0B3AF810D81D89F00B38910000F739F0B433DF000802B8
S3258003BF00D81D820009F2741849F2331A49F4321A49F53D1A49F63C1A49F73B1A49FC2D2A2E
S3258003BF20910000F7B9FB5C13910000F7B9FC78231425144614571468147914CA3FCB08807E
S3258003BF40910000F7B9FD60137FDC07808210910000F7B9FD6013D81D89F02728910000F73D
S3258003BF6039FEA443D81D49FD391A14DF7FCB0C807FEF0D8092303BC00F107FF107803BF0CA
S3258003BF800F003C036E0392F034D049FE3A1A14E07FDC0B807FE00C809A303BC00F107F010F
S3258003BFA00680DAFF3C0376039AF034EF14DF82007FEF06806E0509FF68286E02821089F045
S3258003BFC02828820014EF7FEF06806E0509FF69286E02821089F02928910000F7B9F17C2366
S3258003BFE0DA003F1B04807FD10380DA01D81D89FF242849FD371A14D07F1B0B807FE00C80FE
S3258003C0009A303BC00FB07F0B0680DAFF3C0376039AF034DF49FE381A14EF7FD10C807FEFEF
S3258003C0200D8092303BC00F107FF107803BF00F003C036E0392F034E014DF82007FEF06802E
S3258003C0406E0509FF65286E02821089F02528820014EF7FEF06806E0509FF66286E02821003
S3258003C06089F02628910000D7D9DD4033910000F7B9F0641309D1C008DA003F100880910053
S3258003C08000F7B9FB68137FB10380DA01D81D89FF212849FE351A09D1C00814EF7F100C8047
S3258003C0A07FEF0F8092303BC00F107FF107803BF00F003C036E0592F034E009D1C00849FDBD
S3258003C0C0361A910000F7B9F0681314DF7F010C807FEF0D8092303BC00F107FF107803BF0E3
S3258003C0E00F003C036E0392F034D014EF82007FEF07806E06D81D09FF62286E028210D81D06
S3258003C10089F02228820014DF7FEF06806E0509FF63286E02821089F02328910000F739FFDE
S3258003C120B0436E057FE20880C2323C03ABF21F223702682082007FE207807626D81D09FF52
S3258003C14060286E028210D81D89F02028910000F739FFB4436E057FE50880C2353C03ABF52A
S3258003C1601F553705685082007FE507807656D81D09FF5F286E028210D81D89F01F289100C9
S3258003C18000F739FFB8436E057FE60880C2363C03ABF61F663706686082007FE607807666E0
S3258003C1A0D81D09FF5E286E028210D81D89F01E28910000F739FFBC436E057FE70880C237A4
S3258003C1C03C03ABF71F773707687082007FE707807676D81D09FF6C286E028210D81D89F0ED
S3258003C1E02C28910000F739FF80536E057FE80880C2383C03ABF81F883708688082007FE8DA
S3258003C20007807686D81D09FF6B286E028210D81D89F02B28910000F739FF84536E057FE94D
S3258003C2200880C2393C03ABF91F993709689082007FE907807696D81D09FF6A286E02821011
S3258003C240D81D89F02A2809FF4D28EE5609FF4E28EE5309F0AC1809F1AE1849FD3E1AA21048
S3258003C26014DB89F0B0183B40001F09F0B0187A103B80FF112B10000F3BC0FFF07AF03B80FC
S3258003C280001E2B10100F0B00C01189F18218910000F7B9FF6C137F1F078082147FEB098040
S3258003C2A0C23B3C048204ABFB1FBB370B68B082007FEB078076B6D81D09FF6F286E02821023
S3258003C2C0D81D49F32F2A343049FE001A09FFC0187F1F0380B4E1D805820A09FF4424EE0326
S3258003C2E0143F6E02821A34FA910000F739FFB833EE02143A34DBD81D89FA1D2834CA3479C8
S3258003C300346834573446342589F23418D81D820049FF0D2AF80CD81D49FF0E2AF80D9100CE
S3258003C32000F7D9FFB833F80B09AE940949EF321AF80149E2331A14FFF4A249EF3C1A142102
S3258003C34049E2341A49E4351A49E5361A49E6371A49E7381A49EC391A49ED3A1A49E33B1A4C
S3258003C3601422144514561467147814C914DA143BF81E14FC49EF3D1AF80214FDEE05D81D72
S3258003C38009FF68286E028210D80134F08200F615D81D09FF69286E028210D4AF34F0820037
S3258003C3A0F625D81D09FF65286E02821034208200F655D81D09FF66286E02821034408200A9
S3258003C3C0F665D81D09FF62286E02821034508200F675D81D09FF63286E02821034608200DF
S3258003C3E0F685D81D09FF60286E02821034708200F695D81D09FF5F286E02821034C0820005
S3258003C400F6A5D81D09FF5E286E02821034D08200F6B5D81D09FF6C286E02821034308200C9
S3258003C420F6C5D81D09FF6B286E028210D81E34F08200F6D5D81D09FF6A286E028210D80254
S3258003C44034F0D80B14FF6E12D801370068E01425144614F1D4AF1457146814F2D81E1479D6
S3258003C46014CA14DB143C14FD3C1AD81D09F1682809F2692809F5652809F6662809F7622802
S3258003C48009F8632809F9602809FA5F2809FB5E2809FC6C2809FD6B2809FE6A288200F61492
S3258003C4A0F623F69276C28210D81D49FF0C2AF80FD81D89F00C28820009FF6728EE0B9100C9
S3258003C4C000F739FFB043EE06910000F739FFBC436E028210D81D89F00D28820009FF642843
S3258003C4E0EE0B910000F739FFB443EE06910000F739FF80536E028210D80DDA0034F0781609
S3258003C500F654F663F6A276D3DA017816D81D820009FF6128EE0B910000F739FFB843EE06F5
S3258003C520910000F739FF84536E028210D81D49FC112A34C08200F674F683F6B276E2821079
S3258003C54089F0162809FF4D28BA0F781809FF4C28BA0F781709FF4E28BA0F781A5816BA0FE1
S3258003C560781914CFBA0F781C370068F08200BA0F781BDF04148009FF5D28EE10581C6E0E02
S3258003C580581B6E0C58186E0A581A6E0858176E0658196E046100144FEA10D81D49FD172A55
S3258003C5A034D009FF4D28EE08910000F7B9FF7823D80589FF9E18D80509FFDE18D81DC2FFF4
S3258003C5C0370F50F0861F89FFAC1809FF4E28EE08910000F7B9FF7C23D80589FFA018D81DF6
S3258003C5E089FE1528911000F7E9FD305C911000F7E9FC285CD81D89FB1428911000F7E9FAB3
S3258003C6002C5C911000F7E9F9245CD81D89F8132889F7122889F6102889F50F2889F20B288A
S3258003C62089F10A2889F42E2889F306287B000088D80502843BF0016009F0E01886101B6054
S3258003C640005E6D00C51CD81D3BF0FF9789F2AE1809F0AC1809FFAE1852017F1904000291A1
S3258003C6603C053B0000280B21A0113BC0FF203F1206003B40002F7F2118003B40002F7F2193
S3258003C6800A001B8FFF113B7000267FF20C0002913C091B8F001E3B80FF297A2F3B00002870
S3258003C6A02A21370150F042F07F090600029F89A90C193C063B0000F80BF0A0F17813CEF626
S3258003C6C01B0FFFF3370F50F078133B00FF030BF020013B00011C2B1F00F07813D80549F216
S3258003C6E0181A89A2901949FF1A1AF815910000F739FF94436E06910000F739F398433C3814
S3258003C700D81458133B80FF2194F0D815A20F370F50F094F10BF0C0F1370F50005813A21FC3
S3258003C720370F50F00BF0C0F1370F50F07F0208003B00FF13A2018FF13F003C0286F07FF25B
S3258003C74007003B00FF13A2F186F13C038FFF3F10910000F78610B9F2442382033F020900D7
S3258003C7608611910000F7B9F048237A10EA138200763B910000F739FFB0336E0614DF6E04C7
S3258003C780D81014FFAA10D81D89F0192814CFEE08910000F7B9F04033D80589F0A21809A274
S3258003C7A09409D81D3B10DA01092FE2184922102AC2FF6CFBE20F068F74FF89F3182809FF7C
S3258003C7C05928DF0F8600DA01342F54F05813A20FCEF5BB10C90E0610420F1B5F66B03B5056
S3258003C7E040F1E2BF370F48ACDA253FAF04008B0A40F3910000F7D9FF98C210FF3B00FFC325
S3258003C80014F0D81D8BE01EF03B00054089FF07288256581303C00A5FBBB03DF9063FA2F5FA
S3258003C8206D00D61B3B00FEF76882E2FA40F253AB20001B0AFFF36CFC8920040548C1FA0196
S3258003C8400212AA027F2005800B0180003C02A2103B00FFF30BF080F16CFDA2FC682C3B4040
S3258003C860FF027AF089FF0A38910000F739F0A833DF0030006E08D81D09FF4324FF6F048093
S3258003C880C21F34FFD81D91000047394FAC3349F2032A09F044243FF00780D81DDA0189FFF0
S3258003C8A005283C098B100010DAFE0B0F50F1ABF18F1F34F1142F8200FF6F05806100804D4A
S3258003C8C06E028210911000F7E9F0345C3C02342FD81014FFEE2E911000F739FF3C5C6E2915
S3258003C8E0910000F739FF90336E06910000F719F018433C05910000F719F02843D81D3B005F
S3258003C9002013488F86AFA20F3F1F05001B00C8053C0986CF3B00CE1F7A1F3B00381A2B1030
S3258003C920000FDA0189FF0C38911000F759F0DC5BD81D91100027820009FF4B38E92F3C5C26
S3258003C94009FFAC18861F89FFBC0809FFAE18861F89FFBE086100344DEE04D81014FFEA1007
S3258003C960370068F0D81D89F01A28DF0FFF0209A4940949F2092A09F0092809F3FC08494F86
S3258003C9800F2A14FF4945101A5451EE07DA0134FF0231D81D09F007285A313B0000A27FFA31
S3258003C9A00400C2103C053B00002E7A2FA2F0370048003B00FFB303B00AF31B8F00FE780EE9
S3258003C9C07453D80589F1141934206100084D09A538096D00131BD81D49F4082A09F408285E
S3258003C9E0D80549F2081A54237F29040002903C053B0000080B02A001D81D911000C7D9CC8B
S3258003CA00DC5B89F09E183700500049FD201A54C1A210B4D009F2FE08D80509FF4E24EE0788
S3258003CA20DA0134FF0223D81D09F407280B2380007F0A07008B140000370048003C073B003F
S3258003CA40001E7A105AF4370F4800742203B00AF2D8051B8F00AE89F30C1934406100BF4CCE
S3258003CA6002A56D00CB1AD81D49F5380A54517F290400029F3C053B0000F80BF2A0F189FF43
S3258003CA80A218370F50F049F2241A54C0A20FB42FD80549F40D2A144FEE0D94DF9420420F85
S3258003CAA06100A24CD81D8F1F3FF089FFAA18DA01344FD80549F2001A09FF4C24EE06DA01AB
S3258003CAC034FFD81D54F03C025420D81D3B50C02E063254FF742FA20F7F2F0700BB10C92EEB
S3258003CAE00612422F3C09BB80FD297FF20600BB10C92E0612A22F42F1BBB03D5906457F510D
S3258003CB000800BB0025FC9B6FFFFF0BF1A051D80589F0041974556100624C6D006F1A3F290A
S3258003CB2006003B0000F80BF2A091D81D370950F002A589F9A6183B00054009F0AA18825696
S3258003CB40420F89FFA81849FF240AF8086D00401AD81D68920E296100114CD80554FF0B4215
S3258003CB6080003F0F0500D8056100174CBBF0FFAF9BFA1FA06100E34B910000C7D9CC7813F4
S3258003CB8009C5C008824606F56D008C1AD808022B54FF0EFDD805BBF0FF9F9BF9FF9749FF9D
S3258003CBA0080AF807529154F03F100E00D80549FF080AF80754F0CEF652817F010400028937
S3258003CBC03C0252097F9A0700BBF0FF9F9BF9FF973C087B00E0FF3F9F040002893C02866968
S3258003CBE03B50C3C0910000F7065C19F5244302C43BA000606D00DE1202243BA000600295E9
S3258003CC006D00E619D81D0224824649FD100A3B00E8536D00471A74D2489F0EFB6100AE4B08
S3258003CC20D80549FF0C0AF80654F052413F100900D80549FF0C0AF80654F06100B94B6100C0
S3258003CC40A24B6D002F1A54DF02236100494B0EF76100BB4B7F14040002093C08CEF6528073
S3258003CC607F40040002893C02524909C0C0083BF043B2910000F78F0001F078099B3B00B044
S3258003CC80D9FF7C13F8016100A64B02B46D00901A022509A424093BC000606D009312022DEF
S3258003CCA0CE9CD80549FF380AF80454F00B9880107F100400028E3C10D80549FF380AF804D5
S3258003CCC054FF8E99BBF0FFEF9BFEFFE70B9E80003FF00300129E7B1000F0D81D0BFD8050E6
S3258003CCE00B5D50F109F41405EA053B0001606D00231A7B10005042D50BD550F1EAF5CEE611
S3258003CD005AE87FF2040002843C098EE66100364B5AE43F2F04000B2E00403B0001606D0080
S3258003CD20351274F23B000540D81D825649FF280AF80309A538096D004B19D81D68A20E2C02
S3258003CD4061001C4BD80549FF180AF80254FF0B4280003F0F0800D80549FF180AF802610029
S3258003CD601C4B6100EC4A09C5C008824606F56D009919D803022E54FF0EFB6100D64AD805EF
S3258003CD8049FF200AF4AF54F052D13F100E00D80549FF200AF4AF54F0CEF652817F010400E0
S3258003CDA0028D3C02520D7FDA05006100BE4A3C087B00E0FF3FDF0400028D3C02866D02C4B1
S3258003CDC0910000F73BA0006019F520436D00F21102243BA0006002D56D00FA18D81D022454
S3258003CDE0824649FD180A3B00E8536D005B1974D248AF0EFA6100C24AD80549FE240A54E0EB
S3258003CE0052413F100800D80549FE240A54E06100CF4A6100B84A6D00451954DF02230BEF1F
S3258003CE20A0010B30A0010BEF80116100954ACE165A187FFE0400028E3C0A8E186100D02E6F
S3258003CE4052107FE0040002FE3C02421ECEE65AE87FF30400028F3C088EE66100C12E52E0AF
S3258003CE603F3003001A3E0EF76100AF4A7F140400020A3C08CEF652807F400400028A3C02F6
S3258003CE80524AD8016100A74A02B46D009119022509A424093BC000606D009411022BCEAB61
S3258003CEA0D80549FC3C0A54C00BA880107F100400028C3C10D80549FC3C0A54C08EA9BBF05F
S3258003CEC0FFCF9BFCFFC70BAC80103F0104000B0A00C07B100000D81D0B0B80500B5B50F131
S3258003CEE009F41C05EA053B0001606D0025197B10005042B50BB550F1EAF5CEC65AC87FF27C
S3258003CF00040002843C098EC66100384A5AC43F2F04000B2C00403B0001606D00371174F2C4
S3258003CF20D80540F2092F040574FFD81D48907420D80774F0D80474F9D805487FD80274FFC7
S3258003CF40D81D48A1D8056871D4AF74F1D805484FD80674FFD80548AF74EF485F6CF448BFC2
S3258003CF606CFA685068B174CA910000F7D9FF7813F808910000F7D9FF7C13F80A7B100090BC
S3258003CF80D81D09F5901809F6732809F77228910000F739F0A433DF005301D81D5818820196
S3258003CFA049F53E2A49F63D2A49F73B2A49F43A2A145A14641473144209F0413809FB4038A5
S3258003CFC06E035817AA11581A820C6E035819AA1CDF014300DF0C410009F0A01809FBA418C5
S3258003CFE049FC023AA2B014CD89F09C189100002709FF9C18B92070130BF0C0B109FF41241E
S3258003D0007FB00D8091000027392EA44382107FEF0A80C23F370F68F03C0682006E03C2FFA6
S3258003D0203C02020D34FFD81D09FFCE1849F20E1A7FBF0380B42BD805820B09FF4924EE0232
S3258003D04076D2821B34FBD80B14FF6E04370B68B03C0202DB34CD820DF604D81214FF6E025F
S3258003D060821DD81D49FC372A34CD820DF6B409FF5D286E02821D49FD382A34DD820D581C5B
S3258003D0806E03581BAA1DDF014300DF0D410009F1A01809F4A81849FE3F2AA24114EE89F18E
S3258003D0A09A189100002709FF9A18B92174130BF0C04109FF40247F410D809100002739219B
S3258003D0C0A443821A7F1F0A80C23F370F68F03C06820A6E03C2FF3C0202AE34FFD81D09FF5F
S3258003D0E0CC1849F20C1A7F4F0380B424D805820109FF4824EE0276E2821134F1D80B14FF6F
S3258003D1006E04370168403C0202E434EEDF0C4400DF0D4200D81D9100002709F1A41809F233
S3258003D120A81849FE3C2AA22114EC89F1981809F1981809FF7F140B10C021B92174137F21CA
S3258003D1400D80910000273921A44382137F1F0A80C23F370F68F03C0682036E03C2FF3C022D
S3258003D160023C34FFD81D09FFCA1849F20A1A7F2F0380B422D805820109FF4724EE0276C275
S3258003D180821134F1D80B14FF6E04370168203C0202C234EC14DF820C6E03AB1CA0C48B025A
S3258003D1A000D2820176C3AB11A01DD81D820E89F105386E03AB1E80E4820176E3AB11A012BB
S3258003D1C089F106388201EE047643AB11A012DA0089F1073876C2F62376E376D2DA0189FF8A
S3258003D1E00938820C14CF6E03AB1C80CA820176C3AB11A01289F104388201EE0476A3AB1148
S3258003D200A01289F1033882016E03AB11A01A021F82016E02F63376C3F632821189F10838C9
S3258003D22082016E03AB11A01D89F13928344234733464345A89FB003889F00138D80F820003
S3258003D24014F1F61CD81D09FF4538EE08D80C14FFEE05D81D09FF79286E0282105816EE0CCC
S3258003D260D81D09FF4638EE08D80D14FFEE05D81D09FF44386E028220D80C14FF6E04D80DF0
S3258003D28014FFEE05D81D09FF48386E02823076135816EE05D81D09FF49386E028240760848
S3258003D2A0DF101200DF201400DF3017003C14D81D09FFA01809F1A418421F610095488F1FA3
S3258003D2C03F503C0AD81D09F5A4183C06D81D09F5A0183C028205910000F739F38853F639D1
S3258003D2E0910000F739FF8473EE04610023486E0382043C020254910000F739FF8C43910085
S3258003D30000F739F18843DF0111006E06910000F7C9F170233C020241910000F7C9F26C230B
S3258003D3204221370150A03C086E06910000F7C9FA70233C02024A910000F739F1A033DF0154
S3258003D3406E00D81D820649F4041A09FCC41849F5061A09FBC618910000F7C9F15033910087
S3258003D36000F78641C9F2543386423FA104007F2A03008216D81D89F63428910000F739F6AD
S3258003D380AC437FA109007F6C0B808B3C0010370170C03C05ABFC1FFC370F70C07F2A06000F
S3258003D3A07F6B0880C23B3C03ABFB1FBB370B70B082017F6C078076C6D81D09FF75286E0219
S3258003D3C08211D81D49F2352A342182017F6B068076B509FF76286E02821149F6362A346152
S3258003D3E08202D80549F7052A147F09F14624EE03142F6E02821234728202F613146F6E027F
S3258003D400821234F2D80B14FF6E051476370268703C0314261467B45BB44C82016100D047C7
S3258003D420EE06910000F739FF98536E028211D81D820249F41B2A3441D80549F23F1A89A2B5
S3258003D4409C0949FF002A142AF80614FF5E13DF0A1600910000F7D9FF9053F80114FF5E15AB
S3258003D460D80509FF41286E0A910000F739FF9453EE0BD80509FF42285E17910000F78212DD
S3258003D480D9FF9053F8017629910000F7C9F14433D81D5A1489FF9618910000F739FF9043CB
S3258003D4A06E06910000F7C9F174233C1CD80114FF6E0D61003F47EE0A144FEE08F6A7910071
S3258003D4C000F739FF8C536E02762382013C0BD81D09FF9618910000F7C9F14433421F370FD7
S3258003D4E05010910000F739FF9C3382026E1461002147EE11910000F739FF8C536E0CD805F0
S3258003D50009FF43286E08F6A7D80114FF6E048B30A0F2EA12370268F0D81D89F21C286E3A68
S3258003D5200B148020D8053702502049F5301A0B20C0B109FFF018910000F7B9F240233F2BE9
S3258003D5400680C21F370F70C03C02820CD80509F24A24DA147FF20480C21234F214F27E29C9
S3258003D560D81D09FFC81849F2081A3FFB0380B42B910000F739FFA84382023FCF0680D81D94
S3258003D58009FF70246E05D81D821249FF302A34F2B45CD81D820249F2302AF66EF67D142F6A
S3258003D5A0EE0B144FEE09F638910000F739FF8473EE03BA40EA12370268F0D81DAB0480FF0F
S3258003D5C089F23128911000F7F9FFF0FB142F09A29409BA0F892F0328D81D89F7322889F6EE
S3258003D5E0332849FC121AB4C489F1941889F5901849FF022AF4AFD81D89F00228492F241AAD
S3258003D600F80494CF94F0D808A20F8FCF20406100E2466D004715D805022F49FF261AF8036C
S3258003D62094C094F1D808A2108FC020406100D3466D0038153B000250824602246D008A0D94
S3258003D640D805022B49FF2A1AF80294C094F1D808A2108FC020406100BE466D0023153B0052
S3258003D6600350824602246D00750D0223610038460EF76100AA467F14040002043C08CEF6F2
S3258003D68052807F40040002843C0252443B0068516D00AE0DD80A8F4220B061009C463BF005
S3258003D6A043429B3400406D008315D8083BC00060022509F0C0088F0001406D00830D022C2A
S3258003D6C0CEBBD80549FD300A54D00BB880107F100400028D3C0DD80549FD300A54DF8EB724
S3258003D6E0610023460BBD80003FF0030012BD0B9C80500B5C50F1EA0509F434053B000160AE
S3258003D7006D001A150B9C00500BC550F1EAF5CED65AD87FF2040002843C098ED661002E46AE
S3258003D7205AD43F2F04000B2D00403B0001606D002D0D74F2911000F786C2F9F2F8FBD4AF5E
S3258003D74014FF6E059E109E229E373C13D81D7B0000443BF001604875485F42F56D00381494
S3258003D76068323C0AD81D485F3C06D81D487F3C03DA00D81D6CF3D4AF91100027D922F4FB04
S3258003D78014FF94206E051E1F9E229E363C14D81D09FF9E1809F0A218420F610025468F1F74
S3258003D7A03F003C0AD81D09F0A2183C06D81D09F09E183C028200B420D81D09FF5928D805DE
S3258003D7C089FF3E18D8145813B4FFD80509FF9C18D815B4FFD805581389FF9C18D81D09FF1E
S3258003D7E04B38D80734FFD80634FAD80114FFD80589FF0128910000F739FF9453D80589FF79
S3258003D8000228D80494CFB4FFD80509F0A818D803B4F0D80589FFA81809F0AC18D802B4F0EE
S3258003D820D80509F0AE1889F0AC1889FFAE1874DB00900000911000F78204F9F4FCFB9110B6
S3258003D84000F7F9F4000C911000F7F9F4040C911000F7E9F4006C911000F7E9F4046C911053
S3258003D86000F7E9F4086C911000F7E9F40C6C911000F7E9F4106C911000F7D9FF8C5B3B80E7
S3258003D880015040F46D00E848DA002CFE2CF62CF72CFF89FF10082CFB2CF42CF52CFC2CFD10
S3258003D8A02CF32CFAB4FF0090910000F7B9F34833910000F78F132010B9F54C331B11001FD6
S3258003D8C0910000F73BF0FF00C9F75C2337015040911000478F150010D944006CA2101442D9
S3258003D8E0370050603B3030101A64370F5000E2108FA720107F100C00910000F7C9F760233B
S3258003D9008FA720107F0104008F603F70911000F7F9F7FCFB910000F7B9F1502382003F31E0
S3258003D9200880910000F7B9F854237F8307808210910000F7B9F85423911000F7D9FF8C5B04
S3258003D94049F70E0A347040F2092F4704910000573959BC337F3106807F9F088092303C0347
S3258003D960ABFF1F0F370068F0342F40F5095F46047F8306807F9F0780C23F3C028AFF370F32
S3258003D98068F0345F8200142F7F9F06806E0509FF50086E02821049F2100A34208200145F37
S3258003D9A07F9F05806E0408FF6E02821049F50F0A345049F6140A146F8203EE04370068F0FF
S3258003D9C06E028213346391000067396AB83376A4370368303C021453820049F5150A6100CB
S3258003D9E0084576A4370068B03C02142B82003F5104807F850380821049FC0B0A34C040F23C
S3258003DA00092F45047F5106807F9F088092303C03ABFF1F0F370068F0342F40F5095F440450
S3258003DA207F8506807F9F0780C23F3C028AFF370F68F0345F8200142F7F9F05806E0408DF74
S3258003DA406E02821049F20D0A34208200145F7F9F05806E0408CF6E02821049F50C0A3450DA
S3258003DA6049F6120A146F8201EE04370068F06E028211346176A4370168103C0214518200B4
S3258003DA8049F5130A6100B54476A4370068003C02142091000027392F9C538205EE149100F4
S3258003DAA00027392FA453EE0F147FEE0D91000027392FA053EE0891000027392FA853EE03B7
S3258003DAC014CF6E02821549FD090A14DD49F2160A142C40F509584204DF053C80A2649100DB
S3258003DAE000773704502040F6821C096843040B20C041B97258237F42098002CD7F980B8062
S3258003DB009A38370F68803C06820DABF81F883708688082027F980580768408AF6E0202C235
S3258003DB2049F70A0A347209FFC0087F4F0380B4F449FC110A14CF8202EE03147F6E0202C21A
S3258003DB4034C276A4370268203C02147234683C0576C4820D02D802DC3458342C34DD9100BB
S3258003DB600027392FB0438204EE1591000027392FBC43EE10F6BFF63E91000027392FB443F4
S3258003DB80EE0991000027392F8053EE04F603F6127622821489F40804344291100027E92021
S3258003DBA0086C91100027E921046C91100027E92B106C91100027E9230C6C91000027392F62
S3258003DBC08043910000C7911000E7D9CC4C23D9EE000C6E0E910000F7C9FF642309C5C00849
S3258003DBE08FAF20406D00A00A370250803C1B14FF6E0382083C17F65314DF6E0394E83C12AF
S3258003DC00910000F739FF94336E06910000F719FF1C433C05910000F719FF2C43A2F737075A
S3258003DC205080910000F739FF84436E0E910000F7C9FF682309C5C0088FAF20406D00740A8E
S3258003DC404282B4E23C02B4E809CFC00894E0911000F7E20F8F6F3FF0F9FF040C00900000A5
S3258003DC602048910000F7D9FFB453F80814FFDF1F3881910000F7D9FF8C63F80634FF910071
S3258003DC8000F7E9FF8463910000F7D9FFB853F805DA0034FF911000F7D9FFCCDBF4AFB4FF53
S3258003DCA0911000F7D9FFD0DBF802B4FF910000F7D9FF8863F80734FF910000D7D9DD5833ED
S3258003DCC0B4DF910000C7D9CC5C33B4CF6100ED4334FF40F2892F010489A2840940F2892FC4
S3258003DCE0020489A2900940F2892F030489A28C092CF82CF92CFA2CFB89FF100889FF110849
S3258003DD0089FF120889FF130861007A435E1E910000E7D9EE743394EFEE086DFF5DA6DF12DC
S3258003DD203080DA01B4EF3C1391000027392FBC63DE13910000E7D9EE743394EFEE0D6DFFDD
S3258003DD404BA6DF121E80DA01B4EFDA0391000027F92F70333C11910000E7D9EEBC5314EF3E
S3258003DD60EE0F6DFF39A6DF120C80DA0134EF91000027E92F8063821440F46DFF1598910030
S3258003DD800027392F8063DE116DFF26A6DF120E80821440F482053B0002606DFF319891002E
S3258003DDA00027DA02E92F806391000027392F8063DF2F97806DFF10A6DF12938091000057A6
S3258003DDC0395298339100002791000047D9229063D94494631425144F762382133C5709A5C7
S3258003DDE0840914F18203089F8F8120101450421037005040088061005D433700505061005E
S3258003DE004C4309A58C093700507008BF145009A5900914518F81201042103700508008A098
S3258003DE206100484309F6520809F153088F862060426137005000370150F094D15F450480FB
S3258003DE4002413C065F4704005F570C800271D4AF02358214B4F1910000F7E9F4A0633C02BA
S3258003DE608215B4D194C15F80048002813C043E827E0B02F1D802023F8210B4F1910000F76C
S3258003DE80E9F0A4633C02DA01B4C18200F654EE03AB10800391000057D9559C631451F629F7
S3258003DEA07606D8050221821334F33C0482113C02821234518201D80834F1D80634F191005B
S3258003DEC000F7E9F1BC53910000F7E9F18063344F3425D80734F0910000F7E9F298630090C7
S3258003DEE0910000F739FF98339100004791000057D9449063D9559463144014516E0382125B
S3258003DF003C5E82026100D142081F14F06100D24237005030089F08806100CC42370050402A
S3258003DF206100BB4237005060082F08308F8F201008BF42103700507008A06100BB42370009
S3258003DF40501009F5520809F053088F852050910000F74250D9FF5833370050F094F55F3498
S3258003DF60048002353C065F3604005F460E800265022091100027F925CCDB910000278213EC
S3258003DF80E923A0633C028210B4F5910000F7D9FF5C3394F35F71048002733C043E727E1DA6
S3258003DFA002F3022191100027F923D0DB91000027DA01E92FA4633C028211B4F3DA00F60433
S3258003DFC0F613AB1F80F2910000F7E9FF8863910000F7E9F29863345134400090910000F7A9
S3258003DFE039FFB0B3EE09910000F7D9FFBC5314FFEE03DA0234FF910000F7D9FFBC5314FF02
S3258003E000DE226DFFE9A4DF120F80DA0334FF910000F7E9FF8063821491000047D944ACE282
S3258003E0201DFFC29600900000911000F739FF303CEE0B910000F739FF8C63EE06910000F7F3
S3258003E04039FFB0636E6B910000F791100027C92FCCDBF9FF58339100002791100047C94FE9
S3258003E060D0DBF92F5C33C9FF58338F8F3F0061001C4234F02CF1C9215C338F813F202822D3
S3258003E080283128802CF928A228B189F0100889FF110889F2120889F113086100B1415E1E03
S3258003E0A0910000C7D9CC743394CFEE086DFF94A4DF123580DA01B4CF3C1391000027392FC3
S3258003E0C0BC63DE13910000C7D9CC743394CFEE0D6DFF82A4DF122380DA01B4CFDA039100B3
S3258003E0E00027F92F70333C1691000027392F8C63DE15910000C7D9CCBC5314CFEE0F6DFFF9
S3258003E1006BA4DF120C80DA0134CF91000027E92F8063821440F41DFF47960090202891002D
S3258003E12000F7D9FFAC63F80814FFDF1FFD80910000F739FF9073DF0FF780910000F7D9FF62
S3258003E140B463F80734FF910000F7D9FF6C33F801911000F7C9F0F4FBD801910000D7D9DDBE
S3258003E160A863B4F0911000F7D9FF080CF806910000F7B9F07823D806B4F0911000F7D9FF27
S3258003E1800C0CF805910000F7B9F07C23D805B4F0911000F7D9FF100CF804910000F7B9F0D7
S3258003E1A04033D804B4F0911000F7D9FF140CF803910000F7B9F05413D803B4F0911000F7A9
S3258003E1C0D9FF180CF802910000F7B9F05813D802B4F08210910000F7E9F0B06334DF9100FC
S3258003E1E000F7E9F0B4536DFF21FF910000C7D801D9CC703394CF94F85E1B6DFFEDA3DF1265
S3258003E2000880610064416DFFFB958220B4C094C0DF208A806DFFE0A3DF12868091000027DA
S3258003E220392F9833910000E7D9EE847394F4910000F714D114E0D9FFACE2EE28820208E11A
S3258003E240DA555F1F2380022191000027085F084061006A41F92F60339100004708DF08C00D
S3258003E26061002C4161003C41B45FC9246033C94F64333E4694535F4303007E34023402200D
S3258003E2803C05821002243C02821191000027D9228873F4A2342234E034D191000027592443
S3258003E2A028436100244109A29809B42009A2940909F1580809F059088F8120F042F0B42062
S3258003E2C061001D4109A29009B42F61001F4109A28C09B42F61002141D802B4FFD801B4F41A
S3258003E2E06DFF00FE14EFEE17D4AF14FFEE1414DFEE12D80191000027D922B86394FF7E8957
S3258003E300DA00342F6DFFACEDD807DA0134FF3C03DA01342F910000F7DA00F9FF7433B4CF44
S3258003E320D80834FF009000002030910000F7D9FFBC63F80914FFDF1F0181910000F7D9FFEE
S3258003E3408073F808DA0034FF910000F78210E9F0B063910000F7D9FFA863F80234F0910014
S3258003E36000F7D9FF6C33F801B4FF911000F7D9FF080CF804B4FF911000F7D9FF0C0CF80542
S3258003E380B4FF911000F7D9FF100CF806B4FF911000F7D9FF140CF807910000F7B9FF5413CE
S3258003E3A0D807B4FF911000F7D9FF180CF803910000F7B9FF5813D803B4FF910000F7E9F019
S3258003E3C0B4536DFF33FE910000C7D9CC703394CF5E3B6DFF01A3DF120880610078406DFF66
S3258003E3E00F95DA04B4CF94CFDF4FA8806DFFF4A2DF12A480D801910000279100004794F4CE
S3258003E400D802D9228473D944983314F11420F4A4910000D7144FD9DDACE2EE2F820209D164
S3258003E4204E08DA555F1F29800221910000F70CD509D0440861007840F9FF6033910000477A
S3258003E4400CDD09D04C086100394009DF550809D0540861006940B45FC9F46033C94F6433AD
S3258003E4603E4694535F4303007E34023402203C05821002243C028211910000E73420D9EE9C
S3258003E480887334E2D80234F1910000F7D9FF2843F80A74F4D80409D1560809D057088F8152
S3258003E4A020104210B4F0D80509D1580809D059088F8120104210B4F009DF5F0809D05E0898
S3258003E4C061003240D806B4FF09DF5B0809D05A0861002A40D807B4FF09DF5D0809D05C08E2
S3258003E4E061002240D803B4FFD801B4F46DFFFAFC8200B4C0910000F7F9F07433D4AF91003D
S3258003E5000027D9228C7314FF1421EE0E0CDE3B5005103E18D80A0201DA0174F0D80834FFF6
S3258003E5203C0482113C028210342134E0DA01D80234FFDA00D80934FF0090000091000057F8
S3258003E540395F9833910000C79100002791000047D9CC6C33D9228473D944A863910000F701
S3258003E56094C414201441D9FFACE2EE2F820208E1DA555F1F2980022191000057085F084031
S3258003E5806100D23FF95F60339100006708DF08C06100CA3FF96F643391000077D977683392
S3258003E5A061009E3FB47FC9546033C96F64333E4694735F4303007E34023402203C078210D3
S3258003E5C002243C0482113C028212344191000047E9428873342091000027592428439110DF
S3258003E5E000276100843FF920080C9110002709F1580809F059088F8120104210F9200C0CDB
S3258003E6009110002761007B3FF92F100C9110002761007C3FF92F140C9110002761007D3F39
S3258003E620F92F180CB4C400902038910000F7D9FF9C73F80B14FFDF1F34816100793F3FF025
S3258003E6401080910000F7B9F14C433F010A80910000F7B9F24C333FF204807F2107809100F7
S3258003E66000F7DA01E9FFAC73910000F739FFAC73DF0F1781910000F7D9FF9473F80834FF39
S3258003E680910000F7D9FF7833F4AF911000F7C9FFFCFBD4AF9110004791000027B4FF911075
S3258003E6A000F7D9FF1C0CF806B4F0910000F7B9FF4C33F94F200C911000F7B92F541391008D
S3258003E6C00027F9FF140C911000F7B92F5813F9FF180C910000F7D9FF9873DA01F807910095
S3258003E6E000C734FFDAAAD9CCD09234CFBB0000F840CFD4A240CD910000E79420D9EEB073AE
S3258003E70042F0868089F00104F80140CF942142F189D1020489F00304F80340CF89F104045E
S3258003E720F80240CF89F00504F80540CF89F10604F804D80609FFC0088F8F3F0089C00708D6
S3258003E7402CC8B94F200C8F8F3F0089C009082CCA14EFEE0E6DFF40A1DF120B803BE0014037
S3258003E76040C46DFF2193DA0134EF6100EA3E910000F7D9FFB473F80CD4AF94F8D80C14FFD4
S3258003E7805E1B6DFF29A1DF1208806100DF3E6DFF3793822034F014F0DF2083806DFF1CA11F
S3258003E7A0DF127F80D4AF910000279100004794F4910000F739FF9833D922B873D944A47360
S3258003E7C014251442EE41820314C0DAAA5F0F3780D80114D0BB0000489100006714F1D80259
S3258003E7E08F81001091000077421091000057A240F9607C33D955444314F0D803023214F177
S3258003E800D8048F8100104210A240F970404314F0D80514FF8F8F00F042F0A240B450C9640C
S3258003E8207C33C97F40433E4694505F4003007E04020402353C0A82153C03DA557E0302340A
S3258003E8403C0482123C028213910000F759F42C43D80C820034F034E0D80609C149080CCAD7
S3258003E8608F81201042F1B4F1F65EF63DF62C5F480680D808DA0134FF3C028210910000F7DB
S3258003E880E9F0A873D80BDA0034FFD80734FF3442910000F7E9F3BC733425D4AFB4F40090DC
S3258003E8A02038910000F7D9FFA073F80814FFDF1F1781910000F7D9FF9873F80734FF91002D
S3258003E8C000F7D9FFA473F80B34FF910000F7D9FF7833DA00F805B4FF911000F7D9FF1C0C66
S3258003E8E0F806B4FF911000F791000027F9FF200C911000F7B920541391000027F9F0140CD1
S3258003E900911000F7B9205813F9F0180C910000F739F09C733BA00A20910000C78B100012BB
S3258003E920D9CCD092AB52851134C13B00081040C289210104F4A240CF89FF0204F80C40CF75
S3258003E94089F10304F80240CF89FF0404F80140CF89F10504F80440CF89FF0604F8032CC7FE
S3258003E9602CC82CC92CCADF101680910000D7D9DDB07314DFEE0F6DFF2FA0DF1222803BE090
S3258003E980014040C46DFF1092DA0134DF6100D93D3C17910000D7D9DDB07314DFEE116DFF44
S3258003E9A01BA0DF120E80DA0134DF910000F7DA03E9FFB4733BE0014040C46DFFF59191004F
S3258003E9C000E7D9EEB47314EF5E3B6DFF05A0DF1208806100BB3D6DFF1392DA0434EF14EF45
S3258003E9E0DF4F7E806DFFF89FDF127A80D80591000047D944B87394F5910000F739F398336F
S3258003EA001440DF033E8014C1DAAA5F1F3780D80CBB000018910000579100006714F0D4AFCD
S3258003EA2091000027D922444314F2D8018F8200204220A210F9507C3314F0D80214F2D80338
S3258003EA408F8200204220A210F960404314F0D80414FF8F8F00F042F0A210B420C96F404398
S3258003EA60C9557C333E5694205F5003007E04020582003C0682103C03DA557E12820582015F
S3258003EA80344034E134D10250D8060CC909C24A088F8F20404242B4F2910000F7D9FF808332
S3258003EAA014F2F63914C2DA553E24021202103C0482123C02821134F2DA00D80834FFD80774
S3258003EAC034FF910000F759F02C43910000F7E9F1BC73D805B4F5DA01D80B34FF00900000A2
S3258003EAE0910000F739FF9833910000C79100002791000047D9CC7833D922B873D944A47370
S3258003EB0094C014211443EE3882046100263D14F2DAAA5F2F2C800243082FBB0000180810F1
S3258003EB209100005761001E3DF95F7C3391000067084F08306100163DF96F40439100007773
S3258003EB40D9774443086F085061000C3DB47FC9507C33C96F40433E0694725F0203007E24D6
S3258003EB60022002413C0C82113C03DA557E2302403C0682133C0482146100EF3C344391003A
S3258003EB800047E944BC7334219100002759202C4391100027089F08A18F8F20F042F1F921C1
S3258003EBA01C0CB4C0009000006100063E49F2240A542F6F3F3200C5F41000544F40F5895FA6
S3258003EBC0040549FF340A545F91100067745F542F9640742F542FB70F02F2742F3C1A54FF0A
S3258003EBE02E2A54FF2E55542FB71F01F6742F542F96103C0C545F1960E05BA20F3B90D00344
S3258003EC0006703F0F0580542F9620742F61000D3D542F16306EE5542F009000006100F63CD9
S3258003EC205F0F3F806100FA3CC5F410006100C43D3B80A010482F9B71EC1F49F5040AC5F65C
S3258003EC4060205F1F2880483F3B9000105F1F23806100FC3C6100E93CDA016100D23C746FB6
S3258003EC60489F96806CF9544F6100E43C3C0E6100B93C6100B73C6100B53C6100B33C61008E
S3258003EC80B13CC2103F20F5FF5443A2F33F13FBFF00906100CA3CDA036100B33C746F6100F9
S3258003ECA08B3D820049F6080A7460C5FC100054C140FD89D10405BB00002FC5F7641054D197
S3258003ECC09BF2FF2074D16100683D49F5240A745061004D3C7D420600545FB71F01F6745F82
S3258003ECE061002E3D547F61001F3D7D240600545FB71F01F6745F3B3060F2B4EF7B4000100A
S3258003ED00545FB71F01F9745F545F9601745F3B80A0F09B7FECFF746F545F6F1F2A80610078
S3258003ED20903C545F911000279602745FD922E05B54DF742F547F6100DB3C6E0D545F960479
S3258003ED40745F547F6100183D6F130F00545F9608745F3C0A6100753C54DF5420A20F3B002E
S3258003ED6077013F0FE9FF545FB71F81F53C09543F2E04545F96043C04545FB70F01F1745F88
S3258003ED8061005F3C74F1DA1FA5FF60200090000091000047D944004185F01000404F89F019
S3258003EDA004058203404554F174F109416318DF116D800941E0183B3060225F21678009418B
S3258003EDC0EA187F146380094FAC198F4420F010FF09F5CE08DF055A0068104947301AD47279
S3258003EDE009F6CC0848200126022660065420F6068B160000406537007060C2F56100F73B93
S3258003EE00D47C09F0CC0801C002C654C0DF001480F63480236100EB3B37036800405C068321
S3258003EE2082013C04C211042224C23F01FDFF015000563C2780208F3000F1EE1D8FE01F3048
S3258003EE40C21582003C13D4728FF303F106A301260226C2165421370670606012C2F53C040A
S3258003EE60C2FF44216461EEFDC210FF500B80DF05ECFF3C07C6F06002C2FF44206460EEFD89
S3258003EE80DF05BDFFA5F4602074440090910000F7D9FF848314FFEE08DA0134FF910000F7E2
S3258003EEA0DA00E9FF888300908202BF261180014502F654FF4BF401F0AE0302523C02025616
S3258003EEC01A268FFF1F505A26FF2FF3FF009000008200BF261180014501F609FFC0087FF4C4
S3258003EEE0048002563C0202501A068FFF1F505A06FF2FF3FF37006820009000002008DF64C6
S3258003EF000400821200903B0000F4F4A49BCF51F4910000F77B00F883D9FF80D2405C406DD9
S3258003EF20A05ED4A24420F4A26100133D6D00693CB4F244C061000D3D6D00633CA81244D0E8
S3258003EF406100073D6D005D3CA822B06FFDE0EB7F8202009091000027D92280D26100F43CA3
S3258003EF60A054092FC008B4FF092FC208ACF1092FC408ACF2B06FB062FC4500906100E43C9D
S3258003EF8009F4C00809F5C20809F6C4081DFF04436100DA3C09F4CC0809F5CE0809F6D0083A
S3258003EFA01DFFFA426100D03C09F4DE0809F5E00809F6E2081DFFF0426100C63C09F4D208C9
S3258003EFC009F5D40809F6D6081DFFE6426100BC3C09F4D80809F5DA0809F6DC081DFFDC427A
S3258003EFE06100B23C09F4C60809F5C80809F6CA081DFFD2423B80BBF0A5FF9C923B007DF0BF
S3258003F000A5FF949200900000910000F7B9FF5443A5FF9C921B0F32F0A5FF949200900000BE
S3258003F020910000F7B9FF5043A5FF9C921B0F19F0A5FF9492009000008B044002CE4482FFB1
S3258003F040C6F4C214FA05CE5482F1C615C21507F060F06E056D003800325200901D0022009F
S3258003F060CE4582FFC64FC21F3C02024FCE4602F46D002A003252009002F41D001300000013
S3258003F080CE5582FFC65FC21F3C02025FCE5602F56D001A003252009002F51D0003000000D1
S3258003F0A04B541122023182033C0B8F111EF006110612EE033F510480C212A251C2133F63D6
S3258003F0C0F6FF00904B54110282023C0B8F111EF006110610EE033F510480C210A251C2122C
S3258003F0E03F62F6FFAB10002100900000DA004B54112202F07B0000183C118F131E400613EE
S3258003F1008207EE033F1203808217027F0612F6433F530480C212A253C2103F60F0FFAAF2D2
S3258003F120009000008B044002CE4482FFC6F4C214FA05CE5482F1C615C21507F060F04B5496
S3258003F14011226E03AB1200236E02325200900000FA04F657BBF0FF2F9BF2FF2742F2009083
S3258003F1606E0482F0C604C2148B054002CE5482F1C615C215070F60F06E056DFFA5FF3252FC
S3258003F18000901DFF8FFF0000FA04F657BBF0FF2F9BF2FF2742F200906E0482F0C604C2148D
S3258003F1A06E056DFF91FF325200901DFF7BFF0000F656BBF0FF2F9BF2FF2700901DFF72FFB8
S3258003F1C0F65382F200904B541122023182033C0B8F111EF006110612EE033F510480C212D2
S3258003F1E0A251C2133F63F6FF00900000F658FA043B0000283BF0FF076A0200908B044002EA
S3258003F200CE4482FFC6F4C214FA05CE5482F1C615C21507F060F04B5411026E03AB100001D6
S3258003F2206E02325037005020009000003B10164082151D00430100003B10164082051D003E
S3258003F2403D010000911000F7B9FF7E3A4B0F61F17B00A8034B0F412000900000911000F72A
S3258003F260B9F24C3A009000006100913B09FFCC0809F0CE08420F09F0F008420F09F0F208E6
S3258003F280420F8FEF3F2000906100813B09FFE40809F0E608420F09F0C818420F09F0CA18D9
S3258003F2A0420F8FEF3F200090911000F7B9F2700A00900000911000F7B9F2481A0090000085
S3258003F2C0911000F7B9F2403A00900000911000F7B9F2760A00900000911000F7B9F24E1A5A
S3258003F2E000900000911000F7B9FF723A3BE064034B0F61F19B10BA034B0F41200090000018
S3258003F3006100453BC502380044FF644FFC2E8202009000008204911000473B400E50D944EC
S3258003F320640A6D00993B82146DFF58363B1002401DFF543682046DFF6F369120002FB92F73
S3258003F3405CC06100243B6100273BB4F0B92F60C06100323BA8103B000240B92F58C0ACF337
S3258003F3606DFF5A369120002FB92FA8C06100243BA820B920A4C05350200086E053702900FE
S3258003F3804BF00102A840B92FA0C091000027B920604391000027E20FC92064438F6F1FF0FC
S3258003F3A0420FACF50090000082046DFF3536912000FFB9FF5CC06100EF3A37007020009080
S3258003F3C082083B0002406DFF27366100D43AB9FFA0C06100E93A370070200090911000577A
S3258003F3E03B00E030B952640A910000F79100002791000047D9FF6843D9226C43D944B0B3FB
S3258003F40009FFC0080920C00814413F320680C21F370F70203C0B3B00A0F07FF20780820211
S3258003F420C210370070003C0382028200DA327F2F0480821182027F0F048082010210344114
S3258003F440B420B4F2009000006100A13A01F401F69120002FB92F40C0ACF6B92F44C0ACFCF3
S3258003F460B92F84C089FFA408B92F94C089FFB008B92F90C089FFBC08B92F48C089FF88188B
S3258003F480B92F4CC089FF9C28B92F98C089FFA828B92F9CC089FFB428B92F50C089FF80382B
S3258003F4A0B92F54C089FF8C38B92FA0C061007C3A89F09838009000001DFFAE983B9088F599
S3258003F4C06100863ADA00E9FFB4B300903BC088F561007E3ADA01E9FFB4B300902010404FBF
S3258003F4E082146DFFCFBEDF121B80821440A46DFF5DBE58016E1491100027D922ACCB9100C1
S3258003F50000473940B4B3342054A06100683A892F02090921C4085420A82174F00090000006
S3258003F5202010404F82246DFFADBEDF120C80822440A46DFF3BBE58016E0554A061004F3AF0
S3258003F54074FF00906D006A016DFF583F82046DFF49C082146DFF46C082241DFF43C000007C
S3258003F56061005A3AA09244FF644FFC2E82020090910000F782046DFF27DE59F230439110C9
S3258003F58000D7D9DDBC9B820440D46DFF01DE19FF30436100413AB70F140649FC080A8F4F9D
S3258003F5A01FF049FE100AB4C06100303A91000027D9223C4361001A3A6860742F9100002709
S3258003F5C005FF2147D922B8B32E19DA01342F05FF2947960225FF29433C03DA00342F142FF0
S3258003F5E034FFC5F42043144F91000027D92284C36F0F2480144F6F1F2180DA01342F3BB0F9
S3258003F60028406DFFEF97F62A91000027B92F7443C21FF92F7443DA003C0CDF121A80910092
S3258003F6200027B92F7043C21FF92F70433B0000F1B4CFB4EFDA013C0BDA00342F910000275A
S3258003F640F92F744391000027F92F70432CF4C5FF28436100D4390090910000F782146DFFD8
S3258003F660B3DD59F23443911000D7D9DD88AB821440D46DFF8DDD19FF34436100CD39B70F12
S3258003F680140649FC0A0A8F4F1FF049FE120AB4C06100BC3991000027D92200536100A6390E
S3258003F6A06870742F9100002705FF2157D922BCB32E19DA01342F05FF2957960225FF295367
S3258003F6C03C03DA00342F142F2CF1C5F42053144F91000027D92288C36F0F2480144F6F1F25
S3258003F6E02180DA01342F3B0029406DFF7B97F62A91000027B92F7C43C21FF92F7C43DA005F
S3258003F7003C0CDF121A8091000027B92F7843C21FF92F78433B0000F1B4CFB4EFDA013C0BFA
S3258003F720DA00342F91000027F92F7C4391000027F92F78432CF5C5FF2853610060390090DF
S3258003F740910000C782246DFF3FDD59C23843911000D7D9DD94AB822440D46DFF19DD61001A
S3258003F7605B3919CF384349FE0C0A61004F3991000027D9220453610039396880742F9100CA
S3258003F780002705FF2167D92280C32E19DA01342F05FF2967960225FF29633C03DA00342F12
S3258003F7A0142F2CF2C5F42063144F91000027D9228CC36F0F2380144F6F1F2080DA01342FCE
S3258003F7C03B2029406DFF0E97F62A91000027B92F4453C21FF92F4453DA003C0CDF12198028
S3258003F7E091000027B92F4053C21FF92F40533B0000F1B4EFDA013C0BDA00342F91000027CB
S3258003F800F92F445391000027F92F40532CF6C5FF28636100F4380090820482156DFFE4DC56
S3258003F820821402456DFFE0DC822482156DFFDCDC823482056DFFD8DC8204911000473B8053
S3258003F8400250D9444CCB6D000739910000F7DA01E9FF90C300900000911000F739F2206C6F
S3258003F86000900000911000F7E9F4206C009000000D0040031DFF52C63B50C3F0C5FF100048
S3258003F880065F54F0E2F4764554FFA20F3F4FFEFF00900000534426F0C5FF100054F16E054D
S3258003F8A054F0A2103FF0FEFF009000006DFFC0FC6DFF32FD6DFF48FE910000F76DFF76FD31
S3258003F8C03B00E0F0F9F258437FF204806DFFB6FC910000F7D9FF8C83DA0034FF91100027B7
S3258003F8E0D92C6E0A6DFF6EFDB4C2DA0134FF3B007D406DFFD1FF09CFC0083B00A0013F0FA9
S3258003F900F3FF820402456DFF81483B00224082051DFF8296014401F68F1400F094F0104F60
S3258003F9204B004101881F7B00A8134B0F41F16B0031FF4B1041004B1F41F06B5F612000909B
S3258003F940014401F68F1400F009F8C008104F3BF0016009F4C208A2846D00A403428237029D
S3258003F96070200090014401F609F2C0085F640F0009FFC2083F2F0C80A22F370F70F0E25F89
S3258003F9808F1F1FF0422F370F702000905AF2370F70F0E25F8F1F1FF0A2F23702702000906D
S3258003F9A0014402F654FF5F64160048103FF00B80A2F03BF00060025402056D00E503422F03
S3258003F9C03C0952003BF00060025402056D00DC03A22F02F20090000002404C4154417B009F
S3258003F9E0C0335454030F0A11016101F68F1100F094F2106F4B024121881F42104B0F41F194
S3258003FA00016001F66B0231FF4B3241204B3F41F06B4F61228F1000F094F0106F4B00410173
S3258003FA20881F4B0F41F16B0031FF4B3041004B3F41F06B4F61F06B02310F4C516BF06122C5
S3258003FA400090000002490C411440406C039F0AF0405F50C28F1F00000928C00801C000261A
S3258003FA606100DF376D001E0342F901C9012642820928C0088F1900F010C2370270A06100FB
S3258003FA80D0376D000F0342824815370270403BF00160A2A46D00060342A2370270200090C8
S3258003FAA00242144309444108547603240A53016501F609F7C0085F63160009F0C208095124
S3258003FAC0C0083F700980A2706100B2374270370070703C080B0780006100AA375A07370FB9
S3258003FAE070704C715F4F34004252016201F609FFC0085F63180009F0C2080951C0083FF052
S3258003FB000C80A2F037007000E2018F111F0042F0370070F03C07520061008A37A20F370F7E
S3258003FB2070F00950C2083F7F0A80A27F370F70F0E2F08F101FF042F73C085AF7370F70F0B6
S3258003FB40E20F8F1F1FF0A2F7370770700272009091200048D944E0B26DFFF895914000F849
S3258003FB60D9FFDC5ADC0F0000DA00200882F03C0354AFC21F74AF54AF3F0FFCFF00A00090CD
S3258003FB804DC0E1FF370F6880538822F0912000F8D9FF941310FF0D0080043B009800CD402C
S3258003FBA0E00F0D00C00454F0B7000300600A4D00E00F0D008004B7001400CD00E00F0D0033
S3258003FBC0C0040D00C00448106002482FA20F06AF8F401E008F000100820174213C098021F5
S3258003FBE08FA100108F011F10A60189210015C2FFEEF7802F8FAF00F08F0F1F10A601481FB9
S3258003FC008B0F08F08FAF00F08F0F1FF0A6F00D008004CDC0E30F0D00C0040D00C0040D0099
S3258003FC208004CD81E30F0D00C0040D00C0044DC0E1FF8F7F00416DFFF7BF0D008004DA020A
S3258003FC40CDCF20090D00C0040D00C0044DC0E1FF8F7F00416DFF96C00D008004DA01CD4F2E
S3258003FC6020090D00C0044D4020F96F0FFEFF4DC0E1FF8F7F00416DFFD7BF8209F68C82F41F
S3258003FC806DFFD2BFDA089130002F592F343682F46DFF78C053C820F060F29130003F302330
S3258003FCA0DA08593F04460D008004483FCD4FE20F0D00C0040D00800491400028D92200007C
S3258003FCC0802FCD0FE20F0D00C0040D008004484FCD8FE20F0D00C0040D008004DA00CDCF01
S3258003FCE020090D00C0040D00C0044DC0E1FF8F7F00416DFF47C0485F60F24020486F60F29F
S3258003FD004021DF081880910080CF19CF1402B70F06F08F5F41A14DC0E1FF8F7F00416DFF68
S3258003FD2083BF59CA14024DC0E1FF8F7F00416DFF29C0487F60F23C20442060044420600528
S3258003FD404420F68A8041B7011C107B0000F6BE147B0000F5BE11DF12098040463C04C2F01D
S3258003FD60045F246FDF00FDFFDF2207803C03C2F02449DF00FEFF4422DF12E07FDF22DE7F53
S3258003FD80C89FDC0F014501F63C03C2F5B0EF09FFC0083FF4FCFF8F1500F0104F49FF020A71
S3258003FDA03C03C215B02F09FFC0087FF4FCFF37056820009002430940C00854743F30048022
S3258003FDC082073C30014401F6024009F1C0087F1329808FF41F1082070242BF2012800141F8
S3258003FDE001F609F0C0087F03048002123C0202171A728FFF1F100B728000FF20F2FF0147B3
S3258003FE0001F68F1700F009F0C008104FA203370370108F01011061001736370070203C03F8
S3258003FE20024782020950C008097304093F50048082083C2E015301F6023009F1C0087F15E8
S3258003FE4027808FF31FF082080231BF201080505F09F0C0087F05048002F13C0202F81A8177
S3258003FE6006FF0B818000FF20F4FF015801F68F1800F009F0C008105FA205370570108F01CC
S3258003FE8001106100E135370070103C030238820103680AF7506F09F5C0085F47140009F0FA
S3258003FEA0C2083F500980A2506100C8354250370070503C080B0580006100C035A2053705F1
S3258003FEC070505F38320042F6016601F609FFC0085F47160009F0C2083FF00C80A2F03700A7
S3258003FEE07000E2028F021F0042F0370070F03C0752006100A335A20F370F70F03F5F0C805D
S3258003FF00A25F370F70F0E21F8F0F1FF0425F370F70503C0A5AF5370F70F0E21F8F0F1FF073
S3258003FF20A2F537057050025200900000404CDF054E00DF064C004256406F820040723C0912
S3258003FF401A0490C4C2105441505464F19441A4213F60F87F8203025FC2F401C402260154B8
S3258003FF600146507F017301E694F194E28200B042C214B0243F210D00016302F654F17421CB
S3258003FF808B130010B4427F511F0002133C1D906F54F27422B44192117F610400021F3C140F
S3258003FFA00B348060016302F63C0A1A3644F0C21F90CDC21374D0505D84E0B4D08B130000E9
S3258003FFC07F05F57F8210DF00CE7F00902008026840A449A5040A6D001B0254A08B0802F1DC
S3258003FFE00FF00000580132580F8F00F00FF0A02089A20409009000002008026840A449A51D
S32580040000040A6D0005028B0802F154A002810FF00000580132510F1F00F0A6F089A0040912
S32580040020325854AF0F8F10F074AF4EF6EE0A7B0000F83FF00780BBF0FF2F9BF2FF27009067
S3258004004054AFBFFF08005EF958017B0000087F0F05807B000028009009A20409009000008C
S325800400602008026840A449A5040A6D00D10154AF8202CEF9DA010F8F00F092F0580126F09D
S32580040080AB12A02054A08B0802F10FF00000580132580F8F00F0A6F0420289A204090090CD
S325800400A02008026840A449A5040A6D009F0054A08B0802F10FF00000580132580F8F00F04E
S325800400C00FF0A02089A20409009000002008026840A449A5040A6D0089008B0802F154A02D
S325800400E002810FF00000580132510F1F00F0A6F089A00409325854AF0F8F10F074AF4EF69C
S32580040100EE0A7B0000F83FF00780BBF0FF2F9BF2FF27009054AFBFFF08005EF958017B0024
S3258004012000087F0F05807B000028009009A20409009000002008026840A449A5040A6D00C0
S32580040140550054AF8202CEF9DA010F8F00F092F0580126F0AB12A02054A08B0802F10FF022
S325800401600000580132580F8F00F0A6F0420289A204090090200840A449A5040A6D00360037
S3258004018054A200902008026849A4040A40A56D007F0058018B0802010F0F00F054A0325876
S325800401A00F8000000F0FA020009000002008026849A4040A40A56D006B008B08020158017F
S325800401C002810F0F00F054A032510F100000A60F74AF325858010F8F00F078016E0382FFBA
S325800401E074AF54A200900000CE4582F0C640C2103C0202408F001F30B7001008B70510185E
S325800402008F051F6073600A20E21073130A708F0201101A108F07011012180BF830110B0F57
S3258004022050019A018F071F10AB1F20F08F021F00421003630A0042F07658CE4782FFC6F0EB
S32580040240C6F8C218AB1020087440745800903704E4928FF40181029400700B40C021009011
S32580040260913000E8D9EEECD6DC0E0000DA01644482003C03C21F64403F5FFE7F0090000064
S32580040280913000E8D9EEF4E6DC0E0000B7041008B70510F88F041F608F051F4073400A2027
S325800402A0E2F073F60A108F0201F0420F8F01013042F30B0F50010BF330F1C20FAB1F20F061
S325800402C08F021F008F011F10421003460A0042F074407453009000008B0480F26444C2FFD9
S325800402E082103C03C210644F3F50FE7F0090534822F061001900C82F0070BA0492F2009022
S32580040300913000E8D9EEDCE6DC0E0000DA0182013C075440C21142F064400BF030F13F41BD
S32580040320FA7F0090911000F799FFEC5B01F902F6D4FF00706100D00010FF09FF0849007075
S32580040340913000E8D9EEC4E6DC0E00000248404F54F00256405C4B0801F016036E038202AC
S325800403603C1701F6022654204B0801F0AE0A092F3CF98BF61F206B0F31186B0F31F03C0D3D
S325800403808FF61F506DFF92F501F202F654F06B003118481F6B0031FF4BF151F074CF0090B7
S325800403A0912000F8D9FF000001F400F661000F0010F2007053CF21F010E254240070000058
S325800403C0913000E8D9EEF868DC0E14FF911000F7534F22F0D9FFE01A007082051D0045321D
S325800403E0913000E8D9EECC78DC0E74E209C0DC0874F009C0DC08007061004407D4FC007065
S32580040400912000E8D9EE7866DC0E0000CE4582F0C640C2103C020240CE5582F1C651C211CD
S325800404203C0202518F001F30B70010088F011F60B701101873600A20E21073130A708F0285
S3258004044001101A108F07011012180BF830110B0F50019A018F071F10AB1F20F08F021F006D
S32580040460421003630A0042F0764F765E8B1480F28B158012071F60F06E0782FFC6F0C6F842
S32580040480C218AB1020087440745800900B548001404FDA0040523C04C21F44F164213F0F01
S325800404A0FD7F7F541100014402F609FF3CF9015002F6B70F1FF0BA0FC2FF3C03C21064FFBC
S325800404C03F50FE7F009049DE184A49DF144A49D2104A007061004B008FA420F000700000A3
S325800404E0912000E8D9EE7866DC0E0000020000000011007000000000B80700000100000007
S32580040500B81800704400028065220000020000000090007000000000C931000000000000C8
S325800405200000000000000000000000008F1200903BF00050820602B40070000000000000D7
S32580040540912000E8D9EE7866DC0E8F0201D03B000150820602B4007060F43B80005000707E
S32580040560912000E8D9EE5066DC0E912000FFD9FF4020007061000F066100650600700000E7
S32580040580912000E8D9EE6856DC0E14FFC21F34FF14FF14E07FF0038034D80070000000002D
S325800405A0912000E8D9EE7866DC0E6100F40549F2270A14240070C214081F370468400070CB
S325800405C0912000E8D9EE6466DC0E91200028D922706201200226D422007000000000000028
S325800405E0912000E8D9EE7C56DC0E00000248404F025609FFC008405C3F8F048082023C2284
S3258004060001F60126092FC0087FF81B808FF61F506DFF60F401F201268F1200F00920C008D0
S3258004062010FFA20809FFC20837087010A20F370F70F08FF100104BF11102B4C0009037066F
S325800406406820DA00B4CF00900248404C09CFC008405D406E3F8F048082023C2101C501F6EA
S3258004066009FFC0087FF81A8014E56DFF8DFB01C201F68F1200F009F0C00810CFA20809FF85
S32580040680C20837087010A20F370F70F08FF100104BF11102B4D03C0537056820DA00B4DF1B
S325800406A034E200900248404F025609FFC008405C3F8F0580820974C93C2901F60126092F97
S325800406C0C0087FF81E808FF61F506DFF03F4022901F901268F1900F00920C00810FFA208CE
S325800406E0370870103BF000608F01014009F1C208A201370170506DFFD5F474C23C07C2F690
S32580040700370668907B0000F874CF029200900000014402262008F4A70258405F09203CF9B9
S3258004072001F80226B7001F00406C026909AD8809027A09AB0C098B0020F209203CF909AEE3
S325800407409009B7001F0009AC14098B0020D26E0540D56DFF47D23C0540D502B56DFF98FE35
S3258004076076D740F440E502846DFF3CD23C0740F4028440E502C56DFF8BFE40D402B440E57C
S3258004078002C540C60296D4A702A76D005103CE2A6E05029440C41DFF45D2029440C41DFF97
S325800407A02FD2C6DF6E0FD4A402A46DFFFBD1762540C402946DFFACFD029440C440C51DFF31
S325800407C011D20090024F2010904F89A40C0989A50809820009F13CF98213B7011F108B0182
S325800407E020F27801025F905F09F13CF9406FB7011F108B01202202013C03C21164F03F61F8
S32580040800FE7F0204406F3C545801820544406E0682F1C61042300B3030318F001F905802C5
S32580040820B700108840570B46800040F20B0F8071B04F024B025C821A3C334470762682F1C2
S32580040840C61042A00BA030A1B70010F88F001F1073180A0074A073F90AD05420E28F4250F7
S325800408600B50305142F00BF030F142F58F0D01F0120E54A00BFE30F142F58F0001F042FECB
S32580040880642E0BFE30F142F58F0D1FF042F5020F8F0F1FF042F503190A55C21BC21C3F7C13
S325800408A0CE7F7F6B0500016B02267425C21458033FF4AC7F58013E2EDA01820182F23C08DB
S325800408C05460C211C62042F064600BF030F13F61F97F00900240014002F6025209FF3CF95B
S325800408E08FB21F10405FB70F1FF082040B618031BA0F92F7024F3C03C21F64F43F3FFE7FD1
S325800409007F6132008F510030A23242100B608001A2F0905FDF02200002413C0D8B0202314B
S3258004092032530F3400304444C21F0F240050A65364F3C2113F01F47F7F6F1600905F8B02F3
S32580040940020132500F0400400F270000A60474F4C21F3C0982013C05C21F4442C21164F273
S325800409603F01FC7F905F3C03C21F64F73F6FFE7F00900000014402F6025009F23CF98FB00F
S325800409801F10B7021F208205BA0292F77F413C001A160B4F80F18F510020A220014102F6E7
S325800409A0DF002A00C211405254F8014102F63C0E020232520F28002044F88B0002310F384F
S325800409C00030A6236423C215C2113FF1F37F7F4F0500904F54F13C020271015502F68B0040
S325800409E002F10FF1001032500F080080A68174F1C2153C0940523C05C21544F0C211642074
S32580040A003FF1FC7F015502F63C03C21564F73F65FE7F0090820449AA08BA3B800750404C58
S32580040A2040A46D001930820889A8B04889A8364889A8B24889A83748028340C440A540C6E1
S32580040A40405FA0678F2320F0406D921089A03448922089A03548923089A03648C24F89AFA6
S32580040A603748944F89AFAC4809D08204406E89A0AE48406309E1840489A1B0480932860436
S32580040A8089A2B2483FF00500821582243C03822582143F120500823282463C03824282362D
S32580040AA08F1520F010A28F1220F00920AA4810A20921AA483F0119008F1420F010A20920C5
S32580040AC0AA483F0105000B5410083C1F8F1620F010A2092FAA483F0F05000B5210083C14DA
S32580040AE00B5210083C168F1620F010A20921AA483F0112008F1420F010A2092FAA483FF111
S32580040B0007000B251008024202643C080B25100802623C040B261008025201A00026861028
S32580040B204966080A092F334801A10026895F10018611092F334801A200266CF18612092FB6
S32580040B40334801A400266CF28614092F334801A000266CF3C21349FF100A092FAA4801A1F1
S32580040B600026894F8800092FAA4801A20026B4DF092FAA4801A40026B4EF092FAA48B43F2A
S32580040B80FD70627FDA1D89AF344809C0B80889A0AC48DA1E89AF354809CFBA0889AFAE48B7
S32580040BA03F0F0500DA0182203C03DA02821010AF028449A4381A09F1334849AF2A4A50F287
S32580040BC089A1301901F001F6942F01A0002689CFB8083B800750092F3348781D94FF89CF49
S32580040BE0BA086D00392F49AF303AC5021D00A4F8FC2FDA0782486F0F1600C2FF73F80A4012
S32580040C008BE401017F080F0003F80A0840C5028540A449A6381A8BE0016149A7303A6DFFF2
S32580040C2087F98F18209086FF820A3C0E739A0A4040C5028540A4028649A6381A49A7303A0E
S32580040C406DFF76F9C21A3FFAF37F0298FF2FD57FDA1E7FF90E00820440C5029540A48BE994
S32580040C60016149A6381A49A7303A1DFF61F90090014402F6200889A50409820009F13CF996
S32580040C808215406FB7011F108B01203202013C03C21164F03F61FE7F0208406F3C4C82096D
S32580040CA04440763682F1C61042500B5030518F001FA05801B70010B840570B86800040F2C3
S32580040CC00B0F8021B04F0287029C3C2D4470C217B70010188F001FD073DB0A0074A0731A5D
S32580040CE00AE05420E2B142900B90309142100B1030F142F98F0E01F0120154A00BF130F1D0
S32580040D0042F98F0001F042F164210BF130F142F98F0E1FF042F9020F8F0F1FF042F903DAC1
S32580040D200A99C21C3F2CD47F7F670500016702267429C2183F48B57F763EDA01820182F2B7
S32580040D403C085460C211C62042F064600BF030F13F61F97F009091100067D966D00A406FCE
S32580040D60A032C504130024FFFC4FFC2C02F0406F6100A102A0340C2CDE1A53C020F0911038
S32580040D800057D955589B1055C210545F74FF37006800095FC408ACF20C562CFA0C572CFC70
S32580040DA00C582CFD0C592CFFDA01ACF349FF140A4922100AFD40E17F82000070BB00F01FCE
S32580040DC009F0C20802458FF00FF126108F8F20F08680A60FEE068F1448F18FFF0E513C07E1
S32580040DE06F7406008F0441F18FFF07510070911000C78208D9CC8CCB8239D4CD00700000AB
S32580040E00912000E8D9EE4457DC0E6100C40149FC270A00708F4420F0102F14FF00700000B2
S32580040E20912000E8D9EE4067DC0E00009AF52008905F3C03C2F5B0CF8E5354FF6EFCBF15AA
S32580040E409B018200406F02013C03C21064F13F60FE7F9AF4904F3C03C2F4B0CF8E4354FFB1
S32580040E606EFCBF1484013F5482018BF51F208BF41F308200407F02013C03C21064F13F702A
S32580040E80FE7FDF140D80544F5450827B4B0F1122746223020AFF747F1D006F01015502F628
S32580040EA0DA01780149FC3CFA54C182068FF11F003C04C21F780106F0DF00FDFF014402F6F5
S32580040EC0821809F03CF93C02C21806F0DF00FEFF3F45050058013FF845818F5300005801BC
S32580040EE00B0800708F52000042F074A03B0002005F0F2600021A0220015202F68B0F0211B7
S32580040F003C0E0F1A0090580140F2325F092A3CF5C2F00FFA00F0A6F974F9402FFF10F37F1D
S32580040F2058018B0F02010F0A00A0745ADA010F0F00F0C2FF82F00F0FC0A03C0282FA026CE8
S32580040F4002CBDA205F8F2200014302F60B8C800054F98B0002C0023F3C108B08020140F2EE
S32580040F600F09000009293CF5028132510F190010A61074F0C2FF402FFF1FF17F904F8B08E4
S32580040F8002F10FF9009074F9014302D6BA1554C0ABFA9FFF54D1261FFE0901520226022976
S32580040FA040DFDA003C0FC2F909FD3CF5ABFABF09092E3CF526D05FE006000BDE30F1861FB2
S32580040FC0C2FFEE08FF19F17F3C050B1030F1861FC2FFCEF454A07F70728054A00B078090B8
S32580040FE0EE11023F40DF02203C05C2FF89F63CF1C2F0FF10FC7F904F545054FFA20F74FF02
S325800410003C2FFF0F1900023F40DF3BF001803C0C8F11000040F209213CF5C2FF8F111ED0E4
S32580041020A6D074F0402FFF1FF57F904F061174F1C21CC2F982010B5380009A10021D904F4E
S32580041040405254FF44205200A21076140BF050113C030B0F3011C21D64F03F5DF47F8FB9AF
S325800410601FF0906F065F54F18210A2F90F900000A60174F13C03C2F4B0CD8E4354DF6EFC76
S325800410803F541600014402F68BF41F3009FF3CF982183C02C21806FFEEFE8F5300F0428F8F
S325800410A052C754AF7FF70C80822B3C09F643821B3C068BF41F30824B3C02823BDF0B437F3C
S325800410C0DF1B0580544F747F3C2A8FBC1FF08F5F0000A20C904FF6C8026FC21F44F064701E
S325800410E07FF2FD7F3C1CC21F4072026154F0904F3C0E02C432540F40004044F08B0C0251C5
S325800411000F500050A6546424C211C21F7FF3F37F017102F6325C0FC0000074F03B00020014
S3258004112058015F0F2A0054500261405F8B0F02313C0C023F325F0FF0004058014810C211E4
S325800411400FF000F0A6F464F43F21F57F58018B0F02F1015102F6325F0FF0000074F03C0CE4
S32580041160026F61000D2D826B3C07DA006100082D825B3C0282FB02B2009089C80B082CCEFF
S3258004118009CFC408ACC3007061000500481F60FC0070910000F7D9FF8CA2007013722064A2
S325800411A014F1C8168F7600F18F1F000053C121F010628FD61FF090220921C0089120002896
S325800411C0D92250620120012632500925C0080166022626510F011010007091100027D922AF
S325800411E0D00A91200048D9444092A0350C4CDE1653C020F06100640010FF542F74FFC210C3
S32580041200092FC408ACF2370068000C2A2CF60C2C2CF70C2D2CF80C2F2CF94922140A49447D
S32580041220100AFD50E57F007076148F0442513C038FF40D51007008FF6E0382113C02C2108E
S325800412400070082F8F8F0100083F8F0F0110084FA6108F8F00F0A6F0085F0070DAFF3F0F99
S325800412600580020F82003C053B0010F01B00F00F0070081F2CFA49F4080ADAFF344F00705E
S32580041280911000F7D9FF8CCB0070912000F8D9FF4092007091000027D9228CA200709110D8
S325800412A000F7D9FFD00A007061FFE5FF3B606340007091200028D92240920070911000F7EB
S325800412C0D9FF589B007002013C06534021F0106F61FFB3FFF613BF40FAFF61FFA7FF007058
S325800412E0537220F0A066102F4952010A04FF242FFC6E0070911000F7D9FFE85BDAEF34FFC5
S32580041300DABE2CF1DAAD2CF2DADE2CF30070E9C288B391000027D922BC83142491000047BA
S32580041320D9449C93144391000057D9559C83145591000067D966B493146691000077D97792
S3258004134090A31477910000C7D9CCACA314C8DF053D80F625FFD43C80C2143C39910000D71F
S32580041360D9DDB09314D014F28204910000E7370261F2D9EE8CA314E1F60A6E07C21137010B
S325800413806810BFA10B80821002413C0791000037D933A8A36100820134E134D0084F370F8F
S325800413A061F2F66A6E07C21737076870BFA71080821602473C0CEE07C21837086880BF5860
S325800413C00780024602483C036100730134C834773466BFD40580F65382153C036100A401D8
S325800413E03455344334240070144FEE08F625FFA10880C2113C0582013C0361001D01610049
S32580041400A001344F342034F10070E9C294B391000027D9228093142191000047D944A09320
S32580041420144091000057D955A083145F91000067D966B893146391000077D97794A3147412
S32580041440910000C7D9CCB0A314C5EE1DF625FFA11D80C2113C1A087282013702E122F63AE4
S325800414607627C21437046840BFA41080821302143C0CF627C21537056850BF55078002130E
S3258004148002153C036100D8006100DD000070E9C29CB391000027D9228C93142191000047AC
S325800414A0D944AC93144091000057D955AC83145F91000067D96688A3146391000077D97709
S325800414C0A4A31474910000C7D9CC80B314C5EE1DF625FFA11D80C2113C1A08128201370248
S325800414E0E123F63A7627C21437046840BFA41080821302143C0CF627C21537056850BF55F6
S325800415000780021302153C036100960061009B000070E9C298B391000027D92288931421F3
S3258004152091000047D944A893144091000057D955A883145391000067D96684A3146491008E
S325800415400077D977A0A31475910000C7D9CCBCA314C6DF031D80F625FFA11C80C2113C193A
S32580041560084F82011601F64A6E07C21537056850BFA51080821402153C0CEE07C21637067D
S325800415806860BF560780021402163C036100540034C634753464BFA10580F63382133C0819
S325800415A0DF130780BF5005808201021002133453344034210070E9F2A0B391000047D94407
S325800415C09483144F910000F791000027D9FFB483D922949314F11420EE08F625FFA1088024
S325800415E0C2113C0582013C0361002600BFA10580EE03DA013C08DF120780BF500580820180
S325800416000210021F344F342034F1007061009400910000C7825480FF60F4826500709110B3
S3258004162000F7D9FF662B910000C7826480FF60F482550070F62382003C04C210370068001C
S32580041640007034C53474346361007B00345F344034210070E9F28CB3910000F7D9FFB08303
S3258004166014F191000027D9229093142091000047D94490830070E9F290B3910000F7D9FFDB
S32580041680B88314F191000027D9229893142091000047D944988300701432EE07C2123702A6
S325800416A06820BF5204800240024234320070F62382033C04C21337036830007061004D0084
S325800416C0910000C7823480FF0070910000F7820491100027D9227E1B802F0070910000F772
S325800416E0822491100027D922462B802F0070911000F7D9FF562B910000C7824480FF007069
S32580041700911000F7D9FF6E2B910000C7827480FF0070910000F7821491100027D922721B8B
S32580041720802F0070DF150780BF5305808204024302450070911000F7D9FF5E2B0070BFA1A3
S325800417400580EE03DA013C075E16BF50058082010210021F0070911000F7D9FF4E2B0070E4
S32580041760E9C284B391000027D9228493142491000047D944A493144391000057D955A4833B
S32580041780145591000067D96680A3146691000077D9779CA31477910000C7D9CCB8A314C82C
S325800417A0DF053E80F626DA197FF43C80C2143C39910000D7D9DDBC9314D014F28204910006
S325800417C000E73702E1F3D9EE98A314E1F60A6E07C21137016810BFA10B80821002413C0799
S325800417E091000037D933B4A361FF58FF34E134D0082F370F61F3F66A6E07C21737076870CF
S32580041800BFA71080821602473C0CEE07C21837086880BF580780024602483C0361FF49FF12
S3258004182034C8DA19347734663FF40580F65382153C0361FF79FF3455344334240070145F00
S3258004184014C0420FD02F00701450D44614C19110002710664210D922980A0120032614602C
S32580041860102200708644911000F7D9FF587A01F400F60070092FC008370F6840007009CF9F
S32580041880C008370F684000701022C21F34280070C21009FFCC0837006800C21FACF6007079
S325800418A06100090010FF007009FFD008C21FACF80070911000F7D9FFB8BA0070820209FF02
S325800418C05C0802206E1301F00046C82209FFCC08D4221022094F5408342F61FFE7FF61FF95
S325800418E0D9FF09FF5C083FF0F0FF91000027D9225C43092FC0085E1B09FFD008A20FACF8FC
S3258004190009FFCC08A20FACF6022FB42F00702CF1ACF12CF42CF5A002E822ACF6ACF7ACF8FA
S3258004192089FF1C0800708F5A20F061FFBBFF536A20F091200028D92248C2102200709120F0
S325800419400028D92254C20070912000F8D9FF48C210FF0070C824D44409FFCC0810440070A6
S325800419608F5A00F061FF9EFF007054FFB70F81FFB71F81FC74FF54FFB70F81FFB71F01F5D3
S3258004198074FF0070911000F7D9FF286C0070911000F7D9FF48AB0070D4EF8F5B20F010FFC7
S325800419A00070912000F8D9FF98120070910000C7D9CC0C530070910000F7D9FF9CC3007097
S325800419C0911000F7D9FFB4CB0070914000FFD9FF80480070911000F7D9FFA88B007061FFCB
S325800419E0F1FF01F400F614FF0070910000F739FF6453910000C7BA0FD9CC685334CF007094
S32580041A00911000F739FF141C00704B0261214B2141106B0F614100706100C002960834DFE0
S32580041A20820000706100BA02962034DF8200007061007303960234DF8200007061006D030D
S32580041A40960134DF820000706100A802961034DF820000706100CB03911000D7D9DDD07B02
S32580041A60B4D1820000706100500309EFC408167E007061002C03911000D7D9DDFC6BB4D13F
S32580041A80911000F7D9FF2C0C007009FFC8086100E402007009FFC6086100DF02007009FF85
S32580041AA0CA086100DA02007009DFD8086100D50200706100F103911000F7F9F1FC6B9110CE
S32580041AC000F7E9FF2C0C007061009603B70F81F034FF007061008B03B4D1610034030070A5
S32580041AE06100520309E0C2082609007061007F03911000F7F9F1E47B82000070DA1E37F17E
S32580041B0085F1007049EF120A61003A033921746314F07F100480C22034F014F00B105001A5
S32580041B20007061001A03D9FFF06B34F840F28928010489F8020400706100B102968089CF6D
S32580041B4024088200007089F1AE083BE03FF009E0E40826F126F0007061004903911000F7AC
S32580041B60F9F1D47B007061004203911000F7F9F1DC7B007061003B03911000F7F9F1E07BC7
S32580041B8000706100450296080070610041029604007061003D0296100070610039029620DF
S32580041BA00070610030029604007061002C0296080070610028029680007061005202960293
S32580041BC00070A8418F0118F109E0C8088F0018010070DA1737F185F19604007061006A0252
S32580041BE0892F010400703B100240820500703B200240820500703B300240820500703B40F7
S32580041C000240820500703B5002408205007014FF6100D50249EF190A14FF007009CFC00874
S32580041C208FEF07018FE107F10070910000F739FF48630070910000F78210E9F07863910082
S32580041C4000F7DA10E9FF407300703B000240820500703B0002403B80035000703B10024012
S32580041C603B80035000703B2002403B80035000703B3002403B80035000703B4002403B809E
S32580041C80035000703B5002403B8003500070B70F85F19604007009CFC0086100DE01007016
S32580041CA0E9F83C0C3458344800706100A002DA06007061009C02DA08007014DF8200B70F1A
S32580041CC001F334DF007014CF8200B70F81F334CF007009DFE4086100C001007014DF820016
S32580041CE0B70F01F134DF007014DF8200B70F81F134DF007014DF8200B70F81F234DF0070BE
S32580041D0061007502DA0E007014DF8200B70F01F234DF007034FF910000F7E9FF6063007082
S32580041D20910000C7D9CC646314CF007009FFC00861009301007009FFC20861008E0100709B
S32580041D4009FFC40861008901007009FFE408610084010070A851269109EFCA0826F9007077
S32580041D60910000F7D9FF587314FF0070910000F7DA01E9FF5C730070911000F739FF8CDB6A
S32580041D800070911000F7DA01E9FF280C0070B75F85F196040070B74F85F196040070B76F08
S32580041DA085F196040070EE0591100027F921427BB4F1007040EF09FF4304911000C7D9CCE7
S32580041DC0586B007037F0010249EF0A0A14FF09C16D080070910000F7D9FF5C6300709110DE
S32580041DE000C7D9CCC47B007091100027E9283C0C345834480070910000F739FF7C530070A6
S32580041E00911000C7D9CC240C34C282000070F60591100027F921447B0070404709774104BB
S32580041E2014E009D941080070BF200480C2F03C028200007026F8DA003C03C68F86F8DF0853
S32580041E40FEFF16018B0F00020070B4F214F0B7A0860034F040F209204104B7008100342001
S32580041E6040F2892282041420DA1437F08600342040F209204304B7008100342040F2892247
S32580041E80840414203B80001037108600342040F28922860440F409404704B70002003440B4
S32580041EA0142F371F86F0342FDA80ACF449F20A0AB42208BFB71F02F02CFB1420DA3337F0E9
S32580041EC086F0342FA862A872A882A892A8A2A8B2A8C249F21A0AB422142F9618342FA8E2F6
S32580041EE0A8F289F2A00889F2A20889F2A40414FF968000706100D001911000F7F9F1CC7BBF
S32580041F00911000F7E9FF340C007061006301E9285C73610066010070142FC21F342F142F60
S32580041F200070914000EFD9EE008A14EF960134EF14EFB70F81F034EF14EF960434EF14EFB9
S32580041F40B70F81F134EF14EF961034EF14EFB70F81F234EF0070147291100077D97788DBB0
S32580041F6014737613081FAE7F1450C21034501450BF300A8061004001960861004901960457
S32580041F80E9FF4C63007061001A0140EF0070144FC21F344F144F00706100790149CD180AE8
S32580041FA014DF007014707613081FAE7D61005F01BF3F0A806100200196046100290196024D
S32580041FC0E9FF4C630070914000EFD9EE008A14EFB70F01F034EF14EF960234EF14EFB70FFB
S32580041FE001F134EF14EF960834EF14EFB70F01F234EF14EF962034EF007061000F0114F0DE
S3258004200000706100390109FF420400706100340109FF41040070911000F7D9FFC47B8200E9
S32580042020B4F014F1B7A186F034FF911000F7F9F0F86B911000F759F088DB007061002C0146
S32580042040B4F1007049EF120A14FF6100B80014EF61001701007086FF37F189F0007061007E
S325800420600B0109FF430400706100C100B4F1610030010070DA1C37F185F10070910000F7B6
S32580042080DA01E9FF486300706100A00034EF00706100020191100027007091100077E9782F
S325800420A03C0C345834483468342809CF640800706100F20040C200703C03C69F86F9DF09CA
S325800420C0FEFF16018B0F000200708F1100F17E0382003C0382018210007014FFC21F34FFD7
S325800420E014FF007040F2892186043BE0379009FFC608269F007037F0017340EF09FF470463
S3258004210009C06B08007040F28921840409FFC4088FEF070100706100BA0049CD1D0A14DF10
S325800421200070911000F7D9FF586BB4F13BE0279000703C03C6F086FFEEFE8F1000F1BA0FCC
S325800421400070910000F739FF60730070911000F7E9F83C0C0070911000F7E9F8380C9110F3
S3258004216000F70070911000F7D9FF380C007037F0811340EF09FF460414D000708214910093
S325800421800027007040F28921820409FFC208269F00701440C210344014400070146FC21FF3
S325800421A0346F146F0070DA003C03C60F86F0DF00FEFF16018B0F00020070BF2F0580C2FF68
S325800421C034FF3C0234F8007061006600B4D1007061007F006100680091000027007061007A
S325800421E0960061006100827400708F1100F13AF0EA010070911000F7D9FFF86B09FF410461
S325800422000070911000F7D9FF64BB007034FF910000F739FF4C630070610052004946010A66
S325800422204942020A007061FF35FFD922CC7BB42191100047E94F340C14E0B700010034E042
S3258004224014E0B700810034E014E0B700010134E014E0B700810134E014E0B700010234E0F0
S3258004226014E0B700810234E00070145FC21F345F145F0070911000F7D9FF88DB0070BF2F27
S325800422800480C2FF3C02DA000070911000C7D9CC64BB00708F1100F17E03DA003C0382019D
S325800422A0DA010070B70F81F061001A00B70F81F161002600B70F81F234FF00709110005704
S325800422C0D955380C91100047D944F06B0070914000FFD9FF008A61001A00007034FF14FFCF
S325800422E0B70F01F134FF14FF007061FF80FF911000F7D9FFC87BB4F18254007034FF14FF23
S32580042300B70F01F234FF14FF007014FFB70F01F034FF14FF007061FF33FF392174637F1FE3
S325800423200480C22F34FF14FF007034EF40EF09FF410461FF2AFE09FF420461FF26FE09FFE7
S32580042340450461FF22FE09FF460461FF1EFE09FF430461FF1AFE09FF440461FF16FE09FFC9
S32580042360470461FF2CFF49EF080A14FF61FF27FF49EF090A14FF61FF22FF49EF0A0A14FFDC
S3258004238061FF1DFF49EF0B0A14FF61FF18FF49EF0C0A14FF61FF13FF49EF0D0A14FF61FFCB
S325800423A00EFF49EF0E0A14FF61FF09FF49EF0F0A14FF61FF04FF49EF100A14FF61FFFFFE32
S325800423C049EF110A14FF61FFFAFE49EF130A14FF61FFF5FE49EF140A14FF61FFF0FE49EF0B
S325800423E0150A14FF61FFEBFE49EF160A14FF61FFE6FE49EF170A14FF61FFE1FE49EF180A24
S32580042400007061FF1DFE911000C7D9CC300C34CF007061FF3FFEF921CC7B91100027E92FAD
S32580042420340C007009CFD80861FF17FE007061FF07FE911000D7D9DD300C34DF007061FF13
S32580042440D6FEB4F18200007091100077D97788DB097042047613081FAE7D61FF08FFBF3FBD
S325800424600A8061FFC9FE961061FFD2FE9608E9FF4C6314EFAE7761FF8CFDBF3F04808F00F4
S32580042480410109DF6D08AE0761FF8AFEBF3F04808F00420109DF6D08AE1761FF3FFDBF3F66
S325800424A004808F004401347000707613081FAE7D61FFDDFEBF3F0A8061FF9EFE964061FF56
S325800424C0A7FE9610E9FF4C63092F6B0800702E12AE7D61FFCCFEBF3F0A8061FF8DFE968057
S325800424E061FF96FE9620E9FF4C63142F0070DA1437F185F19604007026F9DA0061FFDEFD94
S32580042500007061FF51FD6F200D8061FF42FDBF3F0980911000F739FF88DB9680E9FF88DB3D
S325800425206F400A8061FF3CFEBF3F068061FF70FD960234FF007061FF37FD6F100D8061FFB2
S3258004254028FDBF3F0980911000F739FF88DB9640E9FF88DB6F300A8061FF22FEBF3F0680C4
S3258004256061FF56FD960134FF007061FF33FE8205E9255C7361FF35FE007061FFEEFC6F2211
S32580042580088061FF08FEBF3004808F2340316F420A801460C2103460146FBF3F04808F8301
S325800425A040313473007061FFD8FC6F12088061FFF2FDBF3004808F1340316F320A80146058
S325800425C0C2103460146FBF3F04808F4340313473007091100047D947407B092FC008B47FB6
S325800425E061FF0DFD37006111007091100047D947427B092FC008B47F61FF01FD3700E11050
S32580042600007061FF1DFD91100027E92F300C007061FF32FD9604007091100027D922586B9B
S325800426208921AA0861FF4CFE14F037006113007061FFA6FD392074637F0F0480C22F34FF82
S3258004264014FF0070147F911000F7D9FFF86B14F12E491450C21034501450BF3004808F115A
S3258004266040112E1761FF97FDBF3004808F0141112E291460C21034601460BF3004808F0149
S32580042680421134F1007061FFB7FD960261FFC0FD9601E9FF4C63007061FFE8FC61FF04FEBB
S325800426A0DA0A007091100027D922447BB42161FF07FE081F007061FFD9FC960261FF10FEAE
S325800426C0960861FF1DFE962034FF3B400140007061FF1DFC0285007061FF89FDB4D18200E5
S325800426E0007061FFD3FC8200007061FF1CFC3BA00040007061FF17FC3B400140007061FFBD
S3258004270012FC8254007061FF60FC8264007061FF5CFC82540070911000F7D9FF3C0C61FFB3
S32580042720DEFC007061FFF3FD61FFBEFDDA0D0070911000D7D9DD586B49DE2C0A092FC008B5
S32580042740B4EF61FF5CFC3700E111007061FFD4FB61FF0AFD14E0007061FF20FC960234DFDA
S325800427608200007061FF93FD49CD190A14DF8200960134DF007061FF8FFD911000D7D9DD0B
S32580042780C87BB4D1911000E7D9EE300C34EF3BE001400070911000F7D9F7766BB47161FF9F
S325800427A03DFDB9FF766B161E007009CFDC0861FF54FC0070911000F719FF88DBEE06911094
S325800427C000F7B9FFF86B6E0361FF5AFC0070910000F7D9FF4C7314FFEE1891100027D922CB
S325800427E08CDB34284024894801044024894802048928030491100027D922804BC5041900EF
S325800428002428FC4FDA0134FF8254007061FF8BFC911000E7D9EE64BB09EFC0082691269FB2
S32580042820007061FF09FB911000F7D9FFD87B007014DF8200B70F81F034DF007009CFE40814
S3258004284061FF0BFC007014DF8200B70F01F034DF007091100027D922380C081F007061FF6A
S325800428601BFD911000D7D9DDE87BB4D1007061FF13FD911000C7D9CCEC6B34CFEE059110C5
S3258004288000F7F9F1407B911000F7D9FFC07BB4F10070DA1637F185F196040070142FB70FB1
S325800428A001F0342F142FB70F81F0342F142FB70F01F1342F142FB70F81F1342F142FB70F18
S325800428C001F2342F142FB70F81F2342F007061FFDDFBDA030070910000F78205E9F55C6398
S325800428E0910000F7DA01E9FF5063910000F7E9F56463910000F7E9FF54633B00024000700F
S3258004290061FFF2FB09E0C608269000707B802C244B2F01F02E0B8B8062F242F037006800E4
S32580042920DA283FF0068082113C03820102100070DA1D37F185F1007061FF30FB964034DF06
S3258004294082000070911000D7D9DD64BB49DC180A14CF8200968034CF0070911000F7F9F1F7
S32580042960786B91100027D922380C39FF786B007061FF14FB960434DF82000070911000F7B2
S32580042980D9FFA43B0070B70F81FF91000047194000134B0F01F000706B0131F2B70F81FF6C
S325800429A04B6F01F016060070BF280480C2F83C0282080070BF290480C2F93C028209007099
S325800429C09A20BB00A61E0B01300186100070C21FB42F092FC0080070910000F7911000276D
S325800429E039FF6873E92F3C1C9100002791100047392F6C73E94F002C9100004791100057AF
S32580042A00394F7073E95F042C9100005791100067395F7473E96F082CDA00E9FF6873E92F99
S32580042A206C73E94F7073E95F74730070DA00F6476100380059FFEC0BDA023C0661003900BC
S32580042A4059FFF40BDA03910000F7E9FF7873910000F7DA00E9FF5483910000F700709100B3
S32580042A6000F791100027392F3C1CE9FF6873910000F791100027392F002CE9FF6C7391004E
S32580042A8000F791100027392F042CE9FF7073910000F791100027392F082CE9FF747300705F
S32580042AA0911000F759FFE80B911000F70070911000F759FFF00B911000F7007009F1D008DC
S32580042AC06B0F31F04B0161114B1F41F04B3F51F06B0F31F000709211BBE0FF3F0BF350F1E7
S32580042AE0BBF0FF3F6A31B42100703701700091000027192FE0F24B006101007074FF9100E8
S32580042B000027192FE8F200706CF291000027192FE4F27B00F803007089F0101889F0111815
S32580042B2089F0121889F013180070911000F7D9FFB8EA00706B0421F267FFBFFF007091200B
S32580042B400048D944A8223B400150007091100027392F2C2C0070FF2F0480DA003C02C2FFFD
S32580042B60B42F00703B6009403FF404008B0F40430070CEB67B0000485AB43FF20C008EB8F8
S32580042B80BBF0FF4F9BF4FF475AB43F2F04000B2B0040007009FFD438910000F7B9F03C8373
S32580042BA000706E04A042A4F8FC2F0070C5041D0084FFA42FFC4E007009F4C0083BC000508A
S32580042BC0007084E449F2020AB02FA0848420420437045040FC4C3BA000500070BBF0FFFF08
S32580042BE09BFFFFF700703BC00060029400707FFA040002AF3C030B9FA0F10070BBF0FF0F19
S32580042C009BF0FF070070EE05C2108BF00FF33C02DA00007009FFC0088B8F00F006CF007040
S32580042C20911000F7D9FFF0AB0070E9F270C3910000F791000027392F60C3E9FF74C3910006
S32580042C4000F70070E9F278C3910000F791000027C92F0CC3F9FF0CD30070911000F7D9FFAF
S32580042C6090BB007061000C0091100047D94484BB0070911000F7D9FFB44B00709110002747
S32580042C80D92290BB007091100027D92244FB0070911000F7D9FF44FB8F8F3F000070911065
S32580042CA000F739FF58BBEE56911000F7D9FF44FB14F0081F8F80200009F65008420F08202B
S32580042CC0370F5010083F8F80200009F9520812020840085F8F80200009FB54081203086023
S32580042CE0087F8F80200009FC550812040880089F8F802000120508A008BF8F8020001207F0
S32580042D0008C008DF8F802000120808E008FF8F802000120A09F051088F86206009FF5808A8
S32580042D20426009F653088F892090429609F959088F8F20F042F909FF5D08370950D009F9D2
S32580042D405C088F892090429F370F509002DF029E3C1182010B1110280B111048021702186A
S32580042D60021A02100216021B0B1110C80219021F021E61FF80FFA82EACF1911000F7F9F93A
S32580042D80D0DB911000F7F9FDCCDB911000F700701E1791100027392F0C4CDF1F2380DF0183
S32580042DA02180821191100027E921004C023291100027F922CCDB91100027F922D0DBA81231
S32580042DC0A82261FF62FF892318088923190889231C0889231D08021091100027E9230C4C66
S32580042DE091100027392F004CEE05DF11048002318212007061FF44FF942F61FF4BFF34F0FB
S32580042E002CF18C218F8F3F0028202CF38C228F8F3F0028402CF58C238F8F3F0028602CF74F
S32580042E208C24911000278F8F3F0028802CF9D92284BB007091100027E923084C91100027CC
S32580042E40E923044C61FF21FFC50415002423FC4F91100027F923D8DB91100027F923D4DB72
S32580042E6091100027F923C0DB0070F9FF00D3910000F791000027C92F10C3F9FF04D39100A3
S32580042E8000F791000027B92F14C3F9FF08D3910000F791000027392F5CC3E9FF6CC39100F8
S32580042EA000F700708C218F8F3F0028C02CFD8C228F8F3F0028E02CFF8C238F8F3F0089F043
S32580042EC0100889FF11088C248F8F3F0089F0120889FF13080070910000F791100027C92FB4
S32580042EE0040CF9FF24C3910000F791100027C92FF0FBF9FF28C3910000F754CF7B000C040D
S32580042F004B0F41400070F9F22CC3910000F791100027C92FF8FBF9FF30C3910000F70070E4
S32580042F20C21F370F70F00070ACFF89FFA20891100027392FB09B3B803E00BA1FAA0089F0C3
S32580042F40A008007061001B0061000C00DA0034FF0070014000F6C21014F13A1FAA120070D6
S32580042F60A002E86291100027D9229849E81291100027D922843BE8420070911000F7D9FFB1
S32580042F807CDB0070821809FFC8080070C21F370F68F0007061000B00CCC1007034FF094228
S32580042FA08409CC510C212CF10070C81409C28409144F9640342FC81F09C28409081F2C21A0
S32580042FC00070CC51DA7161FFEBFF09428409CC510C222CF2CC4109528409083F2C23007009
S32580042FE061FFDAFF28280070C8120C23092546088F0F01000C248F8F00F0A6F00C250FF026
S32580043000A0400070CCC109D28409081F2C21DA02ACD4007061FFCBFFDA00007082083B3038
S3258004302001400070CCD1DA6734FF09C28409CCD10C212CF1007009C04108DACC00709100DC
S3258004304000F7B9F25C038F823F300070910000F7B9F260038F823F3000703BF00F107F1096
S325800430600480C2103C0202100070911000F7D9FFD84900708F803F1089F13AF889F03BF8F9
S32580043080007040F2BBF0FF0FC5041000402509CFC0081452C60F912000588F8F3F10D9558E
S325800430A0F402C62FB01216FF5055095FC008C6F1C601B4C1FD40EC7F0070910000C7820505
S325800430C0910000F78224D9CC48133B001060D9FF1052B4C540F400708F5120F01024144FAF
S325800430E07E05DA054BF111223C0AF615142FEE0382033C05C211DA054BF1012234F3865319
S32580043100012300F634F0DA002CF12CF22CF32CF42CF52CF62CF72CF82CF92CFA2CFB2CFC6F
S325800431202CFD2CFE2CFF91100027C920E4DBBB0000184210868089F0100889FF110889FF32
S32580043140120889FF130889FF140889FF150889FF160889FF170889FF180889FF190889FFB9
S325800431601A0889FF1B0889FF1C0889FF1D0889FF1E0889FF1F08007014F0DAFF7FF0038003
S325800431809A1034FF910000F739F09C1300703B00201114F03F1F06803B0060117FF1088000
S325800431A08211DA1E7FF00980C2203C068201ABF01F003700680034F00070911000F7D9FFFE
S325800431C0640A09FFCA0891000027B9206403007053DF2C008F503F00610007008F402010D2
S325800431E0370168100070914000FFD9FF000A0070911000FFD9FF00020070820091200028BE
S32580043200D922D4C291100067D966EE3AC50724000070912000F8D9FFD4C291100027D922EA
S32580043220EE3AC50624000070014000F6542F8F0F1FF034FF542F068F2CF10070D4FFD4F2A5
S32580043240610083008200610028040070DA01E9FF8C40E9FF8B4019F5A63059F5A2300070CB
S3258004326009FF5C086E04481F3A3FAA110070D9C4B6300941C008820001C103F60070910008
S3258004328000F799FF085300707B1000F059FF94300070BBA053FF9BFFFAFA0070082F8F8F43
S325800432A02000081F0070D4FF09FFD4080070D4FFD4FFD9F448300070D4FFD4FFD9F4405048
S325800432C00070370070F08F3F2000370070000070D4FFD4FCB9C02880B9CFAE30A2F061FF3C
S325800432E0F2FF6E163B0020100B4180C00B0C30F16A0C8FF51FF1A2F17FC10B801B052000F8
S325800433000B3050F1820261004A04022F2A1C01C400F60254D9F4483002C500708201C81411
S3258004332009FFD4083C06C211370170104944080A0942C4087FF104805F02F7FF3AF1BBF07B
S32580043340FF0F2A01007009FFD408D02F49FF001A0070281289F22108282189F12208681042
S32580043360689076136CF36CFB0070194F04B0D94F483092108F5520F0104209215C0800706A
S325800433806100100049FF080A0070865F10FF09FF5C080070DAC6A06289FF0800FC2E0070CC
S325800433A0C21037007000007061009903DA0061002F040070D4FF3B000100D4FFD9FF834042
S325800433C014FF0070D4FFD4F2DA0FE92F8340C86F0070D4F58B0020F28F0F01F0D45F42F280
S325800433E00B42801061000B046E08481F3F4F06800BF250F1866FA2F68B0640F3370F70F0D0
S32580043400B9202880A20F8F3F20004C547AF0AA7900701920803061FF3EFF592F4050610066
S32580043420C903592F4450DA08592FA6308B8007400070D4FF7B1000308200D4FFD9F28430B6
S32580043440542519FF80300B355011865101F100F68FFF1F4109FF5C08B70509206E04481F29
S325800434603A2FAA1076051B052000B700095074253B8000C00070092FD40819CD8030D0CF07
S325800434808FFD1FC119CFA230B70D0940D9CEAA3042FC09EFC00849FF001A10C20BFC800035
S325800434A0D9CD24808B0024E3D924483042F48FEE1F500070DA00B4EFD9C2A23019CF843019
S325800434C05420420F59CF843019CF80305420420F59CF80305420B9CFAE3006D0420FF9CFC3
S325800434E0AE3009DFC408B9C0AE30C21F0070D4FFD4F261FF2AFF02906100CF020070D925B4
S3258004350080307B100020545482000B2450F1865F102FB70409106100070376051B0420F01F
S32580043520B70F09407454B92FAE300070D4F2D42419408030D94F24808FF01FF119418430C4
S32580043540104519504830B95F4E30068074F1B70F91F7A830ACF2DA012CF819C48430007066
S32580043560D4FFC5023F10D4FFD9FF4830007061000D03370070F00070D9C2B830092FC0084A
S32580043580D0FF086F96042CF639CF854090C454FF594F3C8019CF903074FF61001C03DA1042
S325800435A00070D4FFC81209FFD4083C06C211370170104922080A0922C4087FF104805F02EA
S325800435C0F7FF3AF1BBF0FF0F2A01007001F103F6086F96042CF639CF854090C254FF592FD4
S325800435E03C8019CF903074FFB9CFB630C21FF9CFB630DA010070DA083E03DA097E03DA01C0
S325800436003C02DA0000708FF41FF1EE070940C608F920BE30E9288540B920AE30F6035924EF
S32580043620903000707B100030194480308200394F92400B345051007061002F02DA100070F0
S3258004364034F839C08040370061018F108001065001C000F6685A6100B9026CF60070D4FCB5
S3258004366010CF14F0F607029059C09830E9C8944010CF7B10000019C18030007061FF01FE25
S32580043680D4FF00700B045021865201F200F6B704093061FFE7FD007001C003F649FF001A58
S325800436A0086FAE54B70F83F12CF661FF7BFE007019CF883019C0A230420F59CF8830007076
S325800436C0D4FF3B000100D4FFD9F28340142F0070D42CB9C02880B9C1AE30A21061FFF3FDC2
S325800436E00070D9FF834014F0DA10007009D0C608B9CFBC303E03E9C8924009D0C60839CF49
S325800437008340007049FF001A3C0B086F2E14AE2382103C06C2113701701049FF080AF60505
S32580043720092FD4085F1FF3FFB441007019CF04B03B900520D9CF483092104CC109C15C088D
S3258004374034F20070E9CF834009DFC608F9CFBC3039CF8540C21FE9CF8540007061002F0237
S32580043760345FDA02007039CF2080B70F81F0E9CF20800070B70F09F059CF80300070484F9B
S32580043780FF2F058090F2892A0809484FC21F6CF4007061FFFCFD6E04481F3A2FAA11007098
S325800437A061FF6FFDD4F20070D4F2DA0FE92F8240C86F007002A4D9F448303B000250007065
S325800437C0D94F503061FFE8FDD94F484091200028D922E8E2A0C5442F64FFFC5ED94F7C40AB
S325800437E0D9424830DA00C5051C0044214BF130F0FC5D74FF594004B00070D4FFD4FF19F2F1
S325800438008C30D9F548B08FF21F110070282128358F851FF02CF48F051FF02CF50070D0CFBF
S32580043820820009FF001959CF8430F9C0AE3000708FF21FF16E051B0220F0B70F09200070E8
S32580043840DA01E9CF8C40E9CB8B400070D4FFD4F4D94F8C4014FF0070D4FFD4F2D92F8C4011
S3258004386014FF0070D9CF834014FF3B0001000070DA01342FE9FA8B407B10005019F480308D
S325800438800070DA01342F6100A10159FF80300070D4FFD4F2B920BE306100410149FF001A10
S325800438A0F921B6308200D92485403C13086F2E2AB70F01F12CF601200256195F3C8074FF22
S325800438C03C04B70F81F22CF649FF080A61FF6AFD144F3FF0EDFF3448D9CF83400070D4FFFA
S325800438E039FF804096209602E9FF8040007061FFCDFC59FF8430DA000070DA0059FF94306B
S3258004390059FF84307B1000F0007009FF5C086E04481F3A3FAA12007061FFC2FCA6F00B5627
S3258004392000700070DA6534FFDAAF2CF1DAF52CF22CF3007059C28030E9C89240D9CF8340D0
S3258004394014FF0070D4FFD4F2D9242480D92F8C4014F00070DA0134FFD9CF834039CF854092
S3258004396014F100703B5091F010F4144FC2FF370F68F00070D4FF8B0020F28F0F01F0D4FF34
S3258004398042F30B43801061003A016E08481F3F4F06800BF350F1866FA2F68B0640F3370F27
S325800439A07000DA40007039CF944089FF1C0819CF98306CF1007019CA80303B000250D9C4C1
S325800439C0483002A400701B0F20F0B70F09F00070392F8040B70F01F2E92F80400070D4F277
S325800439E0DA01E92FA030E92F82400070D4FFD4F2DA06E92F8640C86F0070D4FFD4F2012474
S32580043A0003F609FF00150070D9CFAA3009FFC0080BFA80000070B9CFB830B9C0BA300B0F62
S32580043A203001007061FF41FCB9C0B830420F0070D4FFD4FFB7040910865501F500F66100FA
S32580043A407300020F6E051B0420F0B70F094059448030394F8040370F61F18F1F80010070DB
S32580043A60392F8040370F61F18F1F80010070D4FF394F8E40D4FF0070D94F4830C5023F103B
S32580043A80007059404050594044500070D4FF392F8E40D4FC0070D924BA30094FC0083C03D7
S32580043AA061FF70FC7FF00880B9212A8009F2C4085F21F8FFC2FFB44FD922BA303C0A09FF00
S32580043AC0CC08ACF2482F89FF080161FF6BFC4024094FC0083FF0F5FF007061FF3CFCD9CFC4
S32580043AE0503061FF59FCD9CF484091200028D922E8E2A0C4442F64FFFC4ED9CF7C40D9C2B6
S32580043B004830007061FF33FC4C213B90052034F23BE0012061FF1FFC007061FF01FC01217B
S32580043B2003F6007009FF5C086E04481F3A1FAA100070D4FFD4F261FF08FC3C0361FF22FC10
S32580043B40B92FBA307FF0088009FFC408B921BE305F1FF6FFF920B8308200D9248540D922C3
S32580043B603C803C0C086FB70F01F12CF601200256545F89FF080161FF15FC144F3FF0F4FFB3
S32580043B803448D9CF8340007082203C0461FF0AFCC29FFF7FFDFF8A100070865F10CFB7009C
S32580043BA0090009FF5C086E04481F3A0FAA120070BB505FFF9BFFFAFA0070DF100580AE43EC
S32580043BC0DA093C02DA0800701B0A20F0B70F09F00070092FC008C21FB42F0070D4FFD4F2B7
S32580043BE061FFB3FB02800070D4F2D42FD9F4B6300941C00801F103F60070865001F000F695
S32580043C00DA084BF1016209FF5C080070C5041C0044214BF130F0FC4D00706100E0006100BC
S32580043C20BC00142F5E12342809FF5D08007054EF3B008000260F6E04821089F01F0809F082
S32580043C405F08007054EF7B002000260F6E04DA0189FF1E08483F00706100C100142F5E3209
S32580043C60342809FF5D080070802F74FF54EF7B000200260F00706100B200142F5E423428A8
S32580043C8009FF5D080070911000C7D9CCF45BD4CF007009FF5B08960489FF1B080070D4CF8B
S32580043CA0D4FFDA0089FF1A08007082087B00F00A42407B1000F00BF450F10070DA0089FFA5
S32580043CC018080070D4D23B8001008215D4224C237FF005804C21161F6E028205029440F415
S32580043CE000706E04821089C01F0809C05F080070D4DFD4FF09FF5B08960289FF1B08007012
S32580043D0099FFF45BD4FF00708B0420F28F0F01F07B00F00A420F007054F0481F4821A6F0DF
S32580043D204832A601A62100707B10F01A3A1F8F0F01F042F064C00070D4CFD4FF49F21C0A87
S32580043D4009FF5B080070D4DFD4F2DA02892F1A08C83F0070610035005E2389F81D0800702B
S32580043D60D4D23B8001108210D4224C237FF105804C21161F6E028200DA08AB0FA210481F12
S32580043D808200421F6CF1483FA21F6CF3C85201210026E852007009FF5B08B70F81F089FF7C
S32580043DA01B080070DA0189FF18080070892F1A08C84F0070911000F799FFF45B0070610042
S32580043DC00E0009FF5B08B70F01F189FF1B08142F5E22342809FF5D080070D4DFD4FF49F2C0
S32580043DE01C0A007061FFB8FF61FFDEFF007054EF3B000003260F007009FF5908092004091A
S32580043E00EE0309200809482F0070D4DFD4FF89F81A0800709100802F192F10027B00020056
S32580043E20260F0070DA02D4F261FFC2FF0070BB00A5FA7B00F01A5F1406806100190074F169
S32580043E403C06610015007B10F0FA74FF61001500DA0874FFBB80AAFA61000A000070DA19C0
S32580043E603FF80580DA0189CF20080070B704100042F0600F0070B70410F0BB80A50A420F5F
S32580043E8060FF00708FB320F010C28F9420F0102F0070911000F799FFF85BC82FC8D200703F
S32580043EA06100240001F3022682104C2B0F20000026F000703BF0CF0054FF9BF0F107260F14
S32580043EC0B71F01F574FF007053C120F0C8CFC2113701681010F2142F0070C2123702682021
S32580043EE0DA200B2400000070911000F799FFF85BC82F007061002E008FBF20F010FF8670C3
S32580043F0001F000F6007048BF96016CFBDA01342F0070F61382253C03BA21AA350070911053
S32580043F200027D9228CAA0070088F08A042F0089F42F008BF42F00070DAFF37F1081437F137
S32580043F400810FF800680B7010810370108140070910001FFD9FF00010070D42F10FF086FC3
S32580043F608F3F00010070911000F799F2FC5B007037F00804370F681837100808007053C4B7
S32580043F8021F061FFECFF82452E46F60382053C0882153C06F60382253C03BA20AA35085073
S32580043FA00070911000F7D9FF8CAA007061FFC6FF8FC103F1007061FFB9FF370068500246C9
S32580043FC0007061FFD7FF370F681C3710080C00708BCF00F061005300D4F2C814C82561002E
S32580043FE05900BBC0FF4F5423BB00F00F0F4380F026F061006600A6F0544F61001B00544FED
S325800440002E84544F61004100A6108F1040F15420024126105441B7011010A610745082F152
S32580044020C61074F0742FB72F02F0742F542F00702E75610036000F418000B7031010007057
S32580044040B70010007BC0FF1F26F8A21042F0A609B7090E0161003500A6F8A6808F3040F1EC
S325800440600070BBC0FF4F0F4380F0BB00F08F0F8F800061002600A6F00070912000F8D9FF55
S32580044080BC1310FF007082F1C61FB70F10100070912000F8D9FF942310FFC82F00708F104D
S325800440A000108FF01FF08F501F20C62F8F401F20C62F8F301F00C60F1604A6F1007016FCDC
S325800440C082F1C61F16FC00708BCF00F061FFD7FFD4FCC81DC82E61FFDDFF54C361FFC3FFDC
S325800440E054DF61FFA7FF54DF2E8454DF61FFCDFFA6108F1040F174CF82F154F0B70F1098CB
S3258004410054EFC610007054EF54D061FF9BFF74CF54CF0070542F2E84542F61FFB6FFA610D2
S325800441200070913000FFD9FF303600703C02C2FF54F08F101E007602EEFB00703C02C2FF47
S3258004414054C08F101E007602EEFB007073980AF04BFC11224BA211028B0B04F1E2F006A0B1
S32580044160E2D006F0007054FFB70F0AF074FF007054CFB70F07009AF9A6F074C00070D4D244
S3258004418014CF530F25F0D42210220070D4DF14EF530F25F0D4FF10FF0070913000FF19FF4C
S325800441A03006007082EF913000FF0070910000F739F24CD3007049F4150ADF044680610086
S325800441C0F80189FF16086100140189F0170889FF18086100150189F0190889FF1A086100E4
S325800441E0160189F01B0889FF1C086100170189F01D0889FF1E086100180189F01F0889FF6F
S3258004420020086100190189F0210889FF22086100250189F0230889FF24086100260189F03D
S32580044220250889FF26086100270189F0270889FF2808C5021300044F42F237026820FC2CDE
S3258004424089F229083C0791200028D922AD456100C00049F42A0ADF0546806100AA0189FF4F
S325800442602B086100C60089F02C0889FF2D086100C70089F02E0889FF2F086100C80089F0B8
S32580044280300889FF31086100C90089F0320889FF33086100CA0089F0340889FF35086100F5
S325800442A0CB0089F0360889FF37086100D70089F0380889FF39086100D80089F03A0889FFF5
S325800442C03B086100D90089F03C0889FF3D08C5021300044F42F337036830FC2C89F33E082F
S325800442E03C0791200028D92282556100720061005801910000F7E9F35CE3910000F7E9F2B3
S3258004430058E3910000F7E9F154E3007061003300B42391000027D922D0D2007009FF7A0815
S325800443206100330209F37B08A63F007009FF7C088F8F00F026F409FF7D08A6F400706100DD
S325800443407401B423007061007601F92018F3007009F0C20809F1C408007009F0C00809F1F7
S32580044360C4080070420F06FFF9FF0CF3910000F7007008AF6100200208BFA6F30070096FB0
S32580044380C0080960C208420F0960C40861000702007061009A01892F820400706100E2014A
S325800443A0096FC2080960C4086100D501097FC2080970C40861FFD8FF007061007E01892FEF
S325800443C08204007061006201892F82040070C5051400042F244FFC5E0070C5041300042F8E
S325800443E042F237026820FC4CBB00F04F007091000027B92F08F38F8F3F000070910000276C
S32580044400B92F0CF38F8F3F00007091000027B92F10F38F8F3F00007091000027B92F1CF33F
S325800444208F8F3F00007091000027B92F20F38F8F3F00007091000027B92F24F38F8F3F0091
S325800444400070610052000960C408610053000970C40861FF89FF007091000027B92F28F36E
S325800444608F8F3F00007091000027B92F14F38F8F3F00007091000027B92F18F38F8F3F0069
S32580044480007009FFC408A2F400706100EF00B42F007061005201420F0940C40800706100BA
S325800444A0ED00B42F007061002801820200706100B700421009F1C40842100070910000D75A
S325800444C0D9DD24F30070610010000960C208610011000970C20861FF47FF0070910000E72E
S325800444E0D9EE28F3007061003D01096FC008007061003101097FC0080070420F82324B2FBF
S325800445001102F9F004F3910000F7007009FF650861003B0109F36608A63F007009FF6308E2
S325800445206100330109F36408A63F007009FF610861002B0109F36208A63F007009FF5F0877
S325800445406100230109F36008A63F0070095FC0080950C208420F0950C408007042F0910097
S3258004456000D706F0B4C0D9DD28F3007089FF3C0889F43D08C5041300042F42F53705685067
S32580044580FC4C89F53E0861000C00910000F7DA01E9FF68D300706100C900B4D00070910073
S325800445A00027392F4CE3C21F89FF3F0800706100E50034400070910000C7D9CC24F30070E5
S325800445C091000027D922E0D2007061004A00343F4042007009FF7E080BF210F1007061000F
S325800445E0D40009F36B08A63F00706100CE0009F35608A63F0070086F6100DE00087FA6F3E5
S32580044600007061FF44FF91000027D922E8D20070088F6100D100089FA6F3007009F0C008E6
S3258004462009F1C208007008CF6100C60008DFA6F3007009FFC00809F0C208420F09F0C40825
S325800446406100AD000070082F6100B600083FA6F30070084F6100B000085FA6F3007009FFD4
S3258004466054080BF010F1007009FF500861008D0009F35108A63F007009FF520861008500A8
S3258004468009F35308A63F007009FF670861007D0009F36808A63F007091000067D966E8C2ED
S325800446A061FFD3FFB46391000077D977F0C261FFD2FFB473007009FF5D086100660009F325
S325800446C05E08A63F007009FF5B0861005E0009F35C08A63F007009FF57086100560009F39C
S325800446E05808A63F007009FF590861004E0009F35A08A63F0070C5041300042F42F1370136
S325800447006810FC4C007061004A00F9F010F3910000F7007061004B00420F09D0C40800703E
S3258004472061003700B44300701A0309F0C40842F04B2011020070910000F7094FC0080940FD
S32580044740C2080070420F06FFF9FF1CF3910000F70070420F06FFF9FF08F3910000F70070FF
S32580044760420F06FFF9FF04F3910000F70070910000F7D9FFA082007091000027B92F04F3E9
S325800447808F8F3F0000708F8F00F0264F007014FF61001200081FA6F30070420F4B2F11023B
S325800447A00070A63F892F8204007009DFC00809D0C20800708F8F003026430070421006F03A
S325800447C0F92014F391000027007061FFBEFD910000F739FF44E35E14C25437047040007022
S325800447E061000C0349F7150A407261FF5EFE49FC2A0A40C261FFF3FD610090026100A3022E
S32580044800007061000F0382053B0004600070A63F89FF8404007009F3C00861FF51FE09F0C4
S32580044820C20861FFBAFE61FF5BFE00702CFE28FD91000027B92214F38F823FE089FE10082B
S3258004484089F2110891000027B92418F38F843FF0007061FF75FE892F8204007061FF68FEA1
S32580044860892F8204007061FF5BFE892F8204007061FF4EFE892F8204007009D4C00861FF3A
S3258004488002FE007089FF120889F4130840F2C50413000421421037006800FC4C89F01408E3
S325800448A049F2150A007061FF69FF34F02CF161FFA0FD28202CF361FFA3FD28402CF561FF4E
S325800448C0A6FD28602CF761FFA9FD28802CF961FFACFD28A02CFB61FFAFFD28C02CFD61FFB8
S325800448E0BDFD28E02CFF61FFC0FD89F0100889FF110861FFC1FD89F0120889FF130840F26C
S3258004490061FFFBFE89F11408007061FF11FD89248404403C61FF60FE89CF02040070A63F1E
S3258004492089FF8204007089FF270889F42808C5041300042F42F337036830FC4C89F3290800
S3258004494049F22A0A007061FF00FD09D4C008A23400700920C408420F06FFF9FF20F30070E0
S3258004496061FF2BFE09F0C40861FFFAFD007061FFA7FD09F0C40842F006F0B4D061FFB0FD16
S32580044980007034FF910000F7E9F55CE3910000F7E9F358E3910000F7E9F054E3007061FF3E
S325800449A088FD4B201102B4E0910000270070092FC0080920C208420F0920C40861FFEFFE28
S325800449C0F9F020F3007061FF66FD61FF98FD61FFBFFD61FFE4FEF9F008F3910000F761FFFF
S325800449E0D0FCF9F00CF3910000F76100CC0161FFD6FEF9F01CF3910000270070421006F027
S32580044A00F92018F309C4C008A2F40070421006F0F92018F309D4C008A2F4007061FFA9FE2F
S32580044A2034FF281691000027B92708F38F873FF0007061FF00FEF92020F30070910000F7B1
S32580044A40D9FF00632822281134F0007009FF7F08E92F4CE3910000F7D9FF006340F2892204
S32580044A600204007061FF6DFC91000027D922D8D2007061009401B42361FFA4FD00709120B1
S32580044A800028D922984540F461FFA3FC00706100EF01892F8404007061FF03FD91000037C0
S32580044AA0D933046361FF93FD147F61FFA0FD61005D0140D261FF6FFC40E261FF80FC00706F
S32580044AC06100DE01892F840400706100E101892F8404007061FF24FC892F84040070092F01
S32580044AE0520861FF52FE09235308A63FB4FF00708200910000F7B9F604F3020302058F86C2
S32580044B003FF00070910000C7D9CC54D3910000D7D9DD58D3007009FFC208A2F4007009C0EE
S32580044B20C40861007801007042109100002706F0B4D00070092FC0080920C208420F06FF98
S32580044B40F9FF20F3007061FF3FFC09FF690840370BF110F1897F0104404214CF61FF41FDB8
S32580044B60892F8404405261006301892F8404406261006601892F840440D261006901892F95
S32580044B80840440E261006C01892F8404007009E4C00809CFC008A2F4007009E4C00809CF7B
S32580044BA0C208A2F4007009E4C00809CFC408A2F4007009D0C40861002E01007042109100B4
S32580044BC0002706F0B4E000702CF2283791000027B9280CF38F883FF000702CF4285891002E
S32580044BE00027B92910F38F893FF000702CF6287991000027B92A1CF38F8A3FF000702CF81F
S32580044C00289A91000027B92B20F38F8B3FF000702CFA28BB91000027B92C24F38F8C3FF0D9
S32580044C20007009F0C00809FFC20842F009FFC40842F04B201102F92014F3910000270070E9
S32580044C402CFC28DC91000027B92D28F38F8D3FF0007089FF230889FD240889FE250889F296
S32580044C602608007089FF380889FD390889FE3A0889F23B08007061FF7CFD91000027392F8D
S32580044C8040E3007009FF550861FFB1FC007009FF6A0861FFA6FC00709100002709FF7F08E2
S32580044CA0E92F4CE3910000F7007061FF78FDF9F01CF3910000F70070062F8F4F0031142FDF
S32580044CC0061F1602A6F3007009FFC008A2F400706100940049F2150A61FFE7FB49F22A0A2E
S32580044CE061FF7DFB00700BF110F1892F010400709100007709FF7F08E97F4CE30070910089
S32580044D0000C7D9CC64D3392F50E30070DAFFC5023F0024FFFC2F007091000047D944E0C227
S32580044D2061FF00FD91000057D955E8C261FF8DFCB45391000067D966F0C261FF8CFCB463F4
S32580044D400070910000D7D9DDF8C261FF56FCB4D3910000E7D9EEC0D261FF5CFCB4E3910097
S32580044D600027D922C8D20070892F8204405261FFB4FC892F8204406261FFB7FC892F82046C
S32580044D80007061FFC9FC61FFC0FC09EFC00809E0C208420F09E0C408007008EF61FF0CFD8F
S32580044DA008FFA6F3007091000027D9227CD3142F82018F1F0001142F0B11102816028FFFA5
S32580044DC03F40142F16048FFF3F50007061FF97FB61FFD7FAF9F008F3910000F7097FC00801
S32580044DE00970C208420F0970C40861FFD8FCF9F00CF3910000F70070820061FFBAFC40F272
S32580044E00C5041300042F42F037006800FC4C82010070420F06FFF9FF10F3910000F70070A4
S32580044E2091000047D944A0828224007009FF6C0861FFABFC09F36D08A63F007009FF6E08F4
S32580044E4061FFA3FC09F36F08A63F007009FF700861FF9BFC09F37108A63F007009FF72083E
S32580044E6061FF93FC09F37308A63F007009FF740861FF8BFC09F37508A63F007009FF76082E
S32580044E8061FF83FC09F37708A63F007009FF780861FF7BFC09F37908A63F007014DFDF1FB7
S32580044EA04F8091100027D92264FB911000F7542F19F0C44B911000F74BF001F019F5CC4B5B
S32580044EC06F2F190074208202A0648201402F481354F44B3401F02E2374F36814C211B04F6A
S32580044EE0370168108B7200F13FF1F37FC212FD40EE7F91100027D922840B492F1C0A54FF27
S32580044F004BF001F02E0474F06100430091100027D922A40B542F4BF501F02E24742561002F
S32580044F20380091100027D922841B492F1C0A54FF4BF501F02E0474F561002B00910000F77C
S32580044F4039FF4CF30070910000F7E9FF8403007091000027392F64D300708200A064DA0052
S32580044F60402F61005602C21FB02F370F70F08B7000113F1FF87FC210FC430070910000F72F
S32580044F8019F53423910000F719F6382300708201A0648200402F481254F34B2301F02E23F7
S32580044FA074F26813C210B04F370068008B7100F13FF0F37FC211FD40EE7F0070910000F713
S32580044FC039F440F300704C624964100A54474965180A5456497C080A54C5497D100A54D4F5
S32580044FE0497E180A54E26100EC015429BB00A0AF0B09801061000201421049620C0A5421A3
S325800450007FF108800F1FC080C68174210F18C0F054280BF880106100F100121B496F140A89
S3258004502054F17F710680C617C67174F1C61754FC0B7C80106100E200496F1C0A54FF4217A1
S325800450407F6F0680C6F6C66F74FFC6F652616100D50042099110003742B8D933888B427C4F
S325800450604032421606F97439426F06F88928040506FC893C080961005200407F09FF04056C
S325800450807F3F0680C6F3C63F74FFC6F354F80B3880106100B3004213497F0C0A54F17F51DD
S325800450A00680C615C65174F1C61554F90B5980106100A4004215497F140A54F17F410680A0
S325800450C0C614C64174F1C61454FC0B4C8010610095004214497F1C0A54F17F210680C61272
S325800450E0C62174F1C61254FF5221610087004238911000374259D933988B424C40324212E4
S3258004510006F87438422F06F98929040506FC893C080961000400DA08007006FF6C33820972
S32580045120A0228208403F481F54F17F1F0980C6F174F1481FC61F6CF1C6F174F1C218B04F8D
S32580045140370870808B3900F13FF8EF7FC219FD20EA7F007049F2080A485F542061007E0123
S325800451600070DA00A03F44206B0021FFFCFD7B00E8030070DA00A07244F06B0021FFFC2DEA
S325800451807B00E0030070481F54F37F3F0980C6F374F3481FC63F6CF1C6F374F3C210B04FE8
S325800451A0370070008B3100F13FF0EF7FC211007091100027192FE04B9100002719211433BD
S325800451C0910000F759FF18336B0F31F1910000F759FF1C33007091100047D944A49B544007
S325800451E0DA00B42F4942080A542F7F0F0680C6F0C60F742FC6F000700B1A30118F010110D9
S325800452000070DA00A03209F0C200420FFC2D06EF0070487F54F06100210100706100D80017
S3258004522091000027910000F7B9203CF3BB000018F9F038D33B008000911000F791100027BA
S3258004524091100047911000579110006791100077D9FFA86BD922B86BD944887BD955987B5A
S32580045260D966A87BD977B87BA07D506EA4F0A420A440A450B4E1507EC21FB4E1FCD76100A7
S32580045280AE000070C21FB42F820500704B5001F0AE29910000F719F500434B0501F0160612
S325800452A06A050070910000F7DA64E9FF6CE30070910000F7DA0BE9FF6CE3910000F7D9FF14
S325800452C008E309FFC0080070DA0034CF910000F7E9FF44F300706100B000910000473940C3
S325800452E05CF300708F010110421091000027420F06FFF92F3CF374400070910000F7E9FF79
S3258004530068E3610095000070910000F7DA01E9FF6CE3007091100027B92FF4DB00709100C8
S325800453200077D97788031472910000C7D9CC8C0314C4910000F7DA0DE9FF6CE39110002739
S32580045340D922888B4024911000D7D9DD988B40D5BB00A01FA02654404C23A20F7FF1078000
S3258004536082127B1000F042F0744054504CD3A20F7FF1078082147B1000F042F07450B04448
S32580045380B045FD60EA7FDF1209808201A0248200402F61FFFAFEFC4CDF1409808201A022B5
S325800453A0820040DF61FFF1FEFC2CDA090070910000F7DA0FE9FF6CE3910000F700707F01D8
S325800453C00680C610C6017421C6100070E9FF6CF3910000F7E9FF4CF30070910000F7DA007D
S325800453E0E9FF64F3DA01007091000067196128334BF14110007059FF2033910000F719F58E
S325800454003C330070C210B02F37007000007009F1C20809F2C0087F210A80C621B4F109F223
S32580045420C208C612A812C621B4F10070910000F759FF0C33007091000027D9222CD3092F11
S32580045440C008007061FFC9FEBB00A01F52020B21301161FF49FF00706B0031FFB70F81FF2F
S325800454604B1F01F0007091000027392F5CF35E1691000027B92030E33C0591000027B9207E
S325800454802CE361FFDAFF007061FF7AFD14540070DA04910000F7E9FF6CE33B10D4F29100DC
S325800454A000F7F9FF14F3910000F73B304F00F9FF18F33B304FF0911000F79B5FFBF359FFA5
S325800454C0CC5B9B50FB0B911000F759F0D05B911000F759FFD45B911000F759F0D85B00707B
S325800454E0911000F7D9FF64FB91100027D922840B91100047D944A40B91100057D955841B88
S32580045500DA00A07664FF642F644F645FFC6C910000F761FF5DFF910000F7E9FF64F3DA0454
S32580045520007061FF4EFF5424BB00A01F40720B0480200B2130218F020120422009220405AC
S325800455407F320680C623C6327422C623542F911000275232911000470B213011910000571E
S325800455608F010110910000F74213D9FF68E30B40001006F15921888B423F06FF594F988BD0
S32580045580192F888BF95F3CD3194F988B91000027F92F00E3747374600070911000F7D9FFD6
S325800455A0A41B91100027D922842BDA00A07464FF642FFC4E02F0910000F7F9F004E3910027
S325800455C000F7E9F058F3910000F7E9F074F3910000F7E9F078F3910000F7E9F07CF3910031
S325800455E000F7E9F08803910000F7E9F08C03910000F739FF5CF3910000F7BA1FEA30E9F073
S325800456009403DA010070910000F78220E9F06CE3910000D7D9DD64F3910000F739FF48F35C
S325800456200070F65A910000F739FF68F35E13DA033C04DA073C02DA0834CF910000F791005A
S325800456400027B92F38D3F9FF3CF33465007091000057D95540F361FF40FE007061FF90FC33
S3258004566061FFAEFC0070DA00B42F9110002791000047192FA49BF94F3CF30070911000F7C3
S3258004568061FF4AFE59FFA49B0070911000F761FF43FE59FFA89B0070911000F761FF3CFE5B
S325800456A059FFAC9B0070911000F719F0D45B911000F719F1D85BF9E214F36B01310091009C
S325800456C000E74B0F5140007061FFDEFD145402560070911000F7D9FFA41B90FF91100047ED
S325800456E0B940F4DB74F0911000F7D9FF842B90FF91100047B940E0EB74F0C21F342FDA0216
S325800457000070DA00B4FF910000F7B9F030D3910000F7F9F024F3910000F7B9F134D391007C
S3258004572000F7F9F128F3910000F7D9FF74F314FF007061FFB9FD910000F7E9F560F3910039
S3258004574000F7E9F570F3910000F7DACBE9FF68E361FF36FC02560070910000F7DA0CE9FF77
S325800457606CE391100067D966A41B546091100077D977842B5473406209210405910000470B
S32580045780394F5CF300703B803E1002B23B8089303B0096B03B80D4403B00E1503B803861F7
S325800457A03B40B5703B0064803B0019903BC02BA0DA64BBD0CC0C9BC0DC0374F03BF0260165
S325800457C09B30A8037420BB70710B9B1095037440BB70710B9B10850300703B401F103B80E8
S325800457E025203BC044303B406A403B8070503B409C603BA05A703B0032803B800C903BE050
S3258004580015A0DA32BBD0CC0C9BC0D40374F0BBA0700D9B30BA037420BB70710B9B109D035E
S325800458207440BB70710B9B108D03007091000047D944E0A20940C008007091100027D9221D
S32580045840A41B9022742091100027D922A42B9022742091100027D922842B9022C21F742147
S3258004586034FF0070910000F78200F9F008E3910000F7F9F00CE3910000F7D9FF7CF314F1E9
S3258004588091000027D92278F3142200707450910000F7D9FFE0A2A855A844A83BA823A812C3
S325800458A0B4F1910000F7F9FF00F3910000F7F9FA3CE3910000F7F9F934E3910000F7F9F8A2
S325800458C038E3910000F7F9F730E3910000F7F9F62CE30070910000F7DA01E9FF4CF30070A8
S325800458E0910000F791000027B92F3CD3F9FF24F3910000F791000027B92F00E3F9FF28F3BA
S32580045900DA0A0070910000F761FF06FDF9FF30D3910000F791100027B92FE0EBF9FF34D3C1
S325800459200070DA0E910000F7E9FF6CE3911000F7D9FF888B483F54F0910000E7A20F370F09
S3258004594050400070910000F7D9FF6CF314FF0070910000F73BB0AAF2F9FF10E3910000F7F9
S32580045960DA00F9FF08E3910000F7F9FF0CE30070910000F7DA0AE9FF6CE3910000F7D9FFFE
S325800459800CE309FFC00891000027B92038E30070910000D78260D9DD68E3910000F714D8E3
S325800459A0E9F06CE3911000F7D9FF64FB54F0487FBB90B21C6B00310F9B01E913B700810FB8
S325800459C04B1001006F200A0061FFC6FB2E23DA013C0D61FFC8FB3C0361FFCEFB4B0F41F09C
S325800459E0911000F759FFCC5BDA006E03ABA88088911000F7D9FF840B61FF0DFC2E2961FF41
S32580045A00ABFB2E23DA013C0D61FFADFB3C0361FFB3FB4B0F41F0911000F759FFD05BDA000C
S32580045A206E03ABB88088911000F7D9FFA40B61FFF2FB2E2961FF90FB2E23DA013C0D61FF7D
S32580045A4092FB3C0361FF98FB4B0F41F0911000F759FFD45BDA006E03ABC88088911000F7F5
S32580045A60D9FF841B61FFD7FB2E2961FF75FB2E23DA013C0D61FF77FB3C0361FF7DFB4B0F14
S32580045A8041F0911000F759FFD85BDA006E03ABD88088911000F719F0CC5B911000F719F1E8
S32580045AA0D05B7B0070F4910000E76B0131004B0F5140007061FFFEFB91000027B92034E3E1
S32580045AC0007061FFF7FB91000027B9203CE30070910000F7E9FF8003911000F7D9FF988BD4
S32580045AE0483F54F0910000C7A20F370F50400070910000F7DA01E9FF78E3910000F7820052
S32580045B00E9F050F361FFD0FB0070E9FF9803910000F7E9FF9C03910000F7E9FFA00300702F
S32580045B2091000027B92100F342100070F9E214E349FD080A54DF09F00405910000C7A20F2C
S32580045B40370F50400070F9C21CE349FE080A54EF09F00405910000D7A20F370F50400070BE
S32580045B60910000E739E440F3007091000067D96668E31465910000F78230E9F06CE33B10BB
S32580045B80EE10911000F7D9FFA86B09F0CE083F01308091100047D944887B0946CE083F616E
S32580045BA028803BF0111091100057D955B86B0954C0083F141E8091100077D977987B09770D
S32580045BC0C0083F1716803B10AE1009F2C0083F1210800949C0083F190C803BF051100953F4
S32580045BE0CE083F3106800978CE087F810780DF05A78082151D00A400A220DA527F0F17007B
S32580045C0009F0CA0809F1C40849F2040AA2107F0F0600DF05178082253C148200A03F092FCF
S32580045C20C20042F0FCFD06E03C088200A07209FFC20042F0FC2D06D0910000F7F9F004F3CC
S32580045C40A243DA527F3F12000950CA080951C408495F040AA2107F0F0600DF05128082355F
S32580045C603C0F61FFD0FA3C08DA00A07F0950C200420FFCFD06DF910000F7F9FF08F3A296EB
S32580045C80DA527F6F12000940CA080941C408494F040AA2107F0F0600DF05128082453C0FA9
S32580045CA061FFB1FA3C08DA00A07F0940C200420FFCFD06DF910000F7F9FF0CF3A278DA5213
S32580045CC07F8F12000970CA080971C408497F040AA2107F0F0600DF05128082553C0F61FF75
S32580045CE092FA3C08DA00A07F0970C200420FFCFD06DF910000F7F9FF10F3910000F7B9FF24
S32580045D0004F3910000F7B9F008F3910000F7A20FB9F00CF3910000F7B9F110F3A210A20F5D
S32580045D2082204B0F0102370050F00BF0C0F1370F5000DA7B7F0F0400AB658055007061FF85
S32580045D40C5FA910000F7DA01E9FF74E30070910000F739FF64D35E16910000F7DA67E9FFCC
S32580045D6068E300703B004BB0910000F7D9FF3C2391000027D922003391000047D9440433D7
S32580045D8091000057D9550833007061FFBFFADA0061FF4EFB0070910000F7DA0CE9FF6CE307
S32580045DA091000027D92274F3142F007034FF74E274D474C574567447896B0809747374603D
S32580045DC0007061FFF6FAD9FF60D314FF0070910000F7DA09E9FF6CE361FFF2F8007054FF3C
S32580045DE054D091000027420F06FFF92F3CD3DA02007054FF54E091000027420F06FFF92FA7
S32580045E0000E3DA02007014DFDF1F7B8091100027D922A86B911000F70920C008B9FFE8DB03
S32580045E20911000F7B9F4ECDB911000F7B9F5C8EB7FF01E80B42F8201A0648200402F09F270
S32580045E40C20809F3C0087F320A80C632B4F209F3C208C623A813C632B4F261FFD5FA8B711E
S32580045E6000213F20EE7FC211FD40E97F91100027D922B86B0920CE08492F0E0A7F0F11809F
S32580045E80B4FFDA00A0648200402F61FFC2FA61FFBBFA8B7F00113F10FA7FC21FFC4591101F
S32580045EA00027D922887B092FC0087F4F0580B42461FF55F891100027D922987B092FCE0877
S32580045EC0492F0E0A7FF40580B4F461FF48F891100027D922A87B092FC0087F5F0580B42546
S32580045EE061FF3DF891100027D922B87B092FCE08492F0E0A7FF50580B4F561FF30F8910034
S32580045F0000F739FF4CF3007061FF53FA39FF60D30070910000F7E9FF6CE30070910000478A
S32580045F20D94404E3094FC0083B007D000070F9D220E3B9CF1CE391000027B92028E300702A
S32580045F40910000F7B9F410E30070910000C7D9CC60F314CF0070DA00B42FDA0300709A12C6
S32580045F60342F91000027D92210E30070820561FF27F80256007091000027F92F3CF39100B0
S32580045F800027F92F28D391000027F92F2CD391000027592F183391000027592F1C339100A3
S32580045FA00027592F203391000027592F2C3391000027592F303391000027592F34339100DB
S32580045FC00027592F383339EF40F3EE1091000027192F3C2391000027192000339100002789
S32580045FE019213423192234233C0F91000027192F0433910000271920083391000027192154
S325800460003823192238236722BF2F91000027592200439100002759213C3391000027592046
S32580046020283391000027592F2433DA0034DFDA010070F9C218E391000027D92268E3007088
S32580046040B9EF14E391000027B92024E3007034FF910000F7DA01E9FF60D30070DA0134DF00
S3258004606014540070910000F7D9FF0C3354FF91000027192010330070910000F7E9FF78E35D
S325800460800070DA0034CF34FF910000F7DA01E9FF74E30070910000F739FF68E300709100D8
S325800460A000F7D9FF70F3007091000047D94438335440C21FB42F61FF7DF8910000F719F294
S325800460C02033910000576B02312F19512433910000274B21411059212C339100005761FFD7
S325800460E085F919222C33595130336B022100910000576B0121005950343361FF7EF919509E
S32580046100343361FFC5F874450070910000F7DA08E9FF6CE300700920C0081B50550DB420A5
S32580046120007091000027D92258F3142F0070DA0034DFDA020070DA0034DFDA050070F9E264
S3258004614018F334D80070910000F739FF54F30070910000F739FF9403007034FFDA00B44FE0
S32580046160342F0070911000F7D9FFF46B01F200F614FF0070910000F739FF8883C21FE9FFF3
S3258004618088830070910000F739FF84830070914000FFD9FF000ADA0A0070BB50C0FE9B0F4A
S325800461A00FF00070D4D201230026007061000A0009FF52080070866FC5FF004310FF0070CE
S325800461C0911000F799FFD46B534421F0D4FF10FF0070610052004860DF170480DF13050000
S325800461E009CF52085E14B71001003C03B7000100DF17088009CF5208EE04B710010A3C03FF
S32580046200B700010AB70092000070266F0971C408A6F03706E8F98F813F2037F0040E37000B
S3258004622068F8372F81F2B70F01F337F0080809CF53083710850B1E2337F0810989F02019FC
S325800462400070012002F6DAFFC83F54F100708FC83FF0911000F7D9FFD86B90FF0070061F39
S32580046260325F0FF000008F3000F1007053C020F0D442102200703BF0FFF089FF14190070CA
S32580046280910000F739F08C330070910000F791000027B92F0C63F9FF7823910000F7910051
S325800462A00027B92F1063F9FF7C23910000F791000027B92F1463F9FF4033910000F7910018
S325800462C00027B92F1863F9FF4833910000F791000027B92F1C63F9FF4C3300700BBFA0013E
S325800462E00B30A0010BBF801161003600CE165A187FFB0400028B3C0A8E1861FF71E45210E2
S325800463007FB0040002FB3C02421BCEB65AB87FF30400028F3C088EB661FF62E452B03F30EC
S3258004632003001A3B0070BBF0FFDF9BFDFFD70070910000F739FFA86300707F4A050061003A
S325800463401D003C087B00E0FF3F4F040002843C02866400700B3180410EF8BBF0FF1F9BF1F0
S32580046360FF1752123F200900CEF652817F01040002813C0252010070BBF0FF4F9BF4FF4744
S32580046380007061FFDCFF09CFC00882304B0F110282460205007054FFCE270B8280007FF006
S325800463A0040002843C030BF280400070CEF652817F01040002843C0252040070911000F720
S325800463C039FF345C0070BBF0FF0F9BF0FF075201007009F5C008824600703B0005403BB085
S325800463E000600070370F50F08FEF20F00070145FEE03142F6E02821034500070910000276A
S325800464003920A863DAFFAB5F85F02CFE91000027C92F6C338F8F3F0028402CF5911000270F
S32580046420B921080C8F813F2089F2160889F1170891100027B9210C0C8F813F2089F218087F
S3258004644089F1190891100027B921100C8F813F2089F21E0889F11F0891100027B921140CE6
S325800464608F813F2089F21A0889F11B0891100027B921180C8F813F2089F21C0889F11D0876
S3258004648028C02CFD89F0140889FF150891000027392FAC63007009F1500809F051088F81D4
S325800464A0201042100070910000F7D9FFACE200708F80200042F0007061003600F94F6433BB
S325800464C091000057D955683300708214910000478205D944ACE23B000260007009FF5508FF
S325800464E009F0540861002000007009F1560809F057088F8120104210007009FF5F0809F0B2
S325800465005E0861001100007009FF5B0809F05A0861000A00007009FF5D0809F05C086100DD
S32580046520030000708F802000420F0070910000F7B9FF4843910000F7B9F0483300709100F6
S3258004654000F7E9FFB47300703BE0014040C482053B0001600070910000F7D9FFD092007016
S325800465608F800000420FA21F007049FE201A80EF6CFA89F004193B004AF049F2001A9B0FA0
S3258004658000FF74206CFB82F149F3340A48BF49F4001AC6F168C13BB00113743089F1BE0869
S325800465A068E03B50C31089F03C08065189F03D0889F10C193B0001109B01001F89F1101990
S325800465C0DA2089F0141889FF151889F0161889F0171889F0181989F01C1989F0081900702C
S325800465E054437453545374530070D47201260226542060028B1600003700706000709B5F58
S3258004660000F074FFDA1F0070913000FF19FF10163B00010016100070BB00000FC5F264105F
S325800466209BF0FF000070544F745F545F745F007082003B90D01306613B000021007054CFE4
S3258004664074DF54DF74DF0070542F260FBB0000099B500100BE0EBB00000A9B500100BE09BB
S32580046660BB00000E9B800100BE04BB00000F9B8001003E0FBB00000E9BB001003E047BD014
S3258004668001007E0DDA039100802F592F60403C0CDA039100872F592F84003C06DA03910077
S325800466A0872F592FA00000707B0002003E07610015003E04610017007E0509FFF6189618C9
S325800466C03C0409FFF618961000703B80730089F0A81889FFAA1800703B0000019B000200CA
S325800466E000703B0000029B0002000070262F7B0002003E0761FFF2FF3E0461FFF4FF7E04D7
S3258004670085F054403C0385F050508F3000318F4000F01640A6F306308F0008F1A6F38F33DB
S3258004672000F10070262F61FFC1FFB42FDA0089FF381949F2241A89FF3C190070DA0789FF34
S325800467402218020F89FF231849F4241A49F2002A8020744061FFBBFFA00289F2AC1989F2F6
S32580046760B01989FF341889FF351849F2361ADA42B42F0070262F7B0002003E0761FFAEFFFF
S325800467803E0461FFB0FF7E03DA5A3C033BA01EF0A5FF60200070DA096CF391200028D92297
S325800467A0E845802149F2100A6421642F6420642064200070910000F7D9FF004100708F84F4
S325800467C01EF08F0F0801B70408FC3704E81BB71F812BDA7F7FF1048082020090DA967F1F8C
S325800467E0048082023C068B6109F1325F0FF200203702502076043252370250200090B70492
S3258004680008FC3704E80BB71F811BDA7F3FF00580DA967F0F0480820200908B6009F1325F31
S325800468200FF10010370170200090911000F7DA1759FFE86B3B0004406DFF61CD7B00FC277B
S3258004684000903704E82BB70489FB8BF20F228B0F002400903704E82BB70489FB8BF20F225A
S325800468608B0F202400900B4510882008DAFF3708E80B7E086DFFF0FF7623028200901DFF5B
S32580046880D6FFDA004BF801F02E046788BF8FC229BB3098FF9B2FF2F34BF84140BB0080FF02
S325800468A09BFF6FF44BF401F0AE2B4B0431F14B0F410142F96B0031848F3900F13C1840A4EF
S325800468C06D00F5004B09410154AF022840A46B0021FF7B00E8034B0F41406D00E80054A010
S325800468E07B0008146B1071FF4B0F31F12E057B00F8036B083180BF2F04006788BF8F4B8841
S3258004690041F0BB104B0CBBD0511E9B6012049BD1321C6B0F61013BC034159B4140146BF02A
S325800469206101BB10D11E9BE11D146B8861113BE0B5279B823A246BF161F24B8041004BF037
S3258004694051200090910000F7D9FFA4D200706B0031084BF041400070B704812F8F151EF079
S325800469608FFF01F0A6F20090B704814F82151DFF7CFF912000FF3C02C21839FFA3C0AE75A7
S325800469803B007DF03FF8FAFF0070911000F7D9FF640A007061001800536F2900DA1E4BF040
S325800469A0010200706100100053DF2300DA0A4BF00102007061000800537F2900DA644BF0A5
S325800469C001020070535F20F086EF007091A001FF59FFD04F910000F700704B0061014B0F6C
S325800469E061F14BF051F0007054207FF0048052003C048BF01F0142F0007014FF960134FFBC
S32580046A0014FF960234FF0070B70F14F6B4EF09DF02090070911000F7D9FF4CCB00700924A4
S32580046A20C2083BF0016054F5A284007037007000E2108F101F00007037007000E2208F0098
S32580046A401F00007009FFC208A20F370F70F04BF111020070404FBF852380804F2E05C2F506
S32580046A603444494F010A80FF2E1424F4C2E524F48F7500F106D5DF051200D200764A370446
S32580046A8068008F802010A6108F002110A6100201C2F5605289F04801FC2E02F57655C2F5C8
S32580046AA0605224F4FC2F40420090024F370FE81B8F1F1E00DAFF7E17024F7444B70F89FB1E
S32580046AC06E123C0B8FF00150DA7F7FF10900DA00B70F81FFA65F744F02420090DA963FF167
S32580046AE00A007444DA00B70F81FF8FF00120A6F20090B704890B8F71012082F38B61091177
S32580046B000F1300302630B700890BA652A60274426B0231F4B70F812FA65200900248370889
S32580046B20E8FBEE05820402851DFF18FF6DFF8BFEDF022480DA004BF801008F3000F16E05FA
S32580046B406F001C001DFF73FE4B0891F17B00F0037B0004144BF841206BF271214B2F41F07F
S32580046B604B0F41F04BF841206BF271114B1F41F04B0F41F04BF84180028200903C04C21F1E
S32580046B80444064703F7FFD7F00700000000000000000000000000000000000000000000069
S32580046BA000000000000000000000000000000000000000000000000000000000000000004B
S32580046BC000000000000000000000000000000000000000000000000000000000000000002B
S32580046BE000000000000000000000000000000000000000000000000000000000000000000B
S32580046C000000000000000000000000000000000000000000000000000000000000000000EA
S32580046C200000000000000000000000000000000000000000000000000000000000000000CA
S32580046C400000000000000000000000000000000000000000000000000000000000000000AA
S32580046C6000000000000000000000000000000000000000000000000000000000000000008A
S32580046C8000000000000000000000000000000000000000000000000000000000000000006A
S32580046CA000000000000000000000000000000000000000000000000000000000000000004A
S32580046CC000000000000000000000000000000000000000000000000000000000000000002A
S32580046CE000000000000000000000000000000000000000000000000000000000000000000A
S32580046D000000000000000000000000000000000000000000000000000000000000000000E9
S32580046D200000000000000000000000000000000000000000000000000000000000000000C9
S32580046D400000000000000000000000000000000000000000000000000000000000000000A9
S32580046D60000000000000000000000000000000000000000000000000000000000000000089
S32580046D80000000000000000000000000000000000000000000000000000000000000000069
S32580046DA0000000000000000000000000000000000000000000000000000000000000000049
S32580046DC0000000000000000000000000000000000000000000000000000000000000000029
S32580046DE0000000000000000000000000000000000000000000000000000000000000000009
S32580046E000000000000000000000000000000000000000000000000000000000000000000E8
S32580046E200000000000000000000000000000000000000000000000000000000000000000C8
S32580046E400000000000000000000000000000000000000000000000000000000000000000A8
S32580046E60000000000000000000000000000000000000000000000000000000000000000088
S32580046E80000000000000000000000000000000000000000000000000000000000000000068
S32580046EA0000000000000000000000000000000000000000000000000000000000000000048
S32580046EC0000000000000000000000000000000000000000000000000000000000000000028
S32580046EE0000000000000000000000000000000000000000000000000000000000000000008
S32580046F000000000000000000000000000000000000000000000000000000000000000000E7
S32580046F200000000000000000000000000000000000000000000000000000000000000000C7
S32580046F400000000000000000000000000000000000000000000000000000000000000000A7
S32580046F60000000000000000000000000000000000000000000000000000000000000000087
S32580046F80000000000000000000000000000000000000000000000000000000000000000067
S32580046FA0000000000000000000000000000000000000000000000000000000000000000047
S32580046FC0000000000000000000000000000000000000000000000000000000000000000027
S32580046FE0000000000000000000000000000000000000000000000000000000000000000007
S325800470000000000000000000000000000000000000000000000000000000000000000000E6
S325800470200000000000000000000000000000000000000000000000000000000000000000C6
S325800470400000000000000000000000000000000000000000000000000000000000000000A6
S32580047060000000000000000000000000000000000000000000000000000000000000000086
S32580047080000000000000000000000000000000000000000000000000000000000000000066
S325800470A0000000000000000000000000000000000000000000000000000000000000000046
S325800470C0000000000000000000000000000000000000000000000000000000000000000026
S325800470E0000000000000000000000000000000000000000000000000000000000000000006
S325800471000000000000000000000000000000000000000000000000000000000000000000E5
S325800471200000000000000000000000000000000000000000000000000000000000000000C5
S325800471400000000000000000000000000000000000000000000000000000000000000000A5
S32580047160000000000000000000000000000000000000000000000000000000000000000085
S32580047180000000000000000000000000000000000000000000000000000000000000000065
S325800471A0000000000000000000000000000000000000000000000000000000000000000045
S325800471C0000000000000000000000000000000000000000000000000000000000000000025
S325800471E0000000000000000000000000000000000000000000000000000000000000000005
S325800472000000000000000000000000000000000000000000000000000000000000000000E4
S325800472200000000000000000000000000000000000000000000000000000000000000000C4
S325800472400000000000000000000000000000000000000000000000000000000000000000A4
S32580047260000000000000000000000000000000000000000000000000000000000000000084
S32580047280000000000000000000000000000000000000000000000000000000000000000064
S325800472A0000000000000000000000000000000000000000000000000000000000000000044
S325800472C0000000000000000000000000000000000000000000000000000000000000000024
S325800472E0000000000000000000000000000000000000000000000000000000000000000004
S325800473000000000000000000000000000000000000000000000000000000000000000000E3
S325800473200000000000000000000000000000000000000000000000000000000000000000C3
S325800473400000000000000000000000000000000000000000000000000000000000000000A3
S32580047360000000000000000000000000000000000000000000000000000000000000000083
S32580047380000000000000000000000000000000000000000000000000000000000000000063
S325800473A0000000000000000000000000000000000000000000000000000000000000000043
S325800473C0000000000000000000000000000000000000000000000000000000000000000023
S325800473E0000000000000000000000000000000000000000000000000000000000000000003
S325800474000000000000000000000000000000000000000000000000000000000000000000E2
S325800474200000000000000000000000000000000000000000000000000000000000000000C2
S325800474400000000000000000000000000000000000000000000000000000000000000000A2
S32580047460000000000000000000000000000000000000000000000000000000000000000082
S32580047480000000000000000000000000000000000000000000000000000000000000000062
S325800474A0000000000000000000000000000000000000000000000000000000000000000042
S325800474C0000000000000000000000000000000000000000000000000000000000000000022
S325800474E0000000000000000000000000000000000000000000000000000000000000000002
S325800475000000000000000000000000000000000000000000000000000000000000000000E1
S325800475200000000000000000000000000000000000000000000000000000000000000000C1
S325800475400000000000000000000000000000000000000000000000000000000000000000A1
S32580047560000000000000000000000000000000000000000000000000000000000000000081
S32580047580000000000000000000000000000000000000000000000000000000000000000061
S325800475A0000000000000000000000000000000000000000000000000000000000000000041
S325800475C0000000000000000000000000000000000000000000000000000000000000000021
S325800475E0000000000000000000000000000000000000000000000000000000000000000001
S325800476000000000000000000000000000000000000000000000000000000000000000000E0
S325800476200000000000000000000000000000000000000000000000000000000000000000C0
S325800476400000000000000000000000000000000000000000000000000000000000000000A0
S32580047660000000000000000000000000000000000000000000000000000000000000000080
S32580047680000000000000000000000000000000000000000000000000000000000000000060
S325800476A0000000000000000000000000000000000000000000000000000000000000000040
S325800476C0000000000000000000000000000000000000000000000000000000000000000020
S325800476E0000000000000000000000000000000000000000000000000000000000000000000
S325800477000000000000000000000000000000000000000000000000000000000000000000DF
S325800477200000000000000000000000000000000000000000000000000000000000000000BF
S3258004774000000000000000000000000000000000000000000000000000000000000000009F
S3258004776000000000000000000000000000000000000000000000000000000000000000007F
S3258004778000000000000000000000000000000000000000000000000000000000000000005F
S325800477A000000000000000000000000000000000000000000000000000000000000000003F
S325800477C000000000000000000000000000000000000000000000000000000000000000001F
S325800477E00000000000000000000000000000000000000000000000000000000000000000FF
S325800478000000000000000000000000000000000000000000000000000000000000000000DE
S325800478200000000000000000000000000000000000000000000000000000000000000000BE
S3258004784000000000000000000000000000000000000000000000000000000000000000009E
S3258004786000000000000000000000000000000000000000000000000000000000000000007E
S3258004788000000000000000000000000000000000000000000000000000000000000000005E
S325800478A000000000000000000000000000000000000000000000000000000000000000003E
S325800478C000000000000000000000000000000000000000000000000000000000000000001E
S325800478E00000000000000000000000000000000000000000000000000000000000000000FE
S325800479000000000000000000000000000000000000000000000000000000000000000000DD
S325800479200000000000000000000000000000000000000000000000000000000000000000BD
S3258004794000000000000000000000000000000000000000000000000000000000000000009D
S3258004796000000000000000000000000000000000000000000000000000000000000000007D
S3258004798000000000000000000000000000000000000000000000000000000000000000005D
S325800479A000000000000000000000000000000000000000000000000000000000000000003D
S325800479C000000000000000000000000000000000000000000000000000000000000000001D
S325800479E00000000000000000000000000000000000000000000000000000000000000000FD
S32580047A000000000000000000000000000000000000000000000000000000000000000000DC
S32580047A200000000000000000000000000000000000000000000000000000000000000000BC
S32580047A4000000000000000000000000000000000000000000000000000000000000000009C
S32580047A6000000000000000000000000000000000000000000000000000000000000000007C
S32580047A8000000000000000000000000000000000000000000000000000000000000000005C
S32580047AA000000000000000000000000000000000000000000000000000000000000000003C
S32580047AC000000000000000000000000000000000000000000000000000000000000000001C
S32580047AE00000000000000000000000000000000000000000000000000000000000000000FC
S32580047B000000000000000000000000000000000000000000000000000000000000000000DB
S32580047B200000000000000000000000000000000000000000000000000000000000000000BB
S32580047B4000000000000000000000000000000000000000000000000000000000000000009B
S32580047B6000000000000000000000000000000000000000000000000000000000000000007B
S32580047B8000000000000000000000000000000000000000000000000000000000000000005B
S32580047BA000000000000000000000000000000000000000000000000000000000000000003B
S32580047BC000000000000000000000000000000000000000000000000000000000000000001B
S32580047BE00000000000000000000000000000000000000000000000000000000000000000FB
S32580047C000000000000000000000000000000000000000000000000000000000000000000DA
S32580047C200000000000000000000000000000000000000000000000000000000000000000BA
S32580047C4000000000000000000000000000000000000000000000000000000000000000009A
S32580047C6000000000000000000000000000000000000000000000000000000000000000007A
S32580047C8000000000000000000000000000000000000000000000000000000000000000005A
S32580047CA000000000000000000000000000000000000000000000000000000000000000003A
S32580047CC000000000000000000000000000000000000000000000000000000000000000001A
S32580047CE00000000000000000000000000000000000000000000000000000000000000000FA
S32580047D000000000000000000000000000000000000000000000000000000000000000000D9
S32580047D200000000000000000000000000000000000000000000000000000000000000000B9
S32580047D40000000000000000000000000000000000000000000000000000000000000000099
S32580047D60000000000000000000000000000000000000000000000000000000000000000079
S32580047D80000000000000000000000000000000000000000000000000000000000000000059
S32580047DA0000000000000000000000000000000000000000000000000000000000000000039
S32580047DC0000000000000000000000000000000000000000000000000000000000000000019
S32580047DE00000000000000000000000000000000000000000000000000000000000000000F9
S32580047E000000000000000000000000000000000000000000000000000000000000000000D8
S32580047E200000000000000000000000000000000000000000000000000000000000000000B8
S32580047E40000000000000000000000000000000000000000000000000000000000000000098
S32580047E60000000000000000000000000000000000000000000000000000000000000000078
S32580047E80000000000000000000000000000000000000000000000000000000000000000058
S32580047EA0000000000000000000000000000000000000000000000000000000000000000038
S32580047EC0000000000000000000000000000000000000000000000000000000000000000018
S32580047EE00000000000000000000000000000000000000000000000000000000000000000F8
S32580047F000000000000000000000000000000000000000000000000000000000000000000D7
S32580047F200000000000000000000000000000000000000000000000000000000000000000B7
S32580047F40000000000000000000000000000000000000000000000000000000000000000097
S32580047F60000000000000000000000000000000000000000000000000000000000000000077
S32580047F80000000000000000000000000000000000000000000000000000000000000000057
S32580047FA0000000000000000000000000000000000000000000000000000000000000000037
S32580047FC0000000000000000000000000000000000000000000000000000000000000000017
S32580047FE00000000000000000000000000000000000000000000000000000000000000000F7
S325800480000000000000000000000000000000000000000000000000000000000000000000D6
S325800480200000000000000000000000000000000000000000000000000000000000000000B6
S32580048040000000000000000000000000000000000000000000000000000000000000000096
S32580048060000000000000000000000000000000000000000000000000000000000000000076
S32580048080000000000000000000000000000000000000000000000000000000000000000056
S325800480A0000000000000000000000000000000000000000000000000000000000000000036
S325800480C0000000000000000000000000000000000000000000000000000000000000000016
S325800480E00000000000000000000000000000000000000000000000000000000000000000F6
S325800481000000000000000000000000000000000000000000000000000000000000000000D5
S325800481200000000000000000000000000000000000000000000000000000000000000000B5
S32580048140000000000000000000000000000000000000000000000000000000000000000095
S32580048160000000000000000000000000000000000000000000000000000000000000000075
S32580048180000000000000000000000000000000000000000000000000000000000000000055
S325800481A0000000000000000000000000000000000000000000000000000000000000000035
S325800481C0000000000000000000000000000000000000000000000000000000000000000015
S325800481E00000000000000000000000000000000000000000000000000000000000000000F5
S325800482000000000000000000000000000000000000000000000000000000000000000000D4
S325800482200000000000000000000000000000000000000000000000000000000000000000B4
S32580048240000000000000000000000000000000000000000000000000000000000000000094
S32580048260000000000000000000000000000000000000000000000000000000000000000074
S32580048280000000000000000000000000000000000000000000000000000000000000000054
S325800482A0000000000000000000000000000000000000000000000000000000000000000034
S325800482C0000000000000000000000000000000000000000000000000000000000000000014
S325800482E00000000000000000000000000000000000000000000000000000000000000000F4
S325800483000000000000000000000000000000000000000000000000000000000000000000D3
S325800483200000000000000000000000000000000000000000000000000000000000000000B3
S32580048340000000000000000000000000000000000000000000000000000000000000000093
S32580048360000000000000000000000000000000000000000000000000000000000000000073
S32580048380000000000000000000000000000000000000000000000000000000000000000053
S325800483A0000000000000000000000000000000000000000000000000000000000000000033
S325800483C0000000000000000000000000000000000000000000000000000000000000000013
S325800483E00000000000000000000000000000000000000000000000000000000000000000F3
S325800484000000000000000000000000000000000000000000000000000000000000000000D2
S325800484200000000000000000000000000000000000000000000000000000000000000000B2
S32580048440000000000000000000000000000000000000000000000000000000000000000092
S32580048460000000000000000000000000000000000000000000000000000000000000000072
S32580048480000000000000000000000000000000000000000000000000000000000000000052
S325800484A0000000000000000000000000000000000000000000000000000000000000000032
S325800484C0000000000000000000000000000000000000000000000000000000000000000012
S325800484E00000000000000000000000000000000000000000000000000000000000000000F2
S325800485000000000000000000000000000000000000000000000000000000000000000000D1
S325800485200000000000000000000000000000000000000000000000000000000000000000B1
S32580048540000000000000000000000000000000000000000000000000000000000000000091
S32580048560000000000000000000000000000000000000000000000000000000000000000071
S32580048580000000000000000000000000000000000000000000000000000000000000000051
S325800485A0000000000000000000000000000000000000000000000000000000000000000031
S325800485C0000000000000000000000000000000000000000000000000000000000000000011
S325800485E00000000000000000000000000000000000000000000000000000000000000000F1
S325800486000000000000000000000000000000000000000000000000000000000000000000D0
S325800486200000000000000000000000000000000000000000000000000000000000000000B0
S32580048640000000000000000000000000000000000000000000000000000000000000000090
S32580048660000000000000000000000000000000000000000000000000000000000000000070
S32580048680000000000000000000000000000000000000000000000000000000000000000050
S325800486A0000000000000000000000000000000000000000000000000000000000000000030
S325800486C0000000000000000000000000000000000000000000000000000000000000000010
S325800486E00000000000000000000000000000000000000000000000000000000000000000F0
S325800487000000000000000000000000000000000000000000000000000000000000000000CF
S325800487200000000000000000000000000000000000000000000000000000000000000000AF
S3258004874000000000000000000000000000000000000000000000000000000000000000008F
S3258004876000000000000000000000000000000000000000000000000000000000000000006F
S3258004878000000000000000000000000000000000000000000000000000000000000000004F
S325800487A000000000000000000000000000000000000000000000000000000000000000002F
S325800487C000000000000000000000000000000000000000000000000000000000000000000F
S325800487E00000000000000000000000000000000000000000000000000000000000000000EF
S325800488000000000000000000000000000000000000000000000000000000000000000000CE
S325800488200000000000000000000000000000000000000000000000000000000000000000AE
S3258004884000000000000000000000000000000000000000000000000000000000000000008E
S3258004886000000000000000000000000000000000000000000000000000000000000000006E
S3258004888000000000000000000000000000000000000000000000000000000000000000004E
S325800488A000000000000000000000000000000000000000000000000000000000000000002E
S325800488C000000000000000000000000000000000000000000000000000000000000000000E
S325800488E00000000000000000000000000000000000000000000000000000000000000000EE
S325800489000000000000000000000000000000000000000000000000000000000000000000CD
S325800489200000000000000000000000000000000000000000000000000000000000000000AD
S3258004894000000000000000000000000000000000000000000000000000000000000000008D
S3258004896000000000000000000000000000000000000000000000000000000000000000006D
S3258004898000000000000000000000000000000000000000000000000000000000000000004D
S325800489A000000000000000000000000000000000000000000000000000000000000000002D
S325800489C000000000000000000000000000000000000000000000000000000000000000000D
S325800489E00000000000000000000000000000000000000000000000000000000000000000ED
S32580048A000000000000000000000000000000000000000000000000000000000000000000CC
S32580048A200000000000000000000000000000000000000000000000000000000000000000AC
S32580048A4000000000000000000000000000000000000000000000000000000000000000008C
S32580048A6000000000000000000000000000000000000000000000000000000000000000006C
S32580048A8000000000000000000000000000000000000000000000000000000000000000004C
S32580048AA000000000000000000000000000000000000000000000000000000000000000002C
S32580048AC000000000000000000000000000000000000000000000000000000000000000000C
S32580048AE00000000000000000000000000000000000000000000000000000000000000000EC
S32580048B000000000000000000000000000000000000000000000000000000000000000000CB
S32580048B200000000000000000000000000000000000000000000000000000000000000000AB
S32580048B4000000000000000000000000000000000000000000000000000000000000000008B
S32580048B6000000000000000000000000000000000000000000000000000000000000000006B
S32580048B8000000000000000000000000000000000000000000000000000000000000000004B
S32580048BA000000000000000000000000000000000000000000000000000000000000000002B
S32580048BC000000000000000000000000000000000000000000000000000000000000000000B
S32580048BE00000000000000000000000000000000000000000000000000000000000000000EB
S32580048C000000000000000000000000000000000000000000000000000000000000000000CA
S32580048C200000000000000000000000000000000000000000000000000000000000000000AA
S32580048C4000000000000000000000000000000000000000000000000000000000000000008A
S32580048C6000000000000000000000000000000000000000000000000000000000000000006A
S32580048C8000000000000000000000000000000000000000000000000000000000000000004A
S32580048CA000000000000000000000000000000000000000000000000000000000000000002A
S32580048CC000000000000000000000000000000000000000000000000000000000000000000A
S32580048CE00000000000000000000000000000000000000000000000000000000000000000EA
S32580048D000000000000000000000000000000000000000000000000000000000000000000C9
S32580048D200000000000000000000000000000000000000000000000000000000000000000A9
S32580048D40000000000000000000000000000000000000000000000000000000000000000089
S32580048D60000000000000000000000000000000000000000000000000000000000000000069
S32580048D80000000000000000000000000000000000000000000000000000000000000000049
S32580048DA0000000000000000000000000000000000000000000000000000000000000000029
S32580048DC0000000000000000000000000000000000000000000000000000000000000000009
S32580048DE00000000000000000000000000000000000000000000000000000000000000000E9
S32580048E000000000000000000000000000000000000000000000000000000000000000000C8
S32580048E200000000000000000000000000000000000000000000000000000000000000000A8
S32580048E40000000000000000000000000000000000000000000000000000000000000000088
S32580048E60000000000000000000000000000000000000000000000000000000000000000068
S32580048E80000000000000000000000000000000000000000000000000000000000000000048
S32580048EA0000000000000000000000000000000000000000000000000000000000000000028
S32580048EC0000000000000000000000000000000000000000000000000000000000000000008
S32580048EE00000000000000000000000000000000000000000000000000000000000000000E8
S32580048F000000000000000000000000000000000000000000000000000000000000000000C7
S32580048F200000000000000000000000000000000000000000000000000000000000000000A7
S32580048F40000000000000000000000000000000000000000000000000000000000000000087
S32580048F60000000000000000000000000000000000000000000000000000000000000000067
S32580048F80000000000000000000000000000000000000000000000000000000000000000047
S32580048FA0000000000000000000000000000000000000000000000000000000000000000027
S32580048FC0000000000000000000000000000000000000000000000000000000000000000007
S32580048FE00000000000000000000000000000000000000000000000000000000000000000E7
S325800490000000000000000000000000000000000000000000000000000000000000000000C6
S325800490200000000000000000000000000000000000000000000000000000000000000000A6
S32580049040000000000000000000000000000000000000000000000000000000000000000086
S32580049060000000000000000000000000000000000000000000000000000000000000000066
S32580049080000000000000000000000000000000000000000000000000000000000000000046
S325800490A0000000000000000000000000000000000000000000000000000000000000000026
S325800490C0000000000000000000000000000000000000000000000000000000000000000006
S325800490E00000000000000000000000000000000000000000000000000000000000000000E6
S325800491000000000000000000000000000000000000000000000000000000000000000000C5
S325800491200000000000000000000000000000000000000000000000000000000000000000A5
S32580049140000000000000000000000000000000000000000000000000000000000000000085
S32580049160000000000000000000000000000000000000000000000000000000000000000065
S32580049180000000000000000000000000000000000000000000000000000000000000000045
S325800491A0000000000000000000000000000000000000000000000000000000000000000025
S325800491C0000000000000000000000000000000000000000000000000000000000000000005
S325800491E00000000000000000000000000000000000000000000000000000000000000000E5
S325800492000000000000000000000000000000000000000000000000000000000000000000C4
S325800492200000000000000000000000000000000000000000000000000000000000000000A4
S32580049240000000000000000000000000000000000000000000000000000000000000000084
S32580049260000000000000000000000000000000000000000000000000000000000000000064
S32580049280000000000000000000000000000000000000000000000000000000000000000044
S325800492A0000000000000000000000000000000000000000000000000000000000000000024
S325800492C0000000000000000000000000000000000000000000000000000000000000000004
S325800492E00000000000000000000000000000000000000000000000000000000000000000E4
S325800493000000000000000000000000000000000000000000000000000000000000000000C3
S325800493200000000000000000000000000000000000000000000000000000000000000000A3
S32580049340000000000000000000000000000000000000000000000000000000000000000083
S32580049360000000000000000000000000000000000000000000000000000000000000000063
S32580049380000000000000000000000000000000000000000000000000000000000000000043
S325800493A0000000000000000000000000000000000000000000000000000000000000000023
S325800493C0000000000000000000000000000000000000000000000000000000000000000003
S325800493E00000000000000000000000000000000000000000000000000000000000000000E3
S325800494000000000000000000000000000000000000000000000000000000000000000000C2
S325800494200000000000000000000000000000000000000000000000000000000000000000A2
S32580049440000000000000000000000000000000000000000000000000000000000000000082
S32580049460000000000000000000000000000000000000000000000000000000000000000062
S32580049480000000000000000000000000000000000000000000000000000000000000000042
S325800494A0000000000000000000000000000000000000000000000000000000000000000022
S325800494C0000000000000000000000000000000000000000000000000000000000000000002
S325800494E00000000000000000000000000000000000000000000000000000000000000000E2
S325800495000000000000000000000000000000000000000000000000000000000000000000C1
S325800495200000000000000000000000000000000000000000000000000000000000000000A1
S32580049540000000000000000000000000000000000000000000000000000000000000000081
S32580049560000000000000000000000000000000000000000000000000000000000000000061
S32580049580000000000000000000000000000000000000000000000000000000000000000041
S325800495A0000000000000000000000000000000000000000000000000000000000000000021
S325800495C0000000000000000000000000000000000000000000000000000000000000000001
S325800495E00000000000000000000000000000000000000000000000000000000000000000E1
S325800496000000000000000000000000000000000000000000000000000000000000000000C0
S325800496200000000000000000000000000000000000000000000000000000000000000000A0
S32580049640000000000000000000000000000000000000000000000000000000000000000080
S32580049660000000000000000000000000000000000000000000000000000000000000000060
S32580049680000000000000000000000000000000000000000000000000000000000000000040
S325800496A0000000000000000000000000000000000000000000000000000000000000000020
S325800496C0000000000000000000000000000000000000000000000000000000000000000000
S325800496E00000000000000000000000000000000000000000000000000000000000000000E0
S325800497000000000000000000000000000000000000000000000000000000000000000000BF
S3258004972000000000000000000000000000000000000000000000000000000000000000009F
S3258004974000000000000000000000000000000000000000000000000000000000000000007F
S3258004976000000000000000000000000000000000000000000000000000000000000000005F
S3258004978000000000000000000000000000000000000000000000000000000000000000003F
S325800497A000000000000000000000000000000000000000000000000000000000000000001F
S325800497C00000000000000000000000000000000000000000000000000000000000000000FF
S325800497E00000000000000000000000000000000000000000000000000000000000000000DF
S325800498000000000000000000000000000000000000000000000000000000000000000000BE
S3258004982000000000000000000000000000000000000000000000000000000000000000009E
S3258004984000000000000000000000000000000000000000000000000000000000000000007E
S3258004986000000000000000000000000000000000000000000000000000000000000000005E
S3258004988000000000000000000000000000000000000000000000000000000000000000003E
S325800498A000000000000000000000000000000000000000000000000000000000000000001E
S325800498C00000000000000000000000000000000000000000000000000000000000000000FE
S325800498E00000000000000000000000000000000000000000000000000000000000000000DE
S325800499000000000000000000000000000000000000000000000000000000000000000000BD
S3258004992000000000000000000000000000000000000000000000000000000000000000009D
S3258004994000000000000000000000000000000000000000000000000000000000000000007D
S3258004996000000000000000000000000000000000000000000000000000000000000000005D
S3258004998000000000000000000000000000000000000000000000000000000000000000003D
S325800499A000000000000000000000000000000000000000000000000000000000000000001D
S325800499C00000000000000000000000000000000000000000000000000000000000000000FD
S325800499E00000000000000000000000000000000000000000000000000000000000000000DD
S32580049A000000000000000000000000000000000000000000000000000000000000000000BC
S32580049A2000000000000000000000000000000000000000000000000000000000000000009C
S32580049A4000000000000000000000000000000000000000000000000000000000000000007C
S32580049A6000000000000000000000000000000000000000000000000000000000000000005C
S32580049A8000000000000000000000000000000000000000000000000000000000000000003C
S32580049AA000000000000000000000000000000000000000000000000000000000000000001C
S32580049AC00000000000000000000000000000000000000000000000000000000000000000FC
S32580049AE00000000000000000000000000000000000000000000000000000000000000000DC
S32580049B000000000000000000000000000000000000000000000000000000000000000000BB
S32580049B2000000000000000000000000000000000000000000000000000000000000000009B
S32580049B4000000000000000000000000000000000000000000000000000000000000000007B
S32580049B6000000000000000000000000000000000000000000000000000000000000000005B
S32580049B8000000000000000000000000000000000000000000000000000000000000000003B
S32580049BA000000000000000000000000000000000000000000000000000000000000000001B
S32580049BC00000000000000000000000000000000000000000000000000000000000000000FB
S32580049BE00000000000000000000000000000000000000000000000000000000000000000DB
S32580049C000000000000000000000000000000000000000000000000000000000000000000BA
S32580049C2000000000000000000000000000000000000000000000000000000000000000009A
S32580049C4000000000000000000000000000000000000000000000000000000000000000007A
S32580049C6000000000000000000000000000000000000000000000000000000000000000005A
S32580049C8000000000000000000000000000000000000000000000000000000000000000003A
S32580049CA000000000000000000000000000000000000000000000000000000000000000001A
S32580049CC00000000000000000000000000000000000000000000000000000000000000000FA
S32580049CE00000000000000000000000000000000000000000000000000000000000000000DA
S32580049D000000000000000000000000000000000000000000000000000000000000000000B9
S32580049D20000000000000000000000000000000000000000000000000000000000000000099
S32580049D40000000000000000000000000000000000000000000000000000000000000000079
S32580049D60000000000000000000000000000000000000000000000000000000000000000059
S32580049D80000000000000000000000000000000000000000000000000000000000000000039
S32580049DA0000000000000000000000000000000000000000000000000000000000000000019
S32580049DC00000000000000000000000000000000000000000000000000000000000000000F9
S32580049DE00000000000000000000000000000000000000000000000000000000000000000D9
S32580049E000000000000000000000000000000000000000000000000000000000000000000B8
S32580049E20000000000000000000000000000000000000000000000000000000000000000098
S32580049E40000000000000000000000000000000000000000000000000000000000000000078
S32580049E60000000000000000000000000000000000000000000000000000000000000000058
S32580049E80000000000000000000000000000000000000000000000000000000000000000038
S32580049EA0000000000000000000000000000000000000000000000000000000000000000018
S32580049EC00000000000000000000000000000000000000000000000000000000000000000F8
S32580049EE00000000000000000000000000000000000000000000000000000000000000000D8
S32580049F000000000000000000000000000000000000000000000000000000000000000000B7
S32580049F20000000000000000000000000000000000000000000000000000000000000000097
S32580049F40000000000000000000000000000000000000000000000000000000000000000077
S32580049F60000000000000000000000000000000000000000000000000000000000000000057
S32580049F80000000000000000000000000000000000000000000000000000000000000000037
S32580049FA0000000000000000000000000000000000000000000000000000000000000000017
S32580049FC00000000000000000000000000000000000000000000000000000000000000000F7
S32580049FE00000000000000000000000000000000000000000000000000000000000000000D7
S3258004A0000000000000000000000000000000000000000000000000000000000000000000B6
S3258004A020000000000000000000000000000000000000000000000000000000000000000096
S3258004A040000000000000000000000000000000000000000000000000000000000000000076
S3258004A060000000000000000000000000000000000000000000000000000000000000000056
S3258004A080000000000000000000000000000000000000000000000000000000000000000036
S3258004A0A0000000000000000000000000000000000000000000000000000000000000000016
S3258004A0C00000000000000000000000000000000000000000000000000000000000000000F6
S3258004A0E00000000000000000000000000000000000000000000000000000000000000000D6
S3258004A1000000000000000000000000000000000000000000000000000000000000000000B5
S3258004A120000000000000000000000000000000000000000000000000000000000000000095
S3258004A140000000000000000000000000000000000000000000000000000000000000000075
S3258004A160000000000000000000000000000000000000000000000000000000000000000055
S3258004A180000000000000000000000000000000000000000000000000000000000000000035
S3258004A1A0000000000000000000000000000000000000000000000000000000000000000015
S3258004A1C00000000000000000000000000000000000000000000000000000000000000000F5
S3258004A1E00000000000000000000000000000000000000000000000000000000000000000D5
S3258004A2000000000000000000000000000000000000000000000000000000000000000000B4
S3258004A220000000000000000000000000000000000000000000000000000000000000000094
S3258004A240000000000000000000000000000000000000000000000000000000000000000074
S3258004A260000000000000000000000000000000000000000000000000000000000000000054
S3258004A280000000000000000000000000000000000000000000000000000000000000000034
S3258004A2A0000000000000000000000000000000000000000000000000000000000000000014
S3258004A2C00000000000000000000000000000000000000000000000000000000000000000F4
S3258004A2E00000000000000000000000000000000000000000000000000000000000000000D4
S3258004A3000000000000000000000000000000000000000000000000000000000000000000B3
S3258004A320000000000000000000000000000000000000000000000000000000000000000093
S3258004A340000000000000000000000000000000000000000000000000000000000000000073
S3258004A360000000000000000000000000000000000000000000000000000000000000000053
S3258004A380000000000000000000000000000000000000000000000000000000000000000033
S3258004A3A0000000000000000000000000000000000000000000000000000000000000000013
S3258004A3C00000000000000000000000000000000000000000000000000000000000000000F3
S3258004A3E00000000000000000000000000000000000000000000000000000000000000000D3
S3258004A4000000000000000000000000000000000000000000000000000000000000000000B2
S3258004A420000000000000000000000000000000000000000000000000000000000000000092
S3258004A440000000000000000000000000000000000000000000000000000000000000000072
S3258004A460000000000000000000000000000000000000000000000000000000000000000052
S3258004A480000000000000000000000000000000000000000000000000000000000000000032
S3258004A4A0000000000000000000000000000000000000000000000000000000000000000012
S3258004A4C00000000000000000000000000000000000000000000000000000000000000000F2
S3258004A4E00000000000000000000000000000000000000000000000000000000000000000D2
S3258004A5000000000000000000000000000000000000000000000000000000000000000000B1
S3258004A520000000000000000000000000000000000000000000000000000000000000000091
S3258004A540000000000000000000000000000000000000000000000000000000000000000071
S3258004A560000000000000000000000000000000000000000000000000000000000000000051
S3258004A580000000000000000000000000000000000000000000000000000000000000000031
S3258004A5A0000000000000000000000000000000000000000000000000000000000000000011
S3258004A5C00000000000000000000000000000000000000000000000000000000000000000F1
S3258004A5E00000000000000000000000000000000000000000000000000000000000000000D1
S3258004A6000000000000000000000000000000000000000000000000000000000000000000B0
S3258004A620000000000000000000000000000000000000000000000000000000000000000090
S3258004A640000000000000000000000000000000000000000000000000000000000000000070
S3258004A660000000000000000000000000000000000000000000000000000000000000000050
S3258004A680000000000000000000000000000000000000000000000000000000000000000030
S3258004A6A0000000000000000000000000000000000000000000000000000000000000000010
S3258004A6C00000000000000000000000000000000000000000000000000000000000000000F0
S3258004A6E00000000000000000000000000000000000000000000000000000000000000000D0
S3258004A7000000000000000000000000000000000000000000000000000000000000000000AF
S3258004A72000000000000000000000000000000000000000000000000000000000000000008F
S3258004A74000000000000000000000000000000000000000000000000000000000000000006F
S3258004A76000000000000000000000000000000000000000000000000000000000000000004F
S3258004A78000000000000000000000000000000000000000000000000000000000000000002F
S3258004A7A000000000000000000000000000000000000000000000000000000000000000000F
S3258004A7C00000000000000000000000000000000000000000000000000000000000000000EF
S3258004A7E00000000000000000000000000000000000000000000000000000000000000000CF
S3258004A8000000000000000000000000000000000000000000000000000000000000000000AE
S3258004A82000000000000000000000000000000000000000000000000000000000000000008E
S3258004A84000000000000000000000000000000000000000000000000000000000000000006E
S3258004A86000000000000000000000000000000000000000000000000000000000000000004E
S3258004A88000000000000000000000000000000000000000000000000000000000000000002E
S3258004A8A000000000000000000000000000000000000000000000000000000000000000000E
S3258004A8C00000000000000000000000000000000000000000000000000000000000000000EE
S3258004A8E00000000000000000000000000000000000000000000000000000000000000000CE
S3258004A9000000000000000000000000000000000000000000000000000000000000000000AD
S3258004A92000000000000000000000000000000000000000000000000000000000000000008D
S3258004A94000000000000000000000000000000000000000000000000000000000000000006D
S3258004A96000000000000000000000000000000000000000000000000000000000000000004D
S3258004A98000000000000000000000000000000000000000000000000000000000000000002D
S3258004A9A000000000000000000000000000000000000000000000000000000000000000000D
S3258004A9C00000000000000000000000000000000000000000000000000000000000000000ED
S3258004A9E00000000000000000000000000000000000000000000000000000000000000000CD
S3258004AA000000000000000000000000000000000000000000000000000000000000000000AC
S3258004AA2000000000000000000000000000000000000000000000000000000000000000008C
S3258004AA4000000000000000000000000000000000000000000000000000000000000000006C
S3258004AA6000000000000000000000000000000000000000000000000000000000000000004C
S3258004AA8000000000000000000000000000000000000000000000000000000000000000002C
S3258004AAA000000000000000000000000000000000000000000000000000000000000000000C
S3258004AAC00000000000000000000000000000000000000000000000000000000000000000EC
S3258004AAE00000000000000000000000000000000000000000000000000000000000000000CC
S3258004AB000000000000000000000000000000000000000000000000000000000000000000AB
S3258004AB2000000000000000000000000000000000000000000000000000000000000000008B
S3258004AB4000000000000000000000000000000000000000000000000000000000000000006B
S3258004AB6000000000000000000000000000000000000000000000000000000000000000004B
S3258004AB8000000000000000000000000000000000000000000000000000000000000000002B
S3258004ABA000000000000000000000000000000000000000000000000000000000000000000B
S3258004ABC00000000000000000000000000000000000000000000000000000000000000000EB
S3258004ABE00000000000000000000000000000000000000000000000000000000000000000CB
S3258004AC000000000000000000000000000000000000000000000000000000000000000000AA
S3258004AC2000000000000000000000000000000000000000000000000000000000000000008A
S3258004AC4000000000000000000000000000000000000000000000000000000000000000006A
S3258004AC6000000000000000000000000000000000000000000000000000000000000000004A
S3258004AC8000000000000000000000000000000000000000000000000000000000000000002A
S3258004ACA000000000000000000000000000000000000000000000000000000000000000000A
S3258004ACC00000000000000000000000000000000000000000000000000000000000000000EA
S3258004ACE00000000000000000000000000000000000000000000000000000000000000000CA
S3258004AD000000000000000000000000000000000000000000000000000000000000000000A9
S3258004AD20000000000000000000000000000000000000000000000000000000000000000089
S3258004AD40000000000000000000000000000000000000000000000000000000000000000069
S3258004AD60000000000000000000000000000000000000000000000000000000000000000049
S3258004AD80000000000000000000000000000000000000000000000000000000000000000029
S3258004ADA0000000000000000000000000000000000000000000000000000000000000000009
S3258004ADC00000000000000000000000000000000000000000000000000000000000000000E9
S3258004ADE00000000000000000000000000000000000000000000000000000000000000000C9
S3258004AE000000000000000000000000000000000000000000000000000000000000000000A8
S3258004AE20000000000000000000000000000000000000000000000000000000000000000088
S3258004AE40000000000000000000000000000000000000000000000000000000000000000068
S3258004AE60000000000000000000000000000000000000000000000000000000000000000048
S3258004AE80000000000000000000000000000000000000000000000000000000000000000028
S3258004AEA0000000000000000000000000000000000000000000000000000000000000000008
S3258004AEC00000000000000000000000000000000000000000000000000000000000000000E8
S3258004AEE00000000000000000000000000000000000000000000000000000000000000000C8
S3258004AF000000000000000000000000000000000000000000000000000000000000000000A7
S3258004AF20000000000000000000000000000000000000000000000000000000000000000087
S3258004AF40000000000000000000000000000000000000000000000000000000000000000067
S3258004AF60000000000000000000000000000000000000000000000000000000000000000047
S3258004AF80000000000000000000000000000000000000000000000000000000000000000027
S3258004AFA0000000000000000000000000000000000000000000000000000000000000000007
S3258004AFC00000000000000000000000000000000000000000000000000000000000000000E7
S3258004AFE00000000000000000000000000000000000000000000000000000000000000000C7
S3258004B0000000000000000000000000000000000000000000000000000000000000000000A6
S3258004B020000000000000000000000000000000000000000000000000000000000000000086
S3258004B040000000000000000000000000000000000000000000000000000000000000000066
S3258004B060000000000000000000000000000000000000000000000000000000000000000046
S3258004B080000000000000000000000000000000000000000000000000000000000000000026
S3258004B0A0000000000000000000000000000000000000000000000000000000000000000006
S3258004B0C00000000000000000000000000000000000000000000000000000000000000000E6
S3258004B0E00000000000000000000000000000000000000000000000000000000000000000C6
S3258004B1000000000000000000000000000000000000000000000000000000000000000000A5
S3258004B120000000000000000000000000000000000000000000000000000000000000000085
S3258004B140000000000000000000000000000000000000000000000000000000000000000065
S3258004B160000000000000000000000000000000000000000000000000000000000000000045
S3258004B180000000000000000000000000000000000000000000000000000000000000000025
S3258004B1A0000000000000000000000000000000000000000000000000000000000000000005
S3258004B1C00000000000000000000000000000000000000000000000000000000000000000E5
S3258004B1E00000000000000000000000000000000000000000000000000000000000000000C5
S3258004B2000000000000000000000000000000000000000000000000000000000000000000A4
S3258004B220000000000000000000000000000000000000000000000000000000000000000084
S3258004B240000000000000000000000000000000000000000000000000000000000000000064
S3258004B260000000000000000000000000000000000000000000000000000000000000000044
S3258004B280000000000000000000000000000000000000000000000000000000000000000024
S3258004B2A0000000000000000000000000000000000000000000000000000000000000000004
S3258004B2C00000000000000000000000000000000000000000000000000000000000000000E4
S3258004B2E00000000000000000000000000000000000000000000000000000000000000000C4
S3258004B3000000000000000000000000000000000000000000000000000000000000000000A3
S3258004B320000000000000000000000000000000000000000000000000000000000000000083
S3258004B340000000000000000000000000000000000000000000000000000000000000000063
S3258004B360000000000000000000000000000000000000000000000000000000000000000043
S3258004B380000000000000000000000000000000000000000000000000000000000000000023
S3258004B3A0000000000000000000000000000000000000000000000000000000000000000003
S3258004B3C00000000000000000000000000000000000000000000000000000000000000000E3
S3258004B3E00000000000000000000000000000000000000000000000000000000000000000C3
S3258004B4000000000000000000000000000000000000000000000000000000000000000000A2
S3258004B420000000000000000000000000000000000000000000000000000000000000000082
S3258004B440000000000000000000000000000000000000000000000000000000000000000062
S3258004B460000000000000000000000000000000000000000000000000000000000000000042
S3258004B480000000000000000000000000000000000000000000000000000000000000000022
S3258004B4A0000000000000000000000000000000000000000000000000000000000000000002
S3258004B4C00000000000000000000000000000000000000000000000000000000000000000E2
S3258004B4E00000000000000000000000000000000000000000000000000000000000000000C2
S3258004B5000000000000000000000000000000000000000000000000000000000000000000A1
S3258004B520000000000000000000000000000000000000000000000000000000000000000081
S3258004B540000000000000000000000000000000000000000000000000000000000000000061
S3258004B560000000000000000000000000000000000000000000000000000000000000000041
S3258004B580000000000000000000000000000000000000000000000000000000000000000021
S3258004B5A0000000000000000000000000000000000000000000000000000000000000000001
S3258004B5C00000000000000000000000000000000000000000000000000000000000000000E1
S3258004B5E00000000000000000000000000000000000000000000000000000000000000000C1
S3258004B6000000000000000000000000000000000000000000000000000000000000000000A0
S3258004B620000000000000000000000000000000000000000000000000000000000000000080
S3258004B640000000000000000000000000000000000000000000000000000000000000000060
S3258004B660000000000000000000000000000000000000000000000000000000000000000040
S3258004B680000000000000000000000000000000000000000000000000000000000000000020
S3258004B6A0000000000000000000000000000000000000000000000000000000000000000000
S3258004B6C00000000000000000000000000000000000000000000000000000000000000000E0
S3258004B6E00000000000000000000000000000000000000000000000000000000000000000C0
S3258004B70000000000000000000000000000000000000000000000000000000000000000009F
S3258004B72000000000000000000000000000000000000000000000000000000000000000007F
S3258004B74000000000000000000000000000000000000000000000000000000000000000005F
S3258004B76000000000000000000000000000000000000000000000000000000000000000003F
S3258004B78000000000000000000000000000000000000000000000000000000000000000001F
S3258004B7A00000000000000000000000000000000000000000000000000000000000000000FF
S3258004B7C00000000000000000000000000000000000000000000000000000000000000000DF
S3258004B7E00000000000000000000000000000000000000000000000000000000000000000BF
S3258004B80000000000000000000000000000000000000000000000000000000000000000009E
S3258004B82000000000000000000000000000000000000000000000000000000000000000007E
S3258004B84000000000000000000000000000000000000000000000000000000000000000005E
S3258004B86000000000000000000000000000000000000000000000000000000000000000003E
S3258004B88000000000000000000000000000000000000000000000000000000000000000001E
S3258004B8A00000000000000000000000000000000000000000000000000000000000000000FE
S3258004B8C00000000000000000000000000000000000000000000000000000000000000000DE
S3258004B8E00000000000000000000000000000000000000000000000000000000000000000BE
S3258004B90000000000000000000000000000000000000000000000000000000000000000009D
S3258004B92000000000000000000000000000000000000000000000000000000000000000007D
S3258004B94000000000000000000000000000000000000000000000000000000000000000005D
S3258004B96000000000000000000000000000000000000000000000000000000000000000003D
S3258004B98000000000000000000000000000000000000000000000000000000000000000001D
S3258004B9A00000000000000000000000000000000000000000000000000000000000000000FD
S3258004B9C00000000000000000000000000000000000000000000000000000000000000000DD
S3258004B9E00000000000000000000000000000000000000000000000000000000000000000BD
S3258004BA0000000000000000000000000000000000000000000000000000000000000000009C
S3258004BA2000000000000000000000000000000000000000000000000000000000000000007C
S3258004BA4000000000000000000000000000000000000000000000000000000000000000005C
S3258004BA6000000000000000000000000000000000000000000000000000000000000000003C
S3258004BA8000000000000000000000000000000000000000000000000000000000000000001C
S3258004BAA00000000000000000000000000000000000000000000000000000000000000000FC
S3258004BAC00000000000000000000000000000000000000000000000000000000000000000DC
S3258004BAE00000000000000000000000000000000000000000000000000000000000000000BC
S3258004BB0000000000000000000000000000000000000000000000000000000000000000009B
S3258004BB2000000000000000000000000000000000000000000000000000000000000000007B
S3258004BB4000000000000000000000000000000000000000000000000000000000000000005B
S3258004BB6000000000000000000000000000000000000000000000000000000000000000003B
S3258004BB8000000000000000000000000000000000000000000000000000000000000000001B
S3258004BBA00000000000000000000000000000000000000000000000000000000000000000FB
S3258004BBC00000000000000000000000000000000000000000000000000000000000000000DB
S3258004BBE00000000000000000000000000000000000000000000000000000000000000000BB
S3258004BC0000000000000000000000000000000000000000000000000000000000000000009A
S3258004BC2000000000000000000000000000000000000000000000000000000000000000007A
S3258004BC4000000000000000000000000000000000000000000000000000000000000000005A
S3258004BC6000000000000000000000000000000000000000000000000000000000000000003A
S3258004BC8000000000000000000000000000000000000000000000000000000000000000001A
S3258004BCA00000000000000000000000000000000000000000000000000000000000000000FA
S3258004BCC00000000000000000000000000000000000000000000000000000000000000000DA
S3258004BCE00000000000000000000000000000000000000000000000000000000000000000BA
S3258004BD00000000000000000000000000000000000000000000000000000000000000000099
S3258004BD20000000000000000000000000000000000000000000000000000000000000000079
S3258004BD40000000000000000000000000000000000000000000000000000000000000000059
S3258004BD60000000000000000000000000000000000000000000000000000000000000000039
S3258004BD80000000000000000000000000000000000000000000000000000000000000000019
S3258004BDA00000000000000000000000000000000000000000000000000000000000000000F9
S3258004BDC00000000000000000000000000000000000000000000000000000000000000000D9
S3258004BDE00000000000000000000000000000000000000000000000000000000000000000B9
S3258004BE00000000000000000000000000000000000000000000000000000000000000000098
S3258004BE20000000000000000000000000000000000000000000000000000000000000000078
S3258004BE40000000000000000000000000000000000000000000000000000000000000000058
S3258004BE60000000000000000000000000000000000000000000000000000000000000000038
S3258004BE80000000000000000000000000000000000000000000000000000000000000000018
S3258004BEA00000000000000000000000000000000000000000000000000000000000000000F8
S3258004BEC00000000000000000000000000000000000000000000000000000000000000000D8
S3258004BEE00000000000000000000000000000000000000000000000000000000000000000B8
S3258004BF00000000000000000000000000000000000000000000000000000000000000000097
S3258004BF20000000000000000000000000000000000000000000000000000000000000000077
S3258004BF40000000000000000000000000000000000000000000000000000000000000000057
S3258004BF60000000000000000000000000000000000000000000000000000000000000000037
S3258004BF80000000000000000000000000000000000000000000000000000000000000000017
S3258004BFA00000000000000000000000000000000000000000000000000000000000000000F7
S3258004BFC00000000000000000000000000000000000000000000000000000000000000000D7
S3258004BFE00000000000000000000000000000000000000000000000000000000000000000B7
S3258004C000000000000000000000000000000000000000000000000000000000000000000096
S3258004C020000000000000000000000000000000000000000000000000000000000000000076
S3258004C040000000000000000000000000000000000000000000000000000000000000000056
S3258004C060000000000000000000000000000000000000000000000000000000000000000036
S3258004C080000000000000000000000000000000000000000000000000000000000000000016
S3258004C0A00000000000000000000000000000000000000000000000000000000000000000F6
S3258004C0C00000000000000000000000000000000000000000000000000000000000000000D6
S3258004C0E00000000000000000000000000000000000000000000000000000000000000000B6
S3258004C100000000000000000000000000000000000000000000000000000000000000000095
S3258004C120000000000000000000000000000000000000000000000000000000000000000075
S3258004C140000000000000000000000000000000000000000000000000000000000000000055
S3258004C160000000000000000000000000000000000000000000000000000000000000000035
S3258004C180000000000000000000000000000000000000000000000000000000000000000015
S3258004C1A00000000000000000000000000000000000000000000000000000000000000000F5
S3258004C1C00000000000000000000000000000000000000000000000000000000000000000D5
S3258004C1E00000000000000000000000000000000000000000000000000000000000000000B5
S3258004C200000000000000000000000000000000000000000000000000000000000000000094
S3258004C220000000000000000000000000000000000000000000000000000000000000000074
S3258004C240000000000000000000000000000000000000000000000000000000000000000054
S3258004C260000000000000000000000000000000000000000000000000000000000000000034
S3258004C280000000000000000000000000000000000000000000000000000000000000000014
S3258004C2A00000000000000000000000000000000000000000000000000000000000000000F4
S3258004C2C00000000000000000000000000000000000000000000000000000000000000000D4
S3258004C2E00000000000000000000000000000000000000000000000000000000000000000B4
S3258004C300000000000000000000000000000000000000000000000000000000000000000093
S3258004C320000000000000000000000000000000000000000000000000000000000000000073
S3258004C340000000000000000000000000000000000000000000000000000000000000000053
S3258004C360000000000000000000000000000000000000000000000000000000000000000033
S3258004C380000000000000000000000000000000000000000000000000000000000000000013
S3258004C3A00000000000000000000000000000000000000000000000000000000000000000F3
S3258004C3C00000000000000000000000000000000000000000000000000000000000000000D3
S3258004C3E00000000000000000000000000000000000000000000000000000000000000000B3
S3258004C400000000000000000000000000000000000000000000000000000000000000000092
S3258004C420000000000000000000000000000000000000000000000000000000000000000072
S3258004C440000000000000000000000000000000000000000000000000000000000000000052
S3258004C460000000000000000000000000000000000000000000000000000000000000000032
S3258004C480000000000000000000000000000000000000000000000000000000000000000012
S3258004C4A00000000000000000000000000000000000000000000000000000000000000000F2
S3258004C4C00000000000000000000000000000000000000000000000000000000000000000D2
S3258004C4E00000000000000000000000000000000000000000000000000000000000000000B2
S3258004C500000000000000000000000000000000000000000000000000000000000000000091
S3258004C520000000000000000000000000000000000000000000000000000000000000000071
S3258004C540000000000000000000000000000000000000000000000000000000000000000051
S3258004C560000000000000000000000000000000000000000000000000000000000000000031
S3258004C580000000000000000000000000000000000000000000000000000000000000000011
S3258004C5A00000000000000000000000000000000000000000000000000000000000000000F1
S3258004C5C00000000000000000000000000000000000000000000000000000000000000000D1
S3258004C5E00000000000000000000000000000000000000000000000000000000000000000B1
S3258004C600000000000000000000000000000000000000000000000000000000000000000090
S3258004C620000000000000000000000000000000000000000000000000000000000000000070
S3258004C640000000000000000000000000000000000000000000000000000000000000000050
S3258004C660000000000000000000000000000000000000000000000000000000000000000030
S3258004C680000000000000000000000000000000000000000000000000000000000000000010
S3258004C6A00000000000000000000000000000000000000000000000000000000000000000F0
S3258004C6C00000000000000000000000000000000000000000000000000000000000000000D0
S3258004C6E00000000000000000000000000000000000000000000000000000000000000000B0
S3258004C70000000000000000000000000000000000000000000000000000000000000000008F
S3258004C72000000000000000000000000000000000000000000000000000000000000000006F
S3258004C74000000000000000000000000000000000000000000000000000000000000000004F
S3258004C76000000000000000000000000000000000000000000000000000000000000000002F
S3258004C78000000000000000000000000000000000000000000000000000000000000000000F
S3258004C7A00000000000000000000000000000000000000000000000000000000000000000EF
S3258004C7C00000000000000000000000000000000000000000000000000000000000000000CF
S3258004C7E00000000000000000000000000000000000000000000000000000000000000000AF
S3258004C80000000000000000000000000000000000000000000000000000000000000000008E
S3258004C82000000000000000000000000000000000000000000000000000000000000000006E
S3258004C84000000000000000000000000000000000000000000000000000000000000000004E
S3258004C86000000000000000000000000000000000000000000000000000000000000000002E
S3258004C88000000000000000000000000000000000000000000000000000000000000000000E
S3258004C8A00000000000000000000000000000000000000000000000000000000000000000EE
S3258004C8C00000000000000000000000000000000000000000000000000000000000000000CE
S3258004C8E00000000000000000000000000000000000000000000000000000000000000000AE
S3258004C90000000000000000000000000000000000000000000000000000000000000000008D
S3258004C92000000000000000000000000000000000000000000000000000000000000000006D
S3258004C94000000000000000000000000000000000000000000000000000000000000000004D
S3258004C96000000000000000000000000000000000000000000000000000000000000000002D
S3258004C98000000000000000000000000000000000000000000000000000000000000000000D
S3258004C9A00000000000000000000000000000000000000000000000000000000000000000ED
S3258004C9C00000000000000000000000000000000000000000000000000000000000000000CD
S3258004C9E00000000000000000000000000000000000000000000000000000000000000000AD
S3258004CA0000000000000000000000000000000000000000000000000000000000000000008C
S3258004CA2000000000000000000000000000000000000000000000000000000000000000006C
S3258004CA4000000000000000000000000000000000000000000000000000000000000000004C
S3258004CA6000000000000000000000000000000000000000000000000000000000000000002C
S3258004CA8000000000000000000000000000000000000000000000000000000000000000000C
S3258004CAA00000000000000000000000000000000000000000000000000000000000000000EC
S3258004CAC00000000000000000000000000000000000000000000000000000000000000000CC
S3258004CAE00000000000000000000000000000000000000000000000000000000000000000AC
S3258004CB0000000000000000000000000000000000000000000000000000000000000000008B
S3258004CB2000000000000000000000000000000000000000000000000000000000000000006B
S3258004CB4000000000000000000000000000000000000000000000000000000000000000004B
S3258004CB6000000000000000000000000000000000000000000000000000000000000000002B
S3258004CB8000000000000000000000000000000000000000000000000000000000000000000B
S3258004CBA00000000000000000000000000000000000000000000000000000000000000000EB
S3258004CBC00000000000000000000000000000000000000000000000000000000000000000CB
S3258004CBE00000000000000000000000000000000000000000000000000000000000000000AB
S3258004CC0000000000000000000000000000000000000000000000000000000000000000008A
S3258004CC2000000000000000000000000000000000000000000000000000000000000000006A
S3258004CC4000000000000000000000000000000000000000000000000000000000000000004A
S3258004CC6000000000000000000000000000000000000000000000000000000000000000002A
S3258004CC8000000000000000000000000000000000000000000000000000000000000000000A
S3258004CCA00000000000000000000000000000000000000000000000000000000000000000EA
S3258004CCC00000000000000000000000000000000000000000000000000000000000000000CA
S3258004CCE00000000000000000000000000000000000000000000000000000000000000000AA
S3258004CD00000000000000000000000000000000000000000000000000000000000000000089
S3258004CD20000000000000000000000000000000000000000000000000000000000000000069
S3258004CD40000000000000000000000000000000000000000000000000000000000000000049
S3258004CD60000000000000000000000000000000000000000000000000000000000000000029
S3258004CD80000000000000000000000000000000000000000000000000000000000000000009
S3258004CDA00000000000000000000000000000000000000000000000000000000000000000E9
S3258004CDC00000000000000000000000000000000000000000000000000000000000000000C9
S3258004CDE00000000000000000000000000000000000000000000000000000000000000000A9
S3258004CE00000000000000000000000000000000000000000000000000000000000000000088
S3258004CE20000000000000000000000000000000000000000000000000000000000000000068
S3258004CE40000000000000000000000000000000000000000000000000000000000000000048
S3258004CE60000000000000000000000000000000000000000000000000000000000000000028
S3258004CE80000000000000000000000000000000000000000000000000000000000000000008
S3258004CEA00000000000000000000000000000000000000000000000000000000000000000E8
S3258004CEC00000000000000000000000000000000000000000000000000000000000000000C8
S3258004CEE00000000000000000000000000000000000000000000000000000000000000000A8
S3258004CF00000000000000000000000000000000000000000000000000000000000000000087
S3258004CF20000000000000000000000000000000000000000000000000000000000000000067
S3258004CF40000000000000000000000000000000000000000000000000000000000000000047
S3258004CF60000000000000000000000000000000000000000000000000000000000000000027
S3258004CF80000000000000000000000000000000000000000000000000000000000000000007
S3258004CFA00000000000000000000000000000000000000000000000000000000000000000E7
S3258004CFC00000000000000000000000000000000000000000000000000000000000000000C7
S3258004CFE00000000000000000000000000000000000000000000000000000000000000000A7
S3258004D000000000000000000000000000000000000000000000000000000000000000000086
S3258004D020000000000000000000000000000000000000000000000000000000000000000066
S3258004D040000000000000000000000000000000000000000000000000000000000000000046
S3258004D060000000000000000000000000000000000000000000000000000000000000000026
S3258004D080000000000000000000000000000000000000000000000000000000000000000006
S3258004D0A00000000000000000000000000000000000000000000000000000000000000000E6
S3258004D0C00000000000000000000000000000000000000000000000000000000000000000C6
S3258004D0E00000000000000000000000000000000000000000000000000000000000000000A6
S3258004D100000000000000000000000000000000000000000000000000000000000000000085
S3258004D120000000000000000000000000000000000000000000000000000000000000000065
S3258004D140000000000000000000000000000000000000000000000000000000000000000045
S3258004D160000000000000000000000000000000000000000000000000000000000000000025
S3258004D180000000000000000000000000000000000000000000000000000000000000000005
S3258004D1A00000000000000000000000000000000000000000000000000000000000000000E5
S3258004D1C00000000000000000000000000000000000000000000000000000000000000000C5
S3258004D1E00000000000000000000000000000000000000000000000000000000000000000A5
S3258004D200000000000000000000000000000000000000000000000000000000000000000084
S3258004D220000000000000000000000000000000000000000000000000000000000000000064
S3258004D240000000000000000000000000000000000000000000000000000000000000000044
S3258004D260000000000000000000000000000000000000000000000000000000000000000024
S3258004D280000000000000000000000000000000000000000000000000000000000000000004
S3258004D2A00000000000000000000000000000000000000000000000000000000000000000E4
S3258004D2C00000000000000000000000000000000000000000000000000000000000000000C4
S3258004D2E00000000000000000000000000000000000000000000000000000000000000000A4
S3258004D300000000000000000000000000000000000000000000000000000000000000000083
S3258004D320000000000000000000000000000000000000000000000000000000000000000063
S3258004D340000000000000000000000000000000000000000000000000000000000000000043
S3258004D360000000000000000000000000000000000000000000000000000000000000000023
S3258004D380000000000000000000000000000000000000000000000000000000000000000003
S3258004D3A00000000000000000000000000000000000000000000000000000000000000000E3
S3258004D3C00000000000000000000000000000000000000000000000000000000000000000C3
S3258004D3E00000000000000000000000000000000000000000000000000000000000000000A3
S3258004D400000000000000000000000000000000000000000000000000000000000000000082
S3258004D420000000000000000000000000000000000000000000000000000000000000000062
S3258004D440000000000000000000000000000000000000000000000000000000000000000042
S3258004D460000000000000000000000000000000000000000000000000000000000000000022
S3258004D480000000000000000000000000000000000000000000000000000000000000000002
S3258004D4A00000000000000000000000000000000000000000000000000000000000000000E2
S3258004D4C00000000000000000000000000000000000000000000000000000000000000000C2
S3258004D4E00000000000000000000000000000000000000000000000000000000000000000A2
S3258004D500000000000000000000000000000000000000000000000000000000000000000081
S3258004D520000000000000000000000000000000000000000000000000000000000000000061
S3258004D540000000000000000000000000000000000000000000000000000000000000000041
S3258004D560000000000000000000000000000000000000000000000000000000000000000021
S3258004D580000000000000000000000000000000000000000000000000000000000000000001
S3258004D5A00000000000000000000000000000000000000000000000000000000000000000E1
S3258004D5C00000000000000000000000000000000000000000000000000000000000000000C1
S3258004D5E00000000000000000000000000000000000000000000000000000000000000000A1
S3258004D600000000000000000000000000000000000000000000000000000000000000000080
S3258004D620000000000000000000000000000000000000000000000000000000000000000060
S3258004D640000000000000000000000000000000000000000000000000000000000000000040
S3258004D660000000000000000000000000000000000000000000000000000000000000000020
S3258004D680000000000000000000000000000000000000000000000000000000000000000000
S3258004D6A00000000000000000000000000000000000000000000000000000000000000000E0
S3258004D6C00000000000000000000000000000000000000000000000000000000000000000C0
S3258004D6E00000000000000000000000000000000000000000000000000000000000000000A0
S3258004D70000000000000000000000000000000000000000000000000000000000000000007F
S3258004D72000000000000000000000000000000000000000000000000000000000000000005F
S3258004D74000000000000000000000000000000000000000000000000000000000000000003F
S3258004D76000000000000000000000000000000000000000000000000000000000000000001F
S3258004D7800000000000000000000000000000000000000000000000000000000000000000FF
S3258004D7A00000000000000000000000000000000000000000000000000000000000000000DF
S3258004D7C00000000000000000000000000000000000000000000000000000000000000000BF
S3258004D7E000000000000000000000000000000000000000000000000000000000000000009F
S3258004D80000000000000000000000000000000000000000000000000000000000000000007E
S3258004D82000000000000000000000000000000000000000000000000000000000000000005E
S3258004D84000000000000000000000000000000000000000000000000000000000000000003E
S3258004D86000000000000000000000000000000000000000000000000000000000000000001E
S3258004D8800000000000000000000000000000000000000000000000000000000000000000FE
S3258004D8A00000000000000000000000000000000000000000000000000000000000000000DE
S3258004D8C00000000000000000000000000000000000000000000000000000000000000000BE
S3258004D8E000000000000000000000000000000000000000000000000000000000000000009E
S3258004D90000000000000000000000000000000000000000000000000000000000000000007D
S3258004D92000000000000000000000000000000000000000000000000000000000000000005D
S3258004D94000000000000000000000000000000000000000000000000000000000000000003D
S3258004D96000000000000000000000000000000000000000000000000000000000000000001D
S3258004D9800000000000000000000000000000000000000000000000000000000000000000FD
S3258004D9A00000000000000000000000000000000000000000000000000000000000000000DD
S3258004D9C00000000000000000000000000000000000000000000000000000000000000000BD
S3258004D9E000000000000000000000000000000000000000000000000000000000000000009D
S3258004DA0000000000000000000000000000000000000000000000000000000000000000007C
S3258004DA2000000000000000000000000000000000000000000000000000000000000000005C
S3258004DA4000000000000000000000000000000000000000000000000000000000000000003C
S3258004DA6000000000000000000000000000000000000000000000000000000000000000001C
S3258004DA800000000000000000000000000000000000000000000000000000000000000000FC
S3258004DAA00000000000000000000000000000000000000000000000000000000000000000DC
S3258004DAC00000000000000000000000000000000000000000000000000000000000000000BC
S3258004DAE000000000000000000000000000000000000000000000000000000000000000009C
S3258004DB0000000000000000000000000000000000000000000000000000000000000000007B
S3258004DB2000000000000000000000000000000000000000000000000000000000000000005B
S3258004DB4000000000000000000000000000000000000000000000000000000000000000003B
S3258004DB6000000000000000000000000000000000000000000000000000000000000000001B
S3258004DB800000000000000000000000000000000000000000000000000000000000000000FB
S3258004DBA00000000000000000000000000000000000000000000000000000000000000000DB
S3258004DBC00000000000000000000000000000000000000000000000000000000000000000BB
S3258004DBE000000000000000000000000000000000000000000000000000000000000000009B
S3258004DC0000000000000000000000000000000000000000000000000000000000000000007A
S3258004DC2000000000000000000000000000000000000000000000000000000000000000005A
S3258004DC4000000000000000000000000000000000000000000000000000000000000000003A
S3258004DC6000000000000000000000000000000000000000000000000000000000000000001A
S3258004DC800000000000000000000000000000000000000000000000000000000000000000FA
S3258004DCA00000000000000000000000000000000000000000000000000000000000000000DA
S3258004DCC00000000000000000000000000000000000000000000000000000000000000000BA
S3258004DCE000000000000000000000000000000000000000000000000000000000000000009A
S3258004DD00000000000000000000000000000000000000000000000000000000000000000079
S3258004DD20000000000000000000000000000000000000000000000000000000000000000059
S3258004DD40000000000000000000000000000000000000000000000000000000000000000039
S3258004DD60000000000000000000000000000000000000000000000000000000000000000019
S3258004DD800000000000000000000000000000000000000000000000000000000000000000F9
S3258004DDA00000000000000000000000000000000000000000000000000000000000000000D9
S3258004DDC00000000000000000000000000000000000000000000000000000000000000000B9
S3258004DDE0000000000000000000000000000000000000000000000000000000000000000099
S3258004DE00000000000000000000000000000000000000000000000000000000000000000078
S3258004DE20000000000000000000000000000000000000000000000000000000000000000058
S3258004DE40000000000000000000000000000000000000000000000000000000000000000038
S3258004DE60000000000000000000000000000000000000000000000000000000000000000018
S3258004DE800000000000000000000000000000000000000000000000000000000000000000F8
S3258004DEA00000000000000000000000000000000000000000000000000000000000000000D8
S3258004DEC00000000000000000000000000000000000000000000000000000000000000000B8
S3258004DEE0000000000000000000000000000000000000000000000000000000000000000098
S3258004DF00000000000000000000000000000000000000000000000000000000000000000077
S3258004DF20000000000000000000000000000000000000000000000000000000000000000057
S3258004DF40000000000000000000000000000000000000000000000000000000000000000037
S3258004DF60000000000000000000000000000000000000000000000000000000000000000017
S3258004DF800000000000000000000000000000000000000000000000000000000000000000F7
S3258004DFA00000000000000000000000000000000000000000000000000000000000000000D7
S3258004DFC00000000000000000000000000000000000000000000000000000000000000000B7
S3258004DFE0000000000000000000000000000000000000000000000000000000000000000097
S3258004E000000000000000000000000000000000000000000000000000000000000000000076
S3258004E020000000000000000000000000000000000000000000000000000000000000000056
S3258004E040000000000000000000000000000000000000000000000000000000000000000036
S3258004E060000000000000000000000000000000000000000000000000000000000000000016
S3258004E0800000000000000000000000000000000000000000000000000000000000000000F6
S3258004E0A00000000000000000000000000000000000000000000000000000000000000000D6
S3258004E0C00000000000000000000000000000000000000000000000000000000000000000B6
S3258004E0E0000000000000000000000000000000000000000000000000000000000000000096
S3258004E100000000000000000000000000000000000000000000000000000000000000000075
S3258004E120000000000000000000000000000000000000000000000000000000000000000055
S3258004E140000000000000000000000000000000000000000000000000000000000000000035
S3258004E160000000000000000000000000000000000000000000000000000000000000000015
S3258004E1800000000000000000000000000000000000000000000000000000000000000000F5
S3258004E1A00000000000000000000000000000000000000000000000000000000000000000D5
S3258004E1C00000000000000000000000000000000000000000000000000000000000000000B5
S3258004E1E0000000000000000000000000000000000000000000000000000000000000000095
S3258004E200000000000000000000000000000000000000000000000000000000000000000074
S3258004E220000000000000000000000000000000000000000000000000000000000000000054
S3258004E240000000000000000000000000000000000000000000000000000000000000000034
S3258004E260000000000000000000000000000000000000000000000000000000000000000014
S3258004E2800000000000000000000000000000000000000000000000000000000000000000F4
S3258004E2A00000000000000000000000000000000000000000000000000000000000000000D4
S3258004E2C00000000000000000000000000000000000000000000000000000000000000000B4
S3258004E2E0000000000000000000000000000000000000000000000000000000000000000094
S3258004E300000000000000000000000000000000000000000000000000000000000000000073
S3258004E320000000000000000000000000000000000000000000000000000000000000000053
S3258004E340000000000000000000000000000000000000000000000000000000000000000033
S3258004E360000000000000000000000000000000000000000000000000000000000000000013
S3258004E3800000000000000000000000000000000000000000000000000000000000000000F3
S3258004E3A00000000000000000000000000000000000000000000000000000000000000000D3
S3258004E3C00000000000000000000000000000000000000000000000000000000000000000B3
S3258004E3E0000000000000000000000000000000000000000000000000000000000000000093
S3258004E400000000000000000000000000000000000000000000000000000000000000000072
S3258004E420000000000000000000000000000000000000000000000000000000000000000052
S3258004E440000000000000000000000000000000000000000000000000000000000000000032
S3258004E460000000000000000000000000000000000000000000000000000000000000000012
S3258004E4800000000000000000000000000000000000000000000000000000000000000000F2
S3258004E4A00000000000000000000000000000000000000000000000000000000000000000D2
S3258004E4C00000000000000000000000000000000000000000000000000000000000000000B2
S3258004E4E0000000000000000000000000000000000000000000000000000000000000000092
S3258004E500000000000000000000000000000000000000000000000000000000000000000071
S3258004E520000000000000000000000000000000000000000000000000000000000000000051
S3258004E540000000000000000000000000000000000000000000000000000000000000000031
S3258004E560000000000000000000000000000000000000000000000000000000000000000011
S3258004E5800000000000000000000000000000000000000000000000000000000000000000F1
S3258004E5A00000000000000000000000000000000000000000000000000000000000000000D1
S3258004E5C00000000000000000000000000000000000000000000000000000000000000000B1
S3258004E5E0000000000000000000000000000000000000000000000000000000000000000091
S3258004E600000000000000000000000000000000000000000000000000000000000000000070
S3258004E620000000000000000000000000000000000000000000000000000000000000000050
S3258004E640000000000000000000000000000000000000000000000000000000000000000030
S3258004E660000000000000000000000000000000000000000000000000000000000000000010
S3258004E6800000000000000000000000000000000000000000000000000000000000000000F0
S3258004E6A00000000000000000000000000000000000000000000000000000000000000000D0
S3258004E6C00000000000000000000000000000000000000000000000000000000000000000B0
S3258004E6E0000000000000000000000000000000000000000000000000000000000000000090
S3258004E70000000000000000000000000000000000000000000000000000000000000000006F
S3258004E72000000000000000000000000000000000000000000000000000000000000000004F
S3258004E74000000000000000000000000000000000000000000000000000000000000000002F
S3258004E76000000000000000000000000000000000000000000000000000000000000000000F
S3258004E7800000000000000000000000000000000000000000000000000000000000000000EF
S3258004E7A00000000000000000000000000000000000000000000000000000000000000000CF
S3258004E7C00000000000000000000000000000000000000000000000000000000000000000AF
S3258004E7E000000000000000000000000000000000000000000000000000000000000000008F
S3258004E80000000000000000000000000000000000000000000000000000000000000000006E
S3258004E82000000000000000000000000000000000000000000000000000000000000000004E
S3258004E84000000000000000000000000000000000000000000000000000000000000000002E
S3258004E86000000000000000000000000000000000000000000000000000000000000000000E
S3258004E8800000000000000000000000000000000000000000000000000000000000000000EE
S3258004E8A00000000000000000000000000000000000000000000000000000000000000000CE
S3258004E8C00000000000000000000000000000000000000000000000000000000000000000AE
S3258004E8E000000000000000000000000000000000000000000000000000000000000000008E
S3258004E90000000000000000000000000000000000000000000000000000000000000000006D
S3258004E92000000000000000000000000000000000000000000000000000000000000000004D
S3258004E94000000000000000000000000000000000000000000000000000000000000000002D
S3258004E96000000000000000000000000000000000000000000000000000000000000000000D
S3258004E9800000000000000000000000000000000000000000000000000000000000000000ED
S3258004E9A00000000000000000000000000000000000000000000000000000000000000000CD
S3258004E9C00000000000000000000000000000000000000000000000000000000000000000AD
S3258004E9E000000000000000000000000000000000000000000000000000000000000000008D
S3258004EA0000000000000000000000000000000000000000000000000000000000000000006C
S3258004EA2000000000000000000000000000000000000000000000000000000000000000004C
S3258004EA4000000000000000000000000000000000000000000000000000000000000000002C
S3258004EA6000000000000000000000000000000000000000000000000000000000000000000C
S3258004EA800000000000000000000000000000000000000000000000000000000000000000EC
S3258004EAA00000000000000000000000000000000000000000000000000000000000000000CC
S3258004EAC00000000000000000000000000000000000000000000000000000000000000000AC
S3258004EAE000000000000000000000000000000000000000000000000000000000000000008C
S3258004EB0000000000000000000000000000000000000000000000000000000000000000006B
S3258004EB2000000000000000000000000000000000000000000000000000000000000000004B
S3258004EB4000000000000000000000000000000000000000000000000000000000000000002B
S3258004EB6000000000000000000000000000000000000000000000000000000000000000000B
S3258004EB800000000000000000000000000000000000000000000000000000000000000000EB
S3258004EBA00000000000000000000000000000000000000000000000000000000000000000CB
S3258004EBC00000000000000000000000000000000000000000000000000000000000000000AB
S3258004EBE000000000000000000000000000000000000000000000000000000000000000008B
S3258004EC0000000000000000000000000000000000000000000000000000000000000000006A
S3258004EC2000000000000000000000000000000000000000000000000000000000000000004A
S3258004EC4000000000000000000000000000000000000000000000000000000000000000002A
S3258004EC6000000000000000000000000000000000000000000000000000000000000000000A
S3258004EC800000000000000000000000000000000000000000000000000000000000000000EA
S3258004ECA00000000000000000000000000000000000000000000000000000000000000000CA
S3258004ECC00000000000000000000000000000000000000000000000000000000000000000AA
S3258004ECE000000000000000000000000000000000000000000000000000000000000000008A
S3258004ED00000000000000000000000000000000000000000000000000000000000000000069
S3258004ED20000000000000000000000000000000000000000000000000000000000000000049
S3258004ED40000000000000000000000000000000000000000000000000000000000000000029
S3258004ED60000000000000000000000000000000000000000000000000000000000000000009
S3258004ED800000000000000000000000000000000000000000000000000000000000000000E9
S3258004EDA00000000000000000000000000000000000000000000000000000000000000000C9
S3258004EDC00000000000000000000000000000000000000000000000000000000000000000A9
S3258004EDE0000000000000000000000000000000000000000000000000000000000000000089
S3258004EE00000000000000000000000000000000000000000000000000000000000000000068
S3258004EE20000000000000000000000000000000000000000000000000000000000000000048
S3258004EE40000000000000000000000000000000000000000000000000000000000000000028
S3258004EE60000000000000000000000000000000000000000000000000000000000000000008
S3258004EE800000000000000000000000000000000000000000000000000000000000000000E8
S3258004EEA00000000000000000000000000000000000000000000000000000000000000000C8
S3258004EEC00000000000000000000000000000000000000000000000000000000000000000A8
S3258004EEE0000000000000000000000000000000000000000000000000000000000000000088
S3258004EF00000000000000000000000000000000000000000000000000000000000000000067
S3258004EF20000000000000000000000000000000000000000000000000000000000000000047
S3258004EF40000000000000000000000000000000000000000000000000000000000000000027
S3258004EF60000000000000000000000000000000000000000000000000000000000000000007
S3258004EF800000000000000000000000000000000000000000000000000000000000000000E7
S3258004EFA00000000000000000000000000000000000000000000000000000000000000000C7
S3258004EFC00000000000000000000000000000000000000000000000000000000000000000A7
S3258004EFE0000000000000000000000000000000000000000000000000000000000000000087
S3258004F000000000000000000000000000000000000000000000000000000000000000000066
S3258004F020000000000000000000000000000000000000000000000000000000000000000046
S3258004F040000000000000000000000000000000000000000000000000000000000000000026
S3258004F060000000000000000000000000000000000000000000000000000000000000000006
S3258004F0800000000000000000000000000000000000000000000000000000000000000000E6
S3258004F0A00000000000000000000000000000000000000000000000000000000000000000C6
S3258004F0C00000000000000000000000000000000000000000000000000000000000000000A6
S3258004F0E0000000000000000000000000000000000000000000000000000000000000000086
S3258004F100000000000000000000000000000000000000000000000000000000000000000065
S3258004F120000000000000000000000000000000000000000000000000000000000000000045
S3258004F140000000000000000000000000000000000000000000000000000000000000000025
S3258004F160000000000000000000000000000000000000000000000000000000000000000005
S3258004F1800000000000000000000000000000000000000000000000000000000000000000E5
S3258004F1A00000000000000000000000000000000000000000000000000000000000000000C5
S3258004F1C00000000000000000000000000000000000000000000000000000000000000000A5
S3258004F1E0000000000000000000000000000000000000000000000000000000000000000085
S3258004F200000000000000000000000000000000000000000000000000000000000000000064
S3258004F220000000000000000000000000000000000000000000000000000000000000000044
S3258004F240000000000000000000000000000000000000000000000000000000000000000024
S3258004F260000000000000000000000000000000000000000000000000000000000000000004
S3258004F2800000000000000000000000000000000000000000000000000000000000000000E4
S3258004F2A00000000000000000000000000000000000000000000000000000000000000000C4
S3258004F2C00000000000000000000000000000000000000000000000000000000000000000A4
S3258004F2E0000000000000000000000000000000000000000000000000000000000000000084
S3258004F300000000000000000000000000000000000000000000000000000000000000000063
S3258004F320000000000000000000000000000000000000000000000000000000000000000043
S3258004F340000000000000000000000000000000000000000000000000000000000000000023
S3258004F360000000000000000000000000000000000000000000000000000000000000000003
S3258004F3800000000000000000000000000000000000000000000000000000000000000000E3
S3258004F3A00000000000000000000000000000000000000000000000000000000000000000C3
S3258004F3C00000000000000000000000000000000000000000000000000000000000000000A3
S3258004F3E0000000000000000000000000000000000000000000000000000000000000000083
S3258004F400000000000000000000000000000000000000000000000000000000000000000062
S3258004F420000000000000000000000000000000000000000000000000000000000000000042
S3258004F440000000000000000000000000000000000000000000000000000000000000000022
S3258004F460000000000000000000000000000000000000000000000000000000000000000002
S3258004F4800000000000000000000000000000000000000000000000000000000000000000E2
S3258004F4A00000000000000000000000000000000000000000000000000000000000000000C2
S3258004F4C00000000000000000000000000000000000000000000000000000000000000000A2
S3258004F4E0000000000000000000000000000000000000000000000000000000000000000082
S3258004F500000000000000000000000000000000000000000000000000000000000000000061
S3258004F520000000000000000000000000000000000000000000000000000000000000000041
S3258004F540000000000000000000000000000000000000000000000000000000000000000021
S3258004F560000000000000000000000000000000000000000000000000000000000000000001
S3258004F5800000000000000000000000000000000000000000000000000000000000000000E1
S3258004F5A00000000000000000000000000000000000000000000000000000000000000000C1
S3258004F5C00000000000000000000000000000000000000000000000000000000000000000A1
S3258004F5E0000000000000000000000000000000000000000000000000000000000000000081
S3258004F600000000000000000000000000000000000000000000000000000000000000000060
S3258004F620000000000000000000000000000000000000000000000000000000000000000040
S3258004F640000000000000000000000000000000000000000000000000000000000000000020
S3258004F660000000000000000000000000000000000000000000000000000000000000000000
S3258004F6800000000000000000000000000000000000000000000000000000000000000000E0
S3258004F6A00000000000000000000000000000000000000000000000000000000000000000C0
S3258004F6C00000000000000000000000000000000000000000000000000000000000000000A0
S3258004F6E0000000000000000000000000000000000000000000000000000000000000000080
S3258004F70000000000000000000000000000000000000000000000000000000000000000005F
S3258004F72000000000000000000000000000000000000000000000000000000000000000003F
S3258004F74000000000000000000000000000000000000000000000000000000000000000001F
S3258004F7600000000000000000000000000000000000000000000000000000000000000000FF
S3258004F7800000000000000000000000000000000000000000000000000000000000000000DF
S3258004F7A00000000000000000000000000000000000000000000000000000000000000000BF
S3258004F7C000000000000000000000000000000000000000000000000000000000000000009F
S3258004F7E000000000000000000000000000000000000000000000000000000000000000007F
S3258004F80000000000000000000000000000000000000000000000000000000000000000005E
S3258004F82000000000000000000000000000000000000000000000000000000000000000003E
S3258004F84000000000000000000000000000000000000000000000000000000000000000001E
S3258004F8600000000000000000000000000000000000000000000000000000000000000000FE
S3258004F8800000000000000000000000000000000000000000000000000000000000000000DE
S3258004F8A00000000000000000000000000000000000000000000000000000000000000000BE
S3258004F8C000000000000000000000000000000000000000000000000000000000000000009E
S3258004F8E000000000000000000000000000000000000000000000000000000000000000007E
S3258004F90000000000000000000000000000000000000000000000000000000000000000005D
S3258004F92000000000000000000000000000000000000000000000000000000000000000003D
S3258004F94000000000000000000000000000000000000000000000000000000000000000001D
S3258004F9600000000000000000000000000000000000000000000000000000000000000000FD
S3258004F9800000000000000000000000000000000000000000000000000000000000000000DD
S3258004F9A00000000000000000000000000000000000000000000000000000000000000000BD
S3258004F9C000000000000000000000000000000000000000000000000000000000000000009D
S3258004F9E000000000000000000000000000000000000000000000000000000000000000007D
S3258004FA0000000000000000000000000000000000000000000000000000000000000000005C
S3258004FA2000000000000000000000000000000000000000000000000000000000000000003C
S3258004FA4000000000000000000000000000000000000000000000000000000000000000001C
S3258004FA600000000000000000000000000000000000000000000000000000000000000000FC
S3258004FA800000000000000000000000000000000000000000000000000000000000000000DC
S3258004FAA00000000000000000000000000000000000000000000000000000000000000000BC
S3258004FAC000000000000000000000000000000000000000000000000000000000000000009C
S3258004FAE000000000000000000000000000000000000000000000000000000000000000007C
S3258004FB0000000000000000000000000000000000000000000000000000000000000000005B
S3258004FB2000000000000000000000000000000000000000000000000000000000000000003B
S3258004FB4000000000000000000000000000000000000000000000000000000000000000001B
S3258004FB600000000000000000000000000000000000000000000000000000000000000000FB
S3258004FB800000000000000000000000000000000000000000000000000000000000000000DB
S3258004FBA00000000000000000000000000000000000000000000000000000000000000000BB
S3258004FBC000000000000000000000000000000000000000000000000000000000000000009B
S3258004FBE000000000000000000000000000000000000000000000000000000000000000007B
S3258004FC0000000000000000000000000000000000000000000000000000000000000000005A
S3258004FC2000000000000000000000000000000000000000000000000000000000000000003A
S3258004FC4000000000000000000000000000000000000000000000000000000000000000001A
S3258004FC600000000000000000000000000000000000000000000000000000000000000000FA
S3258004FC800000000000000000000000000000000000000000000000000000000000000000DA
S3258004FCA00000000000000000000000000000000000000000000000000000000000000000BA
S3258004FCC000000000000000000000000000000000000000000000000000000000000000009A
S3258004FCE000000000000000000000000000000000000000000000000000000000000000007A
S3258004FD00000000000000000000000000000000000000000000000000000000000000000059
S3258004FD20000000000000000000000000000000000000000000000000000000000000000039
S3258004FD40000000000000000000000000000000000000000000000000000000000000000019
S3258004FD600000000000000000000000000000000000000000000000000000000000000000F9
S3258004FD800000000000000000000000000000000000000000000000000000000000000000D9
S3258004FDA00000000000000000000000000000000000000000000000000000000000000000B9
S3258004FDC0000000000000000000000000000000000000000000000000000000000000000099
S3258004FDE0000000000000000000000000000000000000000000000000000000000000000079
S3258004FE00000000000000000000000000000000000000000000000000000000000000000058
S3258004FE20000000000000000000000000000000000000000000000000000000000000000038
S3258004FE40000000000000000000000000000000000000000000000000000000000000000018
S3258004FE600000000000000000000000000000000000000000000000000000000000000000F8
S3258004FE800000000000000000000000000000000000000000000000000000000000000000D8
S3258004FEA00000000000000000000000000000000000000000000000000000000000000000B8
S3258004FEC0000000000000000000000000000000000000000000000000000000000000000098
S3258004FEE0000000000000000000000000000000000000000000000000000000000000000078
S3258004FF00000000000000000000000000000000000000000000000000000000000000000057
S3258004FF20000000000000000000000000000000000000000000000000000000000000000037
S3258004FF40000000000000000000000000000000000000000000000000000000000000000017
S3258004FF600000000000000000000000000000000000000000000000000000000000000000F7
S3258004FF800000000000000000000000000000000000000000000000000000000000000000D7
S3258004FFA00000000000000000000000000000000000000000000000000000000000000000B7
S3258004FFC0000000000000000000000000000000000000000000000000000000000000000097
S3258004FFE0000000000000000000000000000000000000000000000000000000000000000077
S32580050000000000000000000000000000000000000000000000000000000000000000000055
S32580050020000000000000000000000000000000000000000000000000000000000000000035
S32580050040000000000000000000000000000000000000000000000000000000000000000015
S325800500600000000000000000000000000000000000000000000000000000000000000000F5
S325800500800000000000000000000000000000000000000000000000000000000000000000D5
S325800500A00000000000000000000000000000000000000000000000000000000000000000B5
S325800500C0000000000000000000000000000000000000000000000000000000000000000095
S325800500E0000000000000000000000000000000000000000000000000000000000000000075
S32580050100000000000000000000000000000000000000000000000000000000000000000054
S32580050120000000000000000000000000000000000000000000000000000000000000000034
S32580050140000000000000000000000000000000000000000000000000000000000000000014
S325800501600000000000000000000000000000000000000000000000000000000000000000F4
S325800501800000000000000000000000000000000000000000000000000000000000000000D4
S325800501A00000000000000000000000000000000000000000000000000000000000000000B4
S325800501C0000000000000000000000000000000000000000000000000000000000000000094
S325800501E0000000000000000000000000000000000000000000000000000000000000000074
S32580050200000000000000000000000000000000000000000000000000000000000000000053
S32580050220000000000000000000000000000000000000000000000000000000000000000033
S32580050240000000000000000000000000000000000000000000000000000000000000000013
S325800502600000000000000000000000000000000000000000000000000000000000000000F3
S325800502800000000000000000000000000000000000000000000000000000000000000000D3
S325800502A00000000000000000000000000000000000000000000000000000000000000000B3
S325800502C0000000000000000000000000000000000000000000000000000000000000000093
S325800502E0000000000000000000000000000000000000000000000000000000000000000073
S32580050300000000000000000000000000000000000000000000000000000000000000000052
S32580050320000000000000000000000000000000000000000000000000000000000000000032
S32580050340000000000000000000000000000000000000000000000000000000000000000012
S325800503600000000000000000000000000000000000000000000000000000000000000000F2
S325800503800000000000000000000000000000000000000000000000000000000000000000D2
S325800503A00000000000000000000000000000000000000000000000000000000000000000B2
S325800503C0000000000000000000000000000000000000000000000000000000000000000092
S325800503E0000000000000000000000000000000000000000000000000000000000000000072
S32580050400000000000000000000000000000000000000000000000000000000000000000051
S32580050420000000000000000000000000000000000000000000000000000000000000000031
S32580050440000000000000000000000000000000000000000000000000000000000000000011
S325800504600000000000000000000000000000000000000000000000000000000000000000F1
S325800504800000000000000000000000000000000000000000000000000000000000000000D1
S325800504A00000000000000000000000000000000000000000000000000000000000000000B1
S325800504C0000000000000000000000000000000000000000000000000000000000000000091
S325800504E0000000000000000000000000000000000000000000000000000000000000000071
S32580050500000000000000000000000000000000000000000000000000000000000000000050
S32580050520000000000000000000000000000000000000000000000000000000000000000030
S32580050540000000000000000000000000000000000000000000000000000000000000000010
S325800505600000000000000000000000000000000000000000000000000000000000000000F0
S325800505800000000000000000000000000000000000000000000000000000000000000000D0
S325800505A00000000000000000000000000000000000000000000000000000000000000000B0
S325800505C0000000000000000000000000000000000000000000000000000000000000000090
S325800505E0000000000000000000000000000000000000000000000000000000000000000070
S3258005060000000000000000000000000000000000000000000000000000000000000000004F
S3258005062000000000000000000000000000000000000000000000000000000000000000002F
S3258005064000000000000000000000000000000000000000000000000000000000000000000F
S325800506600000000000000000000000000000000000000000000000000000000000000000EF
S325800506800000000000000000000000000000000000000000000000000000000000000000CF
S325800506A00000000000000000000000000000000000000000000000000000000000000000AF
S325800506C000000000000000000000000000000000000000000000000000000000000000008F
S325800506E000000000000000000000000000000000000000000000000000000000000000006F
S3258005070000000000000000000000000000000000000000000000000000000000000000004E
S3258005072000000000000000000000000000000000000000000000000000000000000000002E
S3258005074000000000000000000000000000000000000000000000000000000000000000000E
S325800507600000000000000000000000000000000000000000000000000000000000000000EE
S325800507800000000000000000000000000000000000000000000000000000000000000000CE
S325800507A00000000000000000000000000000000000000000000000000000000000000000AE
S325800507C000000000000000000000000000000000000000000000000000000000000000008E
S325800507E000000000000000000000000000000000000000000000000000000000000000006E
S3258005080000000000000000000000000000000000000000000000000000000000000000004D
S3258005082000000000000000000000000000000000000000000000000000000000000000002D
S3258005084000000000000000000000000000000000000000000000000000000000000000000D
S325800508600000000000000000000000000000000000000000000000000000000000000000ED
S325800508800000000000000000000000000000000000000000000000000000000000000000CD
S325800508A00000000000000000000000000000000000000000000000000000000000000000AD
S325800508C000000000000000000000000000000000000000000000000000000000000000008D
S325800508E000000000000000000000000000000000000000000000000000000000000000006D
S3258005090000000000000000000000000000000000000000000000000000000000000000004C
S3258005092000000000000000000000000000000000000000000000000000000000000000002C
S3258005094000000000000000000000000000000000000000000000000000000000000000000C
S325800509600000000000000000000000000000000000000000000000000000000000000000EC
S325800509800000000000000000000000000000000000000000000000000000000000000000CC
S325800509A00000000000000000000000000000000000000000000000000000000000000000AC
S325800509C000000000000000000000000000000000000000000000000000000000000000008C
S325800509E000000000000000000000000000000000000000000000000000000000000000006C
S32580050A0000000000000000000000000000000000000000000000000000000000000000004B
S32580050A2000000000000000000000000000000000000000000000000000000000000000002B
S32580050A4000000000000000000000000000000000000000000000000000000000000000000B
S32580050A600000000000000000000000000000000000000000000000000000000000000000EB
S32580050A800000000000000000000000000000000000000000000000000000000000000000CB
S32580050AA00000000000000000000000000000000000000000000000000000000000000000AB
S32580050AC000000000000000000000000000000000000000000000000000000000000000008B
S32580050AE000000000000000000000000000000000000000000000000000000000000000006B
S32580050B0000000000000000000000000000000000000000000000000000000000000000004A
S32580050B2000000000000000000000000000000000000000000000000000000000000000002A
S32580050B4000000000000000000000000000000000000000000000000000000000000000000A
S32580050B600000000000000000000000000000000000000000000000000000000000000000EA
S32580050B800000000000000000000000000000000000000000000000000000000000000000CA
S32580050BA00000000000000000000000000000000000000000000000000000000000000000AA
S32580050BC000000000000000000000000000000000000000000000000000000000000000008A
S32580050BE000000000000000000000000000000000000000000000000000000000000000006A
S32580050C00000000000000000000000000000000000000000000000000000000000000000049
S32580050C20000000000000000000000000000000000000000000000000000000000000000029
S32580050C40000000000000000000000000000000000000000000000000000000000000000009
S32580050C600000000000000000000000000000000000000000000000000000000000000000E9
S32580050C800000000000000000000000000000000000000000000000000000000000000000C9
S32580050CA00000000000000000000000000000000000000000000000000000000000000000A9
S32580050CC0000000000000000000000000000000000000000000000000000000000000000089
S32580050CE0000000000000000000000000000000000000000000000000000000000000000069
S32580050D00000000000000000000000000000000000000000000000000000000000000000048
S32580050D20000000000000000000000000000000000000000000000000000000000000000028
S32580050D40000000000000000000000000000000000000000000000000000000000000000008
S32580050D600000000000000000000000000000000000000000000000000000000000000000E8
S32580050D800000000000000000000000000000000000000000000000000000000000000000C8
S32580050DA00000000000000000000000000000000000000000000000000000000000000000A8
S32580050DC0000000000000000000000000000000000000000000000000000000000000000088
S32580050DE0000000000000000000000000000000000000000000000000000000000000000068
S32580050E00000000000000000000000000000000000000000000000000000000000000000047
S32580050E20000000000000000000000000000000000000000000000000000000000000000027
S32580050E40000000000000000000000000000000000000000000000000000000000000000007
S32580050E600000000000000000000000000000000000000000000000000000000000000000E7
S32580050E800000000000000000000000000000000000000000000000000000000000000000C7
S32580050EA00000000000000000000000000000000000000000000000000000000000000000A7
S32580050EC0000000000000000000000000000000000000000000000000000000000000000087
S32580050EE0000000000000000000000000000000000000000000000000000000000000000067
S32580050F00000000000000000000000000000000000000000000000000000000000000000046
S32580050F20000000000000000000000000000000000000000000000000000000000000000026
S32580050F40000000000000000000000000000000000000000000000000000000000000000006
S32580050F600000000000000000000000000000000000000000000000000000000000000000E6
S32580050F800000000000000000000000000000000000000000000000000000000000000000C6
S32580050FA00000000000000000000000000000000000000000000000000000000000000000A6
S32580050FC0000000000000000000000000000000000000000000000000000000000000000086
S32580050FE0000000000000000000000000000000000000000000000000000000000000000066
S32580051000000000000000000000000000000000000000000000000000000000000000000045
S32580051020000000000000000000000000000000000000000000000000000000000000000025
S32580051040000000000000000000000000000000000000000000000000000000000000000005
S325800510600000000000000000000000000000000000000000000000000000000000000000E5
S325800510800000000000000000000000000000000000000000000000000000000000000000C5
S325800510A00000000000000000000000000000000000000000000000000000000000000000A5
S325800510C0000000000000000000000000000000000000000000000000000000000000000085
S325800510E0000000000000000000000000000000000000000000000000000000000000000065
S32580051100000000000000000000000000000000000000000000000000000000000000000044
S32580051120000000000000000000000000000000000000000000000000000000000000000024
S32580051140000000000000000000000000000000000000000000000000000000000000000004
S325800511600000000000000000000000000000000000000000000000000000000000000000E4
S325800511800000000000000000000000000000000000000000000000000000000000000000C4
S325800511A00000000000000000000000000000000000000000000000000000000000000000A4
S325800511C0000000000000000000000000000000000000000000000000000000000000000084
S325800511E0000000000000000000000000000000000000000000000000000000000000000064
S32580051200000000000000000000000000000000000000000000000000000000000000000043
S32580051220000000000000000000000000000000000000000000000000000000000000000023
S32580051240000000000000000000000000000000000000000000000000000000000000000003
S325800512600000000000000000000000000000000000000000000000000000000000000000E3
S325800512800000000000000000000000000000000000000000000000000000000000000000C3
S325800512A00000000000000000000000000000000000000000000000000000000000000000A3
S325800512C0000000000000000000000000000000000000000000000000000000000000000083
S325800512E0000000000000000000000000000000000000000000000000000000000000000063
S32580051300000000000000000000000000000000000000000000000000000000000000000042
S32580051320000000000000000000000000000000000000000000000000000000000000000022
S32580051340000000000000000000000000000000000000000000000000000000000000000002
S325800513600000000000000000000000000000000000000000000000000000000000000000E2
S325800513800000000000000000000000000000000000000000000000000000000000000000C2
S325800513A00000000000000000000000000000000000000000000000000000000000000000A2
S325800513C0000000000000000000000000000000000000000000000000000000000000000082
S325800513E0000000000000000000000000000000000000000000000000000000000000000062
S32580051400000000000000000000000000000000000000000000000000000000000000000041
S32580051420000000000000000000000000000000000000000000000000000000000000000021
S32580051440000000000000000000000000000000000000000000000000000000000000000001
S325800514600000000000000000000000000000000000000000000000000000000000000000E1
S325800514800000000000000000000000000000000000000000000000000000000000000000C1
S325800514A00000000000000000000000000000000000000000000000000000000000000000A1
S325800514C0000000000000000000000000000000000000000000000000000000000000000081
S325800514E0000000000000000000000000000000000000000000000000000000000000000061
S32580051500000000000000000000000000000000000000000000000000000000000000000040
S32580051520000000000000000000000000000000000000000000000000000000000000000020
S32580051540000000000000000000000000000000000000000000000000000000000000000000
S325800515600000000000000000000000000000000000000000000000000000000000000000E0
S325800515800000000000000000000000000000000000000000000000000000000000000000C0
S325800515A00000000000000000000000000000000000000000000000000000000000000000A0
S325800515C0000000000000000000000000000000000000000000000000000000000000000080
S325800515E0000000000000000000000000000000000000000000000000000000000000000060
S3258005160000000000000000000000000000000000000000000000000000000000000000003F
S3258005162000000000000000000000000000000000000000000000000000000000000000001F
S325800516400000000000000000000000000000000000000000000000000000000000000000FF
S325800516600000000000000000000000000000000000000000000000000000000000000000DF
S325800516800000000000000000000000000000000000000000000000000000000000000000BF
S325800516A000000000000000000000000000000000000000000000000000000000000000009F
S325800516C000000000000000000000000000000000000000000000000000000000000000007F
S325800516E000000000000000000000000000000000000000000000000000000000000000005F
S3258005170000000000000000000000000000000000000000000000000000000000000000003E
S3258005172000000000000000000000000000000000000000000000000000000000000000001E
S325800517400000000000000000000000000000000000000000000000000000000000000000FE
S325800517600000000000000000000000000000000000000000000000000000000000000000DE
S325800517800000000000000000000000000000000000000000000000000000000000000000BE
S325800517A000000000000000000000000000000000000000000000000000000000000000009E
S325800517C000000000000000000000000000000000000000000000000000000000000000007E
S325800517E000000000000000000000000000000000000000000000000000000000000000005E
S3258005180000000000000000000000000000000000000000000000000000000000000000003D
S3258005182000000000000000000000000000000000000000000000000000000000000000001D
S325800518400000000000000000000000000000000000000000000000000000000000000000FD
S325800518600000000000000000000000000000000000000000000000000000000000000000DD
S325800518800000000000000000000000000000000000000000000000000000000000000000BD
S325800518A000000000000000000000000000000000000000000000000000000000000000009D
S325800518C000000000000000000000000000000000000000000000000000000000000000007D
S325800518E000000000000000000000000000000000000000000000000000000000000000005D
S3258005190000000000000000000000000000000000000000000000000000000000000000003C
S3258005192000000000000000000000000000000000000000000000000000000000000000001C
S325800519400000000000000000000000000000000000000000000000000000000000000000FC
S325800519600000000000000000000000000000000000000000000000000000000000000000DC
S325800519800000000000000000000000000000000000000000000000000000000000000000BC
S325800519A000000000000000000000000000000000000000000000000000000000000000009C
S325800519C000000000000000000000000000000000000000000000000000000000000000007C
S325800519E000000000000000000000000000000000000000000000000000000000000000005C
S32580051A0000000000000000000000000000000000000000000000000000000000000000003B
S32580051A2000000000000000000000000000000000000000000000000000000000000000001B
S32580051A400000000000000000000000000000000000000000000000000000000000000000FB
S32580051A600000000000000000000000000000000000000000000000000000000000000000DB
S32580051A800000000000000000000000000000000000000000000000000000000000000000BB
S32580051AA000000000000000000000000000000000000000000000000000000000000000009B
S32580051AC000000000000000000000000000000000000000000000000000000000000000007B
S32580051AE000000000000000000000000000000000000000000000000000000000000000005B
S32580051B0000000000000000000000000000000000000000000000000000000000000000003A
S32580051B2000000000000000000000000000000000000000000000000000000000000000001A
S32580051B400000000000000000000000000000000000000000000000000000000000000000FA
S32580051B600000000000000000000000000000000000000000000000000000000000000000DA
S32580051B800000000000000000000000000000000000000000000000000000000000000000BA
S32580051BA000000000000000000000000000000000000000000000000000000000000000009A
S32580051BC000000000000000000000000000000000000000000000000000000000000000007A
S32580051BE000000000000000000000000000000000000000000000000000000000000000005A
S32580051C00000000000000000000000000000000000000000000000000000000000000000039
S32580051C20000000000000000000000000000000000000000000000000000000000000000019
S32580051C400000000000000000000000000000000000000000000000000000000000000000F9
S32580051C600000000000000000000000000000000000000000000000000000000000000000D9
S32580051C800000000000000000000000000000000000000000000000000000000000000000B9
S32580051CA0000000000000000000000000000000000000000000000000000000000000000099
S32580051CC0000000000000000000000000000000000000000000000000000000000000000079
S32580051CE0000000000000000000000000000000000000000000000000000000000000000059
S32580051D00000000000000000000000000000000000000000000000000000000000000000038
S32580051D20000000000000000000000000000000000000000000000000000000000000000018
S32580051D400000000000000000000000000000000000000000000000000000000000000000F8
S32580051D600000000000000000000000000000000000000000000000000000000000000000D8
S32580051D800000000000000000000000000000000000000000000000000000000000000000B8
S32580051DA0000000000000000000000000000000000000000000000000000000000000000098
S32580051DC0000000000000000000000000000000000000000000000000000000000000000078
S32580051DE0000000000000000000000000000000000000000000000000000000000000000058
S32580051E00000000000000000000000000000000000000000000000000000000000000000037
S32580051E20000000000000000000000000000000000000000000000000000000000000000017
S32580051E400000000000000000000000000000000000000000000000000000000000000000F7
S32580051E600000000000000000000000000000000000000000000000000000000000000000D7
S32580051E800000000000000000000000000000000000000000000000000000000000000000B7
S32580051EA0000000000000000000000000000000000000000000000000000000000000000097
S32580051EC0000000000000000000000000000000000000000000000000000000000000000077
S32580051EE0000000000000000000000000000000000000000000000000000000000000000057
S32580051F00000000000000000000000000000000000000000000000000000000000000000036
S32580051F20000000000000000000000000000000000000000000000000000000000000000016
S32580051F400000000000000000000000000000000000000000000000000000000000000000F6
S32580051F600000000000000000000000000000000000000000000000000000000000000000D6
S32580051F800000000000000000000000000000000000000000000000000000000000000000B6
S32580051FA0000000000000000000000000000000000000000000000000000000000000000096
S32580051FC0000000000000000000000000000000000000000000000000000000000000000076
S32580051FE0000000000000000000000000000000000000000000000000000000000000000056
S32580052000000000000000000000000000000000000000000000000000000000000000000035
S32580052020000000000000000000000000000000000000000000000000000000000000000015
S325800520400000000000000000000000000000000000000000000000000000000000000000F5
S325800520600000000000000000000000000000000000000000000000000000000000000000D5
S325800520800000000000000000000000000000000000000000000000000000000000000000B5
S325800520A0000000000000000000000000000000000000000000000000000000000000000095
S325800520C0000000000000000000000000000000000000000000000000000000000000000075
S325800520E0000000000000000000000000000000000000000000000000000000000000000055
S32580052100000000000000000000000000000000000000000000000000000000000000000034
S32580052120000000000000000000000000000000000000000000000000000000000000000014
S325800521400000000000000000000000000000000000000000000000000000000000000000F4
S325800521600000000000000000000000000000000000000000000000000000000000000000D4
S325800521800000000000000000000000000000000000000000000000000000000000000000B4
S325800521A0000000000000000000000000000000000000000000000000000000000000000094
S325800521C0000000000000000000000000000000000000000000000000000000000000000074
S325800521E0000000000000000000000000000000000000000000000000000000000000000054
S32580052200000000000000000000000000000000000000000000000000000000000000000033
S32580052220000000000000000000000000000000000000000000000000000000000000000013
S325800522400000000000000000000000000000000000000000000000000000000000000000F3
S325800522600000000000000000000000000000000000000000000000000000000000000000D3
S325800522800000000000000000000000000000000000000000000000000000000000000000B3
S325800522A0000000000000000000000000000000000000000000000000000000000000000093
S325800522C0000000000000000000000000000000000000000000000000000000000000000073
S325800522E0000000000000000000000000000000000000000000000000000000000000000053
S32580052300000000000000000000000000000000000000000000000000000000000000000032
S32580052320000000000000000000000000000000000000000000000000000000000000000012
S325800523400000000000000000000000000000000000000000000000000000000000000000F2
S325800523600000000000000000000000000000000000000000000000000000000000000000D2
S325800523800000000000000000000000000000000000000000000000000000000000000000B2
S325800523A0000000000000000000000000000000000000000000000000000000000000000092
S325800523C0000000000000000000000000000000000000000000000000000000000000000072
S325800523E0000000000000000000000000000000000000000000000000000000000000000052
S32580052400000000000000000000000000000000000000000000000000000000000000000031
S32580052420000000000000000000000000000000000000000000000000000000000000000011
S325800524400000000000000000000000000000000000000000000000000000000000000000F1
S325800524600000000000000000000000000000000000000000000000000000000000000000D1
S325800524800000000000000000000000000000000000000000000000000000000000000000B1
S325800524A0000000000000000000000000000000000000000000000000000000000000000091
S325800524C0000000000000000000000000000000000000000000000000000000000000000071
S325800524E0000000000000000000000000000000000000000000000000000000000000000051
S32580052500000000000000000000000000000000000000000000000000000000000000000030
S32580052520000000000000000000000000000000000000000000000000000000000000000010
S325800525400000000000000000000000000000000000000000000000000000000000000000F0
S325800525600000000000000000000000000000000000000000000000000000000000000000D0
S325800525800000000000000000000000000000000000000000000000000000000000000000B0
S325800525A0000000000000000000000000000000000000000000000000000000000000000090
S325800525C0000000000000000000000000000000000000000000000000000000000000000070
S325800525E0000000000000000000000000000000000000000000000000000000000000000050
S3258005260000000000000000000000000000000000000000000000000000000000000000002F
S3258005262000000000000000000000000000000000000000000000000000000000000000000F
S325800526400000000000000000000000000000000000000000000000000000000000000000EF
S325800526600000000000000000000000000000000000000000000000000000000000000000CF
S325800526800000000000000000000000000000000000000000000000000000000000000000AF
S325800526A000000000000000000000000000000000000000000000000000000000000000008F
S325800526C000000000000000000000000000000000000000000000000000000000000000006F
S325800526E000000000000000000000000000000000000000000000000000000000000000004F
S3258005270000000000000000000000000000000000000000000000000000000000000000002E
S3258005272000000000000000000000000000000000000000000000000000000000000000000E
S325800527400000000000000000000000000000000000000000000000000000000000000000EE
S325800527600000000000000000000000000000000000000000000000000000000000000000CE
S325800527800000000000000000000000000000000000000000000000000000000000000000AE
S325800527A000000000000000000000000000000000000000000000000000000000000000008E
S325800527C000000000000000000000000000000000000000000000000000000000000000006E
S325800527E000000000000000000000000000000000000000000000000000000000000000004E
S3258005280000000000000000000000000000000000000000000000000000000000000000002D
S3258005282000000000000000000000000000000000000000000000000000000000000000000D
S325800528400000000000000000000000000000000000000000000000000000000000000000ED
S325800528600000000000000000000000000000000000000000000000000000000000000000CD
S325800528800000000000000000000000000000000000000000000000000000000000000000AD
S325800528A000000000000000000000000000000000000000000000000000000000000000008D
S325800528C000000000000000000000000000000000000000000000000000000000000000006D
S325800528E000000000000000000000000000000000000000000000000000000000000000004D
S3258005290000000000000000000000000000000000000000000000000000000000000000002C
S3258005292000000000000000000000000000000000000000000000000000000000000000000C
S325800529400000000000000000000000000000000000000000000000000000000000000000EC
S325800529600000000000000000000000000000000000000000000000000000000000000000CC
S325800529800000000000000000000000000000000000000000000000000000000000000000AC
S325800529A000000000000000000000000000000000000000000000000000000000000000008C
S325800529C000000000000000000000000000000000000000000000000000000000000000006C
S325800529E000000000000000000000000000000000000000000000000000000000000000004C
S32580052A0000000000000000000000000000000000000000000000000000000000000000002B
S32580052A2000000000000000000000000000000000000000000000000000000000000000000B
S32580052A400000000000000000000000000000000000000000000000000000000000000000EB
S32580052A600000000000000000000000000000000000000000000000000000000000000000CB
S32580052A800000000000000000000000000000000000000000000000000000000000000000AB
S32580052AA000000000000000000000000000000000000000000000000000000000000000008B
S32580052AC000000000000000000000000000000000000000000000000000000000000000006B
S32580052AE000000000000000000000000000000000000000000000000000000000000000004B
S32580052B0000000000000000000000000000000000000000000000000000000000000000002A
S32580052B2000000000000000000000000000000000000000000000000000000000000000000A
S32580052B400000000000000000000000000000000000000000000000000000000000000000EA
S32580052B600000000000000000000000000000000000000000000000000000000000000000CA
S32580052B800000000000000000000000000000000000000000000000000000000000000000AA
S32580052BA000000000000000000000000000000000000000000000000000000000000000008A
S32580052BC000000000000000000000000000000000000000000000000000000000000000006A
S32580052BE000000000000000000000000000000000000000000000000000000000000000004A
S32580052C00000000000000000000000000000000000000000000000000000000000000000029
S32580052C20000000000000000000000000000000000000000000000000000000000000000009
S32580052C400000000000000000000000000000000000000000000000000000000000000000E9
S32580052C600000000000000000000000000000000000000000000000000000000000000000C9
S32580052C800000000000000000000000000000000000000000000000000000000000000000A9
S32580052CA0000000000000000000000000000000000000000000000000000000000000000089
S32580052CC0000000000000000000000000000000000000000000000000000000000000000069
S32580052CE0000000000000000000000000000000000000000000000000000000000000000049
S32580052D00000000000000000000000000000000000000000000000000000000000000000028
S32580052D20000000000000000000000000000000000000000000000000000000000000000008
S32580052D400000000000000000000000000000000000000000000000000000000000000000E8
S32580052D600000000000000000000000000000000000000000000000000000000000000000C8
S32580052D800000000000000000000000000000000000000000000000000000000000000000A8
S32580052DA0000000000000000000000000000000000000000000000000000000000000000088
S32580052DC0000000000000000000000000000000000000000000000000000000000000000068
S32580052DE0000000000000000000000000000000000000000000000000000000000000000048
S32580052E00000000000000000000000000000000000000000000000000000000000000000027
S32580052E20000000000000000000000000000000000000000000000000000000000000000007
S32580052E400000000000000000000000000000000000000000000000000000000000000000E7
S32580052E600000000000000000000000000000000000000000000000000000000000000000C7
S32580052E800000000000000000000000000000000000000000000000000000000000000000A7
S32580052EA0000000000000000000000000000000000000000000000000000000000000000087
S32580052EC0000000000000000000000000000000000000000000000000000000000000000067
S32580052EE0000000000000000000000000000000000000000000000000000000000000000047
S32580052F00000000000000000000000000000000000000000000000000000000000000000026
S32580052F20000000000000000000000000000000000000000000000000000000000000000006
S32580052F400000000000000000000000000000000000000000000000000000000000000000E6
S32580052F600000000000000000000000000000000000000000000000000000000000000000C6
S32580052F800000000000000000000000000000000000000000000000000000000000000000A6
S32580052FA0000000000000000000000000000000000000000000000000000000000000000086
S32580052FC0000000000000000000000000000000000000000000000000000000000000000066
S32580052FE0000000000000000000000000000000000000000000000000000000000000000046
S32580053000000000000000000000000000000000000000000000000000000000000000000025
S32580053020000000000000000000000000000000000000000000000000000000000000000005
S325800530400000000000000000000000000000000000000000000000000000000000000000E5
S325800530600000000000000000000000000000000000000000000000000000000000000000C5
S325800530800000000000000000000000000000000000000000000000000000000000000000A5
S325800530A0000000000000000000000000000000000000000000000000000000000000000085
S325800530C0000000000000000000000000000000000000000000000000000000000000000065
S325800530E0000000000000000000000000000000000000000000000000000000000000000045
S32580053100000000000000000000000000000000000000000000000000000000000000000024
S32580053120000000000000000000000000000000000000000000000000000000000000000004
S325800531400000000000000000000000000000000000000000000000000000000000000000E4
S325800531600000000000000000000000000000000000000000000000000000000000000000C4
S325800531800000000000000000000000000000000000000000000000000000000000000000A4
S325800531A0000000000000000000000000000000000000000000000000000000000000000084
S325800531C0000000000000000000000000000000000000000000000000000000000000000064
S325800531E0000000000000000000000000000000000000000000000000000000000000000044
S32580053200000000000000000000000000000000000000000000000000000000000000000023
S32580053220000000000000000000000000000000000000000000000000000000000000000003
S325800532400000000000000000000000000000000000000000000000000000000000000000E3
S325800532600000000000000000000000000000000000000000000000000000000000000000C3
S325800532800000000000000000000000000000000000000000000000000000000000000000A3
S325800532A0000000000000000000000000000000000000000000000000000000000000000083
S325800532C0000000000000000000000000000000000000000000000000000000000000000063
S325800532E0000000000000000000000000000000000000000000000000000000000000000043
S32580053300000000000000000000000000000000000000000000000000000000000000000022
S32580053320000000000000000000000000000000000000000000000000000000000000000002
S325800533400000000000000000000000000000000000000000000000000000000000000000E2
S325800533600000000000000000000000000000000000000000000000000000000000000000C2
S325800533800000000000000000000000000000000000000000000000000000000000000000A2
S325800533A0000000000000000000000000000000000000000000000000000000000000000082
S325800533C0000000000000000000000000000000000000000000000000000000000000000062
S325800533E0000000000000000000000000000000000000000000000000000000000000000042
S32580053400000000000000000000000000000000000000000000000000000000000000000021
S32580053420000000000000000000000000000000000000000000000000000000000000000001
S325800534400000000000000000000000000000000000000000000000000000000000000000E1
S325800534600000000000000000000000000000000000000000000000000000000000000000C1
S325800534800000000000000000000000000000000000000000000000000000000000000000A1
S325800534A0000000000000000000000000000000000000000000000000000000000000000081
S325800534C0000000000000000000000000000000000000000000000000000000000000000061
S325800534E0000000000000000000000000000000000000000000000000000000000000000041
S32580053500000000000000000000000000000000000000000000000000000000000000000020
S32580053520000000000000000000000000000000000000000000000000000000000000000000
S325800535400000000000000000000000000000000000000000000000000000000000000000E0
S325800535600000000000000000000000000000000000000000000000000000000000000000C0
S325800535800000000000000000000000000000000000000000000000000000000000000000A0
S325800535A0000000000000000000000000000000000000000000000000000000000000000080
S325800535C0000000000000000000000000000000000000000000000000000000000000000060
S325800535E0000000000000000000000000000000000000000000000000000000000000000040
S3258005360000000000000000000000000000000000000000000000000000000000000000001F
S325800536200000000000000000000000000000000000000000000000000000000000000000FF
S325800536400000000000000000000000000000000000000000000000000000000000000000DF
S325800536600000000000000000000000000000000000000000000000000000000000000000BF
S3258005368000000000000000000000000000000000000000000000000000000000000000009F
S325800536A000000000000000000000000000000000000000000000000000000000000000007F
S325800536C000000000000000000000000000000000000000000000000000000000000000005F
S325800536E000000000000000000000000000000000000000000000000000000000000000003F
S3258005370000000000000000000000000000000000000000000000000000000000000000001E
S325800537200000000000000000000000000000000000000000000000000000000000000000FE
S325800537400000000000000000000000000000000000000000000000000000000000000000DE
S325800537600000000000000000000000000000000000000000000000000000000000000000BE
S3258005378000000000000000000000000000000000000000000000000000000000000000009E
S325800537A000000000000000000000000000000000000000000000000000000000000000007E
S325800537C000000000000000000000000000000000000000000000000000000000000000005E
S325800537E000000000000000000000000000000000000000000000000000000000000000003E
S3258005380000000000000000000000000000000000000000000000000000000000000000001D
S325800538200000000000000000000000000000000000000000000000000000000000000000FD
S325800538400000000000000000000000000000000000000000000000000000000000000000DD
S325800538600000000000000000000000000000000000000000000000000000000000000000BD
S3258005388000000000000000000000000000000000000000000000000000000000000000009D
S325800538A000000000000000000000000000000000000000000000000000000000000000007D
S325800538C000000000000000000000000000000000000000000000000000000000000000005D
S325800538E000000000000000000000000000000000000000000000000000000000000000003D
S3258005390000000000000000000000000000000000000000000000000000000000000000001C
S325800539200000000000000000000000000000000000000000000000000000000000000000FC
S325800539400000000000000000000000000000000000000000000000000000000000000000DC
S325800539600000000000000000000000000000000000000000000000000000000000000000BC
S3258005398000000000000000000000000000000000000000000000000000000000000000009C
S325800539A000000000000000000000000000000000000000000000000000000000000000007C
S325800539C000000000000000000000000000000000000000000000000000000000000000005C
S325800539E000000000000000000000000000000000000000000000000000000000000000003C
S32580053A0000000000000000000000000000000000000000000000000000000000000000001B
S32580053A200000000000000000000000000000000000000000000000000000000000000000FB
S32580053A400000000000000000000000000000000000000000000000000000000000000000DB
S32580053A600000000000000000000000000000000000000000000000000000000000000000BB
S32580053A8000000000000000000000000000000000000000000000000000000000000000009B
S32580053AA000000000000000000000000000000000000000000000000000000000000000007B
S32580053AC000000000000000000000000000000000000000000000000000000000000000005B
S32580053AE000000000000000000000000000000000000000000000000000000000000000003B
S32580053B0000000000000000000000000000000000000000000000000000000000000000001A
S32580053B200000000000000000000000000000000000000000000000000000000000000000FA
S32580053B400000000000000000000000000000000000000000000000000000000000000000DA
S32580053B600000000000000000000000000000000000000000000000000000000000000000BA
S32580053B8000000000000000000000000000000000000000000000000000000000000000009A
S32580053BA000000000000000000000000000000000000000000000000000000000000000007A
S32580053BC000000000000000000000000000000000000000000000000000000000000000005A
S32580053BE000000000000000000000000000000000000000000000000000000000000000003A
S32580053C00000000000000000000000000000000000000000000000000000000000000000019
S32580053C200000000000000000000000000000000000000000000000000000000000000000F9
S32580053C400000000000000000000000000000000000000000000000000000000000000000D9
S32580053C600000000000000000000000000000000000000000000000000000000000000000B9
S32580053C80000000000000000000000000000000000000000000000000000000000000000099
S32580053CA0000000000000000000000000000000000000000000000000000000000000000079
S32580053CC0000000000000000000000000000000000000000000000000000000000000000059
S32580053CE0000000000000000000000000000000000000000000000000000000000000000039
S32580053D00000000000000000000000000000000000000000000000000000000000000000018
S32580053D200000000000000000000000000000000000000000000000000000000000000000F8
S32580053D400000000000000000000000000000000000000000000000000000000000000000D8
S32580053D600000000000000000000000000000000000000000000000000000000000000000B8
S32580053D80000000000000000000000000000000000000000000000000000000000000000098
S32580053DA0000000000000000000000000000000000000000000000000000000000000000078
S32580053DC0000000000000000000000000000000000000000000000000000000000000000058
S32580053DE0000000000000000000000000000000000000000000000000000000000000000038
S32580053E00000000000000000000000000000000000000000000000000000000000000000017
S32580053E200000000000000000000000000000000000000000000000000000000000000000F7
S32580053E400000000000000000000000000000000000000000000000000000000000000000D7
S32580053E600000000000000000000000000000000000000000000000000000000000000000B7
S32580053E80000000000000000000000000000000000000000000000000000000000000000097
S32580053EA0000000000000000000000000000000000000000000000000000000000000000077
S32580053EC0000000000000000000000000000000000000000000000000000000000000000057
S32580053EE0000000000000000000000000000000000000000000000000000000000000000037
S32580053F00000000000000000000000000000000000000000000000000000000000000000016
S32580053F200000000000000000000000000000000000000000000000000000000000000000F6
S32580053F400000000000000000000000000000000000000000000000000000000000000000D6
S32580053F600000000000000000000000000000000000000000000000000000000000000000B6
S32580053F80000000000000000000000000000000000000000000000000000000000000000096
S32580053FA0000000000000000000000000000000000000000000000000000000000000000076
S32580053FC0000000000000000000000000000000000000000000000000000000000000000056
S32580053FE0000000000000000000000000000000000000000000000000000000000000000036
S32580054000000000000000000000000000000000000000000000000000000000000000000015
S325800540200000000000000000000000000000000000000000000000000000000000000000F5
S325800540400000000000000000000000000000000000000000000000000000000000000000D5
S325800540600000000000000000000000000000000000000000000000000000000000000000B5
S32580054080000000000000000000000000000000000000000000000000000000000000000095
S325800540A0000000000000000000000000000000000000000000000000000000000000000075
S325800540C0000000000000000000000000000000000000000000000000000000000000000055
S325800540E0000000000000000000000000000000000000000000000000000000000000000035
S32580054100000000000000000000000000000000000000000000000000000000000000000014
S325800541200000000000000000000000000000000000000000000000000000000000000000F4
S325800541400000000000000000000000000000000000000000000000000000000000000000D4
S325800541600000000000000000000000000000000000000000000000000000000000000000B4
S32580054180000000000000000000000000000000000000000000000000000000000000000094
S325800541A0000000000000000000000000000000000000000000000000000000000000000074
S325800541C0000000000000000000000000000000000000000000000000000000000000000054
S325800541E0000000000000000000000000000000000000000000000000000000000000000034
S32580054200000000000000000000000000000000000000000000000000000000000000000013
S325800542200000000000000000000000000000000000000000000000000000000000000000F3
S325800542400000000000000000000000000000000000000000000000000000000000000000D3
S325800542600000000000000000000000000000000000000000000000000000000000000000B3
S32580054280000000000000000000000000000000000000000000000000000000000000000093
S325800542A0000000000000000000000000000000000000000000000000000000000000000073
S325800542C0000000000000000000000000000000000000000000000000000000000000000053
S325800542E0000000000000000000000000000000000000000000000000000000000000000033
S32580054300000000000000000000000000000000000000000000000000000000000000000012
S325800543200000000000000000000000000000000000000000000000000000000000000000F2
S325800543400000000000000000000000000000000000000000000000000000000000000000D2
S325800543600000000000000000000000000000000000000000000000000000000000000000B2
S32580054380000000000000000000000000000000000000000000000000000000000000000092
S325800543A0000000000000000000000000000000000000000000000000000000000000000072
S325800543C0000000000000000000000000000000000000000000000000000000000000000052
S325800543E0000000000000000000000000000000000000000000000000000000000000000032
S32580054400000000000000000000000000000000000000000000000000000000000000000011
S325800544200000000000000000000000000000000000000000000000000000000000000000F1
S325800544400000000000000000000000000000000000000000000000000000000000000000D1
S325800544600000000000000000000000000000000000000000000000000000000000000000B1
S32580054480000000000000000000000000000000000000000000000000000000000000000091
S325800544A0000000000000000000000000000000000000000000000000000000000000000071
S325800544C0000000000000000000000000000000000000000000000000000000000000000051
S325800544E0000000000000000000000000000000000000000000000000000000000000000031
S32580054500000000000000000000000000000000000000000000000000000000000000000010
S325800545200000000000000000000000000000000000000000000000000000000000000000F0
S325800545400000000000000000000000000000000000000000000000000000000000000000D0
S325800545600000000000000000000000000000000000000000000000000000000000000000B0
S32580054580000000000000000000000000000000000000000000000000000000000000000090
S325800545A0000000000000000000000000000000000000000000000000000000000000000070
S325800545C0000000000000000000000000000000000000000000000000000000000000000050
S325800545E0000000000000000000000000000000000000000000000000000000000000000030
S3258005460000000000000000000000000000000000000000000000000000000000000000000F
S325800546200000000000000000000000000000000000000000000000000000000000000000EF
S325800546400000000000000000000000000000000000000000000000000000000000000000CF
S325800546600000000000000000000000000000000000000000000000000000000000000000AF
S3258005468000000000000000000000000000000000000000000000000000000000000000008F
S325800546A000000000000000000000000000000000000000000000000000000000000000006F
S325800546C000000000000000000000000000000000000000000000000000000000000000004F
S325800546E000000000000000000000000000000000000000000000000000000000000000002F
S3258005470000000000000000000000000000000000000000000000000000000000000000000E
S325800547200000000000000000000000000000000000000000000000000000000000000000EE
S325800547400000000000000000000000000000000000000000000000000000000000000000CE
S325800547600000000000000000000000000000000000000000000000000000000000000000AE
S3258005478000000000000000000000000000000000000000000000000000000000000000008E
S325800547A000000000000000000000000000000000000000000000000000000000000000006E
S325800547C000000000000000000000000000000000000000000000000000000000000000004E
S325800547E000000000000000000000000000000000000000000000000000000000000000002E
S3258005480000000000000000000000000000000000000000000000000000000000000000000D
S325800548200000000000000000000000000000000000000000000000000000000000000000ED
S325800548400000000000000000000000000000000000000000000000000000000000000000CD
S325800548600000000000000000000000000000000000000000000000000000000000000000AD
S3258005488000000000000000000000000000000000000000000000000000000000000000008D
S325800548A000000000000000000000000000000000000000000000000000000000000000006D
S325800548C000000000000000000000000000000000000000000000000000000000000000004D
S325800548E000000000000000000000000000000000000000000000000000000000000000002D
S3258005490000000000000000000000000000000000000000000000000000000000000000000C
S325800549200000000000000000000000000000000000000000000000000000000000000000EC
S325800549400000000000000000000000000000000000000000000000000000000000000000CC
S325800549600000000000000000000000000000000000000000000000000000000000000000AC
S3258005498000000000000000000000000000000000000000000000000000000000000000008C
S325800549A000000000000000000000000000000000000000000000000000000000000000006C
S325800549C000000000000000000000000000000000000000000000000000000000000000004C
S325800549E000000000000000000000000000000000000000000000000000000000000000002C
S32580054A0000000000000000000000000000000000000000000000000000000000000000000B
S32580054A200000000000000000000000000000000000000000000000000000000000000000EB
S32580054A400000000000000000000000000000000000000000000000000000000000000000CB
S32580054A600000000000000000000000000000000000000000000000000000000000000000AB
S32580054A8000000000000000000000000000000000000000000000000000000000000000008B
S32580054AA000000000000000000000000000000000000000000000000000000000000000006B
S32580054AC000000000000000000000000000000000000000000000000000000000000000004B
S32580054AE000000000000000000000000000000000000000000000000000000000000000002B
S32580054B0000000000000000000000000000000000000000000000000000000000000000000A
S32580054B200000000000000000000000000000000000000000000000000000000000000000EA
S32580054B400000000000000000000000000000000000000000000000000000000000000000CA
S32580054B600000000000000000000000000000000000000000000000000000000000000000AA
S32580054B8000000000000000000000000000000000000000000000000000000000000000008A
S32580054BA000000000000000000000000000000000000000000000000000000000000000006A
S32580054BC000000000000000000000000000000000000000000000000000000000000000004A
S32580054BE000000000000000000000000000000000000000000000000000000000000000002A
S32580054C00000000000000000000000000000000000000000000000000000000000000000009
S32580054C200000000000000000000000000000000000000000000000000000000000000000E9
S32580054C400000000000000000000000000000000000000000000000000000000000000000C9
S32580054C600000000000000000000000000000000000000000000000000000000000000000A9
S32580054C80000000000000000000000000000000000000000000000000000000000000000089
S32580054CA0000000000000000000000000000000000000000000000000000000000000000069
S32580054CC0000000000000000000000000000000000000000000000000000000000000000049
S32580054CE0000000000000000000000000000000000000000000000000000000000000000029
S32580054D00000000000000000000000000000000000000000000000000000000000000000008
S32580054D200000000000000000000000000000000000000000000000000000000000000000E8
S32580054D400000000000000000000000000000000000000000000000000000000000000000C8
S32580054D600000000000000000000000000000000000000000000000000000000000000000A8
S32580054D80000000000000000000000000000000000000000000000000000000000000000088
S32580054DA0000000000000000000000000000000000000000000000000000000000000000068
S32580054DC0000000000000000000000000000000000000000000000000000000000000000048
S32580054DE0000000000000000000000000000000000000000000000000000000000000000028
S32580054E00000000000000000000000000000000000000000000000000000000000000000007
S32580054E200000000000000000000000000000000000000000000000000000000000000000E7
S32580054E400000000000000000000000000000000000000000000000000000000000000000C7
S32580054E600000000000000000000000000000000000000000000000000000000000000000A7
S32580054E80000000000000000000000000000000000000000000000000000000000000000087
S32580054EA0000000000000000000000000000000000000000000000000000000000000000067
S32580054EC0000000000000000000000000000000000000000000000000000000000000000047
S32580054EE0000000000000000000000000000000000000000000000000000000000000000027
S32580054F00000000000000000000000000000000000000000000000000000000000000000006
S32580054F200000000000000000000000000000000000000000000000000000000000000000E6
S32580054F400000000000000000000000000000000000000000000000000000000000000000C6
S32580054F600000000000000000000000000000000000000000000000000000000000000000A6
S32580054F80000000000000000000000000000000000000000000000000000000000000000086
S32580054FA0000000000000000000000000000000000000000000000000000000000000000066
S32580054FC0000000000000000000000000000000000000000000000000000000000000000046
S32580054FE0000000000000000000000000000000000000000000000000000000000000000026
S32580055000000000000000000000000000000000000000000000000000000000000000000005
S325800550200000000000000000000000000000000000000000000000000000000000000000E5
S325800550400000000000000000000000000000000000000000000000000000000000000000C5
S325800550600000000000000000000000000000000000000000000000000000000000000000A5
S32580055080000000000000000000000000000000000000000000000000000000000000000085
S325800550A0000000000000000000000000000000000000000000000000000000000000000065
S325800550C0000000000000000000000000000000000000000000000000000000000000000045
S325800550E0000000000000000000000000000000000000000000000000000000000000000025
S32580055100000000000000000000000000000000000000000000000000000000000000000004
S325800551200000000000000000000000000000000000000000000000000000000000000000E4
S325800551400000000000000000000000000000000000000000000000000000000000000000C4
S325800551600000000000000000000000000000000000000000000000000000000000000000A4
S32580055180000000000000000000000000000000000000000000000000000000000000000084
S325800551A0000000000000000000000000000000000000000000000000000000000000000064
S325800551C0000000000000000000000000000000000000000000000000000000000000000044
S325800551E0000000000000000000000000000000000000000000000000000000000000000024
S32580055200000000000000000000000000000000000000000000000000000000000000000003
S325800552200000000000000000000000000000000000000000000000000000000000000000E3
S325800552400000000000000000000000000000000000000000000000000000000000000000C3
S325800552600000000000000000000000000000000000000000000000000000000000000000A3
S32580055280000000000000000000000000000000000000000000000000000000000000000083
S325800552A0000000000000000000000000000000000000000000000000000000000000000063
S325800552C0000000000000000000000000000000000000000000000000000000000000000043
S325800552E0000000000000000000000000000000000000000000000000000000000000000023
S32580055300000000000000000000000000000000000000000000000000000000000000000002
S325800553200000000000000000000000000000000000000000000000000000000000000000E2
S325800553400000000000000000000000000000000000000000000000000000000000000000C2
S325800553600000000000000000000000000000000000000000000000000000000000000000A2
S32580055380000000000000000000000000000000000000000000000000000000000000000082
S325800553A0000000000000000000000000000000000000000000000000000000000000000062
S325800553C0000000000000000000000000000000000000000000000000000000000000000042
S325800553E0000000000000000000000000000000000000000000000000000000000000000022
S32580055400000000000000000000000000000000000000000000000000000000000000000001
S325800554200000000000000000000000000000000000000000000000000000000000000000E1
S325800554400000000000000000000000000000000000000000000000000000000000000000C1
S325800554600000000000000000000000000000000000000000000000000000000000000000A1
S32580055480000000000000000000000000000000000000000000000000000000000000000081
S325800554A0000000000000000000000000000000000000000000000000000000000000000061
S325800554C0000000000000000000000000000000000000000000000000000000000000000041
S325800554E0000000000000000000000000000000000000000000000000000000000000000021
S32580055500000000000000000000000000000000000000000000000000000000000000000000
S325800555200000000000000000000000000000000000000000000000000000000000000000E0
S325800555400000000000000000000000000000000000000000000000000000000000000000C0
S325800555600000000000000000000000000000000000000000000000000000000000000000A0
S32580055580000000000000000000000000000000000000000000000000000000000000000080
S325800555A0000000000000000000000000000000000000000000000000000000000000000060
S325800555C0000000000000000000000000000000000000000000000000000000000000000040
S325800555E0000000000000000000000000000000000000000000000000000000000000000020
S325800556000000000000000000000000000000000000000000000000000000000000000000FF
S325800556200000000000000000000000000000000000000000000000000000000000000000DF
S325800556400000000000000000000000000000000000000000000000000000000000000000BF
S3258005566000000000000000000000000000000000000000000000000000000000000000009F
S3258005568000000000000000000000000000000000000000000000000000000000000000007F
S325800556A000000000000000000000000000000000000000000000000000000000000000005F
S325800556C000000000000000000000000000000000000000000000000000000000000000003F
S325800556E000000000000000000000000000000000000000000000000000000000000000001F
S325800557000000000000000000000000000000000000000000000000000000000000000000FE
S325800557200000000000000000000000000000000000000000000000000000000000000000DE
S325800557400000000000000000000000000000000000000000000000000000000000000000BE
S3258005576000000000000000000000000000000000000000000000000000000000000000009E
S3258005578000000000000000000000000000000000000000000000000000000000000000007E
S325800557A000000000000000000000000000000000000000000000000000000000000000005E
S325800557C000000000000000000000000000000000000000000000000000000000000000003E
S325800557E000000000000000000000000000000000000000000000000000000000000000001E
S325800558000000000000000000000000000000000000000000000000000000000000000000FD
S325800558200000000000000000000000000000000000000000000000000000000000000000DD
S325800558400000000000000000000000000000000000000000000000000000000000000000BD
S3258005586000000000000000000000000000000000000000000000000000000000000000009D
S3258005588000000000000000000000000000000000000000000000000000000000000000007D
S325800558A000000000000000000000000000000000000000000000000000000000000000005D
S325800558C000000000000000000000000000000000000000000000000000000000000000003D
S325800558E000000000000000000000000000000000000000000000000000000000000000001D
S325800559000000000000000000000000000000000000000000000000000000000000000000FC
S325800559200000000000000000000000000000000000000000000000000000000000000000DC
S325800559400000000000000000000000000000000000000000000000000000000000000000BC
S3258005596000000000000000000000000000000000000000000000000000000000000000009C
S3258005598000000000000000000000000000000000000000000000000000000000000000007C
S325800559A000000000000000000000000000000000000000000000000000000000000000005C
S325800559C000000000000000000000000000000000000000000000000000000000000000003C
S325800559E000000000000000000000000000000000000000000000000000000000000000001C
S32580055A000000000000000000000000000000000000000000000000000000000000000000FB
S32580055A200000000000000000000000000000000000000000000000000000000000000000DB
S32580055A400000000000000000000000000000000000000000000000000000000000000000BB
S32580055A6000000000000000000000000000000000000000000000000000000000000000009B
S32580055A8000000000000000000000000000000000000000000000000000000000000000007B
S32580055AA000000000000000000000000000000000000000000000000000000000000000005B
S32580055AC000000000000000000000000000000000000000000000000000000000000000003B
S32580055AE000000000000000000000000000000000000000000000000000000000000000001B
S32580055B000000000000000000000000000000000000000000000000000000000000000000FA
S32580055B200000000000000000000000000000000000000000000000000000000000000000DA
S32580055B400000000000000000000000000000000000000000000000000000000000000000BA
S32580055B6000000000000000000000000000000000000000000000000000000000000000009A
S32580055B8000000000000000000000000000000000000000000000000000000000000000007A
S32580055BA000000000000000000000000000000000000000000000000000000000000000005A
S32580055BC000000000000000000000000000000000000000000000000000000000000000003A
S32580055BE000000000000000000000000000000000000000000000000000000000000000001A
S32580055C000000000000000000000000000000000000000000000000000000000000000000F9
S32580055C200000000000000000000000000000000000000000000000000000000000000000D9
S32580055C400000000000000000000000000000000000000000000000000000000000000000B9
S32580055C60000000000000000000000000000000000000000000000000000000000000000099
S32580055C80000000000000000000000000000000000000000000000000000000000000000079
S32580055CA0000000000000000000000000000000000000000000000000000000000000000059
S32580055CC0000000000000000000000000000000000000000000000000000000000000000039
S32580055CE0000000000000000000000000000000000000000000000000000000000000000019
S32580055D000000000000000000000000000000000000000000000000000000000000000000F8
S32580055D200000000000000000000000000000000000000000000000000000000000000000D8
S32580055D400000000000000000000000000000000000000000000000000000000000000000B8
S32580055D60000000000000000000000000000000000000000000000000000000000000000098
S32580055D80000000000000000000000000000000000000000000000000000000000000000078
S32580055DA0000000000000000000000000000000000000000000000000000000000000000058
S32580055DC0000000000000000000000000000000000000000000000000000000000000000038
S32580055DE0000000000000000000000000000000000000000000000000000000000000000018
S32580055E000000000000000000000000000000000000000000000000000000000000000000F7
S32580055E200000000000000000000000000000000000000000000000000000000000000000D7
S32580055E400000000000000000000000000000000000000000000000000000000000000000B7
S32580055E60000000000000000000000000000000000000000000000000000000000000000097
S32580055E80000000000000000000000000000000000000000000000000000000000000000077
S32580055EA0000000000000000000000000000000000000000000000000000000000000000057
S32580055EC0000000000000000000000000000000000000000000000000000000000000000037
S32580055EE0000000000000000000000000000000000000000000000000000000000000000017
S32580055F000000000000000000000000000000000000000000000000000000000000000000F6
S32580055F200000000000000000000000000000000000000000000000000000000000000000D6
S32580055F400000000000000000000000000000000000000000000000000000000000000000B6
S32580055F60000000000000000000000000000000000000000000000000000000000000000096
S32580055F80000000000000000000000000000000000000000000000000000000000000000076
S32580055FA0000000000000000000000000000000000000000000000000000000000000000056
S32580055FC0000000000000000000000000000000000000000000000000000000000000000036
S32580055FE0000000000000000000000000000000000000000000000000000000000000000016
S325800560000000000000000000000000000000000000000000000000000000000000000000F5
S325800560200000000000000000000000000000000000000000000000000000000000000000D5
S325800560400000000000000000000000000000000000000000000000000000000000000000B5
S32580056060000000000000000000000000000000000000000000000000000000000000000095
S32580056080000000000000000000000000000000000000000000000000000000000000000075
S325800560A0000000000000000000000000000000000000000000000000000000000000000055
S325800560C0000000000000000000000000000000000000000000000000000000000000000035
S325800560E0000000000000000000000000000000000000000000000000000000000000000015
S325800561000000000000000000000000000000000000000000000000000000000000000000F4
S325800561200000000000000000000000000000000000000000000000000000000000000000D4
S325800561400000000000000000000000000000000000000000000000000000000000000000B4
S32580056160000000000000000000000000000000000000000000000000000000000000000094
S32580056180000000000000000000000000000000000000000000000000000000000000000074
S325800561A0000000000000000000000000000000000000000000000000000000000000000054
S325800561C0000000000000000000000000000000000000000000000000000000000000000034
S325800561E0000000000000000000000000000000000000000000000000000000000000000014
S325800562000000000000000000000000000000000000000000000000000000000000000000F3
S325800562200000000000000000000000000000000000000000000000000000000000000000D3
S325800562400000000000000000000000000000000000000000000000000000000000000000B3
S32580056260000000000000000000000000000000000000000000000000000000000000000093
S32580056280000000000000000000000000000000000000000000000000000000000000000073
S325800562A0000000000000000000000000000000000000000000000000000000000000000053
S325800562C0000000000000000000000000000000000000000000000000000000000000000033
S325800562E0000000000000000000000000000000000000000000000000000000000000000013
S325800563000000000000000000000000000000000000000000000000000000000000000000F2
S325800563200000000000000000000000000000000000000000000000000000000000000000D2
S325800563400000000000000000000000000000000000000000000000000000000000000000B2
S32580056360000000000000000000000000000000000000000000000000000000000000000092
S32580056380000000000000000000000000000000000000000000000000000000000000000072
S325800563A0000000000000000000000000000000000000000000000000000000000000000052
S325800563C0000000000000000000000000000000000000000000000000000000000000000032
S325800563E0000000000000000000000000000000000000000000000000000000000000000012
S325800564000000000000000000000000000000000000000000000000000000000000000000F1
S325800564200000000000000000000000000000000000000000000000000000000000000000D1
S325800564400000000000000000000000000000000000000000000000000000000000000000B1
S32580056460000000000000000000000000000000000000000000000000000000000000000091
S32580056480000000000000000000000000000000000000000000000000000000000000000071
S325800564A0000000000000000000000000000000000000000000000000000000000000000051
S325800564C0000000000000000000000000000000000000000000000000000000000000000031
S325800564E0000000000000000000000000000000000000000000000000000000000000000011
S325800565000000000000000000000000000000000000000000000000000000000000000000F0
S325800565200000000000000000000000000000000000000000000000000000000000000000D0
S325800565400000000000000000000000000000000000000000000000000000000000000000B0
S32580056560000000000000000000000000000000000000000000000000000000000000000090
S32580056580000000000000000000000000000000000000000000000000000000000000000070
S325800565A0000000000000000000000000000000000000000000000000000000000000000050
S325800565C0000000000000000000000000000000000000000000000000000000000000000030
S325800565E0000000000000000000000000000000000000000000000000000000000000000010
S325800566000000000000000000000000000000000000000000000000000000000000000000EF
S325800566200000000000000000000000000000000000000000000000000000000000000000CF
S325800566400000000000000000000000000000000000000000000000000000000000000000AF
S3258005666000000000000000000000000000000000000000000000000000000000000000008F
S3258005668000000000000000000000000000000000000000000000000000000000000000006F
S325800566A000000000000000000000000000000000000000000000000000000000000000004F
S325800566C000000000000000000000000000000000000000000000000000000000000000002F
S325800566E000000000000000000000000000000000000000000000000000000000000000000F
S325800567000000000000000000000000000000000000000000000000000000000000000000EE
S325800567200000000000000000000000000000000000000000000000000000000000000000CE
S325800567400000000000000000000000000000000000000000000000000000000000000000AE
S3258005676000000000000000000000000000000000000000000000000000000000000000008E
S3258005678000000000000000000000000000000000000000000000000000000000000000006E
S325800567A000000000000000000000000000000000000000000000000000000000000000004E
S325800567C000000000000000000000000000000000000000000000000000000000000000002E
S325800567E000000000000000000000000000000000000000000000000000000000000000000E
S325800568000000000000000000000000000000000000000000000000000000000000000000ED
S325800568200000000000000000000000000000000000000000000000000000000000000000CD
S325800568400000000000000000000000000000000000000000000000000000000000000000AD
S3258005686000000000000000000000000000000000000000000000000000000000000000008D
S3258005688000000000000000000000000000000000000000000000000000000000000000006D
S325800568A000000000000000000000000000000000000000000000000000000000000000004D
S325800568C000000000000000000000000000000000000000000000000000000000000000002D
S325800568E000000000000000000000000000000000000000000000000000000000000000000D
S325800569000000000000000000000000000000000000000000000000000000000000000000EC
S325800569200000000000000000000000000000000000000000000000000000000000000000CC
S325800569400000000000000000000000000000000000000000000000000000000000000000AC
S3258005696000000000000000000000000000000000000000000000000000000000000000008C
S3258005698000000000000000000000000000000000000000000000000000000000000000006C
S325800569A000000000000000000000000000000000000000000000000000000000000000004C
S325800569C000000000000000000000000000000000000000000000000000000000000000002C
S325800569E000000000000000000000000000000000000000000000000000000000000000000C
S32580056A000000000000000000000000000000000000000000000000000000000000000000EB
S32580056A200000000000000000000000000000000000000000000000000000000000000000CB
S32580056A400000000000000000000000000000000000000000000000000000000000000000AB
S32580056A6000000000000000000000000000000000000000000000000000000000000000008B
S32580056A8000000000000000000000000000000000000000000000000000000000000000006B
S32580056AA000000000000000000000000000000000000000000000000000000000000000004B
S32580056AC000000000000000000000000000000000000000000000000000000000000000002B
S32580056AE000000000000000000000000000000000000000000000000000000000000000000B
S32580056B000000000000000000000000000000000000000000000000000000000000000000EA
S32580056B200000000000000000000000000000000000000000000000000000000000000000CA
S32580056B400000000000000000000000000000000000000000000000000000000000000000AA
S32580056B6000000000000000000000000000000000000000000000000000000000000000008A
S32580056B8000000000000000000000000000000000000000000000000000000000000000006A
S32580056BA000000000000000000000000000000000000000000000000000000000000000004A
S32580056BC000000000000000000000000000000000000000000000000000000000000000002A
S32580056BE000000000000000000000000000000000000000000000000000000000000000000A
S32580056C000000000000000000000000000000000000000000000000000000000000000000E9
S32580056C200000000000000000000000000000000000000000000000000000000000000000C9
S32580056C400000000000000000000000000000000000000000000000000000000000000000A9
S32580056C60000000000000000000000000000000000000000000000000000000000000000089
S32580056C80000000000000000000000000000000000000000000000000000000000000000069
S32580056CA0000000000000000000000000000000000000000000000000000000000000000049
S32580056CC0000000000000000000000000000000000000000000000000000000000000000029
S32580056CE0000000000000000000000000000000000000000000000000000000000000000009
S32580056D000000000000000000000000000000000000000000000000000000000000000000E8
S32580056D200000000000000000000000000000000000000000000000000000000000000000C8
S32580056D400000000000000000000000000000000000000000000000000000000000000000A8
S32580056D60000000000000000000000000000000000000000000000000000000000000000088
S32580056D80000000000000000000000000000000000000000000000000000000000000000068
S32580056DA0000000000000000000000000000000000000000000000000000000000000000048
S32580056DC0000000000000000000000000000000000000000000000000000000000000000028
S32580056DE0000000000000000000000000000000000000000000000000000000000000000008
S32580056E000000000000000000000000000000000000000000000000000000000000000000E7
S32580056E200000000000000000000000000000000000000000000000000000000000000000C7
S32580056E400000000000000000000000000000000000000000000000000000000000000000A7
S32580056E60000000000000000000000000000000000000000000000000000000000000000087
S32580056E80000000000000000000000000000000000000000000000000000000000000000067
S32580056EA0000000000000000000000000000000000000000000000000000000000000000047
S32580056EC0000000000000000000000000000000000000000000000000000000000000000027
S32580056EE0000000000000000000000000000000000000000000000000000000000000000007
S32580056F000000000000000000000000000000000000000000000000000000000000000000E6
S32580056F200000000000000000000000000000000000000000000000000000000000000000C6
S32580056F400000000000000000000000000000000000000000000000000000000000000000A6
S32580056F60000000000000000000000000000000000000000000000000000000000000000086
S32580056F80000000000000000000000000000000000000000000000000000000000000000066
S32580056FA0000000000000000000000000000000000000000000000000000000000000000046
S32580056FC0000000000000000000000000000000000000000000000000000000000000000026
S32580056FE0000000000000000000000000000000000000000000000000000000000000000006
S325800570000000000000000000000000000000000000000000000000000000000000000000E5
S325800570200000000000000000000000000000000000000000000000000000000000000000C5
S325800570400000000000000000000000000000000000000000000000000000000000000000A5
S32580057060000000000000000000000000000000000000000000000000000000000000000085
S32580057080000000000000000000000000000000000000000000000000000000000000000065
S325800570A0000000000000000000000000000000000000000000000000000000000000000045
S325800570C0000000000000000000000000000000000000000000000000000000000000000025
S325800570E0000000000000000000000000000000000000000000000000000000000000000005
S325800571000000000000000000000000000000000000000000000000000000000000000000E4
S325800571200000000000000000000000000000000000000000000000000000000000000000C4
S325800571400000000000000000000000000000000000000000000000000000000000000000A4
S32580057160000000000000000000000000000000000000000000000000000000000000000084
S32580057180000000000000000000000000000000000000000000000000000000000000000064
S325800571A0000000000000000000000000000000000000000000000000000000000000000044
S325800571C0000000000000000000000000000000000000000000000000000000000000000024
S325800571E0000000000000000000000000000000000000000000000000000000000000000004
S325800572000000000000000000000000000000000000000000000000000000000000000000E3
S325800572200000000000000000000000000000000000000000000000000000000000000000C3
S325800572400000000000000000000000000000000000000000000000000000000000000000A3
S32580057260000000000000000000000000000000000000000000000000000000000000000083
S32580057280000000000000000000000000000000000000000000000000000000000000000063
S325800572A0000000000000000000000000000000000000000000000000000000000000000043
S325800572C0000000000000000000000000000000000000000000000000000000000000000023
S325800572E0000000000000000000000000000000000000000000000000000000000000000003
S325800573000000000000000000000000000000000000000000000000000000000000000000E2
S325800573200000000000000000000000000000000000000000000000000000000000000000C2
S325800573400000000000000000000000000000000000000000000000000000000000000000A2
S32580057360000000000000000000000000000000000000000000000000000000000000000082
S32580057380000000000000000000000000000000000000000000000000000000000000000062
S325800573A0000000000000000000000000000000000000000000000000000000000000000042
S325800573C0000000000000000000000000000000000000000000000000000000000000000022
S325800573E0000000000000000000000000000000000000000000000000000000000000000002
S325800574000000000000000000000000000000000000000000000000000000000000000000E1
S325800574200000000000000000000000000000000000000000000000000000000000000000C1
S325800574400000000000000000000000000000000000000000000000000000000000000000A1
S32580057460000000000000000000000000000000000000000000000000000000000000000081
S32580057480000000000000000000000000000000000000000000000000000000000000000061
S325800574A0000000000000000000000000000000000000000000000000000000000000000041
S325800574C0000000000000000000000000000000000000000000000000000000000000000021
S325800574E0000000000000000000000000000000000000000000000000000000000000000001
S325800575000000000000000000000000000000000000000000000000000000000000000000E0
S325800575200000000000000000000000000000000000000000000000000000000000000000C0
S325800575400000000000000000000000000000000000000000000000000000000000000000A0
S32580057560000000000000000000000000000000000000000000000000000000000000000080
S32580057580000000000000000000000000000000000000000000000000000000000000000060
S325800575A0000000000000000000000000000000000000000000000000000000000000000040
S325800575C0000000000000000000000000000000000000000000000000000000000000000020
S325800575E0000000000000000000000000000000000000000000000000000000000000000000
S325800576000000000000000000000000000000000000000000000000000000000000000000DF
S325800576200000000000000000000000000000000000000000000000000000000000000000BF
S3258005764000000000000000000000000000000000000000000000000000000000000000009F
S3258005766000000000000000000000000000000000000000000000000000000000000000007F
S3258005768000000000000000000000000000000000000000000000000000000000000000005F
S325800576A000000000000000000000000000000000000000000000000000000000000000003F
S325800576C000000000000000000000000000000000000000000000000000000000000000001F
S325800576E00000000000000000000000000000000000000000000000000000000000000000FF
S325800577000000000000000000000000000000000000000000000000000000000000000000DE
S325800577200000000000000000000000000000000000000000000000000000000000000000BE
S3258005774000000000000000000000000000000000000000000000000000000000000000009E
S3258005776000000000000000000000000000000000000000000000000000000000000000007E
S3258005778000000000000000000000000000000000000000000000000000000000000000005E
S325800577A000000000000000000000000000000000000000000000000000000000000000003E
S325800577C000000000000000000000000000000000000000000000000000000000000000001E
S325800577E00000000000000000000000000000000000000000000000000000000000000000FE
S325800578000000000000000000000000000000000000000000000000000000000000000000DD
S325800578200000000000000000000000000000000000000000000000000000000000000000BD
S3258005784000000000000000000000000000000000000000000000000000000000000000009D
S3258005786000000000000000000000000000000000000000000000000000000000000000007D
S3258005788000000000000000000000000000000000000000000000000000000000000000005D
S325800578A000000000000000000000000000000000000000000000000000000000000000003D
S325800578C000000000000000000000000000000000000000000000000000000000000000001D
S325800578E00000000000000000000000000000000000000000000000000000000000000000FD
S325800579000000000000000000000000000000000000000000000000000000000000000000DC
S325800579200000000000000000000000000000000000000000000000000000000000000000BC
S3258005794000000000000000000000000000000000000000000000000000000000000000009C
S3258005796000000000000000000000000000000000000000000000000000000000000000007C
S3258005798000000000000000000000000000000000000000000000000000000000000000005C
S325800579A000000000000000000000000000000000000000000000000000000000000000003C
S325800579C000000000000000000000000000000000000000000000000000000000000000001C
S325800579E00000000000000000000000000000000000000000000000000000000000000000FC
S32580057A000000000000000000000000000000000000000000000000000000000000000000DB
S32580057A200000000000000000000000000000000000000000000000000000000000000000BB
S32580057A4000000000000000000000000000000000000000000000000000000000000000009B
S32580057A6000000000000000000000000000000000000000000000000000000000000000007B
S32580057A8000000000000000000000000000000000000000000000000000000000000000005B
S32580057AA000000000000000000000000000000000000000000000000000000000000000003B
S32580057AC000000000000000000000000000000000000000000000000000000000000000001B
S32580057AE00000000000000000000000000000000000000000000000000000000000000000FB
S32580057B000000000000000000000000000000000000000000000000000000000000000000DA
S32580057B200000000000000000000000000000000000000000000000000000000000000000BA
S32580057B4000000000000000000000000000000000000000000000000000000000000000009A
S32580057B6000000000000000000000000000000000000000000000000000000000000000007A
S32580057B8000000000000000000000000000000000000000000000000000000000000000005A
S32580057BA000000000000000000000000000000000000000000000000000000000000000003A
S32580057BC000000000000000000000000000000000000000000000000000000000000000001A
S32580057BE00000000000000000000000000000000000000000000000000000000000000000FA
S32580057C000000000000000000000000000000000000000000000000000000000000000000D9
S32580057C200000000000000000000000000000000000000000000000000000000000000000B9
S32580057C40000000000000000000000000000000000000000000000000000000000000000099
S32580057C60000000000000000000000000000000000000000000000000000000000000000079
S32580057C80000000000000000000000000000000000000000000000000000000000000000059
S32580057CA0000000000000000000000000000000000000000000000000000000000000000039
S32580057CC0000000000000000000000000000000000000000000000000000000000000000019
S32580057CE00000000000000000000000000000000000000000000000000000000000000000F9
S32580057D000000000000000000000000000000000000000000000000000000000000000000D8
S32580057D200000000000000000000000000000000000000000000000000000000000000000B8
S32580057D40000000000000000000000000000000000000000000000000000000000000000098
S32580057D60000000000000000000000000000000000000000000000000000000000000000078
S32580057D80000000000000000000000000000000000000000000000000000000000000000058
S32580057DA0000000000000000000000000000000000000000000000000000000000000000038
S32580057DC0000000000000000000000000000000000000000000000000000000000000000018
S32580057DE00000000000000000000000000000000000000000000000000000000000000000F8
S32580057E000000000000000000000000000000000000000000000000000000000000000000D7
S32580057E200000000000000000000000000000000000000000000000000000000000000000B7
S32580057E40000000000000000000000000000000000000000000000000000000000000000097
S32580057E60000000000000000000000000000000000000000000000000000000000000000077
S32580057E80000000000000000000000000000000000000000000000000000000000000000057
S32580057EA0000000000000000000000000000000000000000000000000000000000000000037
S32580057EC0000000000000000000000000000000000000000000000000000000000000000017
S32580057EE00000000000000000000000000000000000000000000000000000000000000000F7
S32580057F000000000000000000000000000000000000000000000000000000000000000000D6
S32580057F200000000000000000000000000000000000000000000000000000000000000000B6
S32580057F40000000000000000000000000000000000000000000000000000000000000000096
S32580057F60000000000000000000000000000000000000000000000000000000000000000076
S32580057F80000000000000000000000000000000000000000000000000000000000000000056
S32580057FA0000000000000000000000000000000000000000000000000000000000000000036
S32580057FC0000000000000000000000000000000000000000000000000000000000000000016
S32580057FE00000000000000000000000000000000000000000000000000000000000000000F6
S325800580000000000000000000000000000000000000000000000000000000000000000000D5
S325800580200000000000000000000000000000000000000000000000000000000000000000B5
S32580058040000000000000000000000000000000000000000000000000000000000000000095
S32580058060000000000000000000000000000000000000000000000000000000000000000075
S32580058080000000000000000000000000000000000000000000000000000000000000000055
S325800580A0000000000000000000000000000000000000000000000000000000000000000035
S325800580C0000000000000000000000000000000000000000000000000000000000000000015
S325800580E00000000000000000000000000000000000000000000000000000000000000000F5
S325800581000000000000000000000000000000000000000000000000000000000000000000D4
S325800581200000000000000000000000000000000000000000000000000000000000000000B4
S32580058140000000000000000000000000000000000000000000000000000000000000000094
S32580058160000000000000000000000000000000000000000000000000000000000000000074
S32580058180000000000000000000000000000000000000000000000000000000000000000054
S325800581A0000000000000000000000000000000000000000000000000000000000000000034
S325800581C0000000000000000000000000000000000000000000000000000000000000000014
S325800581E00000000000000000000000000000000000000000000000000000000000000000F4
S325800582000000000000000000000000000000000000000000000000000000000000000000D3
S325800582200000000000000000000000000000000000000000000000000000000000000000B3
S32580058240000000000000000000000000000000000000000000000000000000000000000093
S32580058260000000000000000000000000000000000000000000000000000000000000000073
S32580058280000000000000000000000000000000000000000000000000000000000000000053
S325800582A0000000000000000000000000000000000000000000000000000000000000000033
S325800582C0000000000000000000000000000000000000000000000000000000000000000013
S325800582E00000000000000000000000000000000000000000000000000000000000000000F3
S325800583000000000000000000000000000000000000000000000000000000000000000000D2
S325800583200000000000000000000000000000000000000000000000000000000000000000B2
S32580058340000000000000000000000000000000000000000000000000000000000000000092
S32580058360000000000000000000000000000000000000000000000000000000000000000072
S32580058380000000000000000000000000000000000000000000000000000000000000000052
S325800583A0000000000000000000000000000000000000000000000000000000000000000032
S325800583C0000000000000000000000000000000000000000000000000000000000000000012
S325800583E00000000000000000000000000000000000000000000000000000000000000000F2
S325800584000000000000000000000000000000000000000000000000000000000000000000D1
S325800584200000000000000000000000000000000000000000000000000000000000000000B1
S32580058440000000000000000000000000000000000000000000000000000000000000000091
S32580058460000000000000000000000000000000000000000000000000000000000000000071
S32580058480000000000000000000000000000000000000000000000000000000000000000051
S325800584A0000000000000000000000000000000000000000000000000000000000000000031
S325800584C0000000000000000000000000000000000000000000000000000000000000000011
S325800584E00000000000000000000000000000000000000000000000000000000000000000F1
S325800585000000000000000000000000000000000000000000000000000000000000000000D0
S325800585200000000000000000000000000000000000000000000000000000000000000000B0
S32580058540000000000000000000000000000000000000000000000000000000000000000090
S32580058560000000000000000000000000000000000000000000000000000000000000000070
S32580058580000000000000000000000000000000000000000000000000000000000000000050
S325800585A0000000000000000000000000000000000000000000000000000000000000000030
S325800585C0000000000000000000000000000000000000000000000000000000000000000010
S325800585E00000000000000000000000000000000000000000000000000000000000000000F0
S325800586000000000000000000000000000000000000000000000000000000000000000000CF
S325800586200000000000000000000000000000000000000000000000000000000000000000AF
S3258005864000000000000000000000000000000000000000000000000000000000000000008F
S3258005866000000000000000000000000000000000000000000000000000000000000000006F
S3258005868000000000000000000000000000000000000000000000000000000000000000004F
S325800586A000000000000000000000000000000000000000000000000000000000000000002F
S325800586C000000000000000000000000000000000000000000000000000000000000000000F
S325800586E00000000000000000000000000000000000000000000000000000000000000000EF
S325800587000000000000000000000000000000000000000000000000000000000000000000CE
S325800587200000000000000000000000000000000000000000000000000000000000000000AE
S3258005874000000000000000000000000000000000000000000000000000000000000000008E
S3258005876000000000000000000000000000000000000000000000000000000000000000006E
S3258005878000000000000000000000000000000000000000000000000000000000000000004E
S325800587A000000000000000000000000000000000000000000000000000000000000000002E
S325800587C000000000000000000000000000000000000000000000000000000000000000000E
S325800587E00000000000000000000000000000000000000000000000000000000000000000EE
S325800588000000000000000000000000000000000000000000000000000000000000000000CD
S325800588200000000000000000000000000000000000000000000000000000000000000000AD
S3258005884000000000000000000000000000000000000000000000000000000000000000008D
S3258005886000000000000000000000000000000000000000000000000000000000000000006D
S3258005888000000000000000000000000000000000000000000000000000000000000000004D
S325800588A000000000000000000000000000000000000000000000000000000000000000002D
S325800588C000000000000000000000000000000000000000000000000000000000000000000D
S325800588E00000000000000000000000000000000000000000000000000000000000000000ED
S325800589000000000000000000000000000000000000000000000000000000000000000000CC
S325800589200000000000000000000000000000000000000000000000000000000000000000AC
S3258005894000000000000000000000000000000000000000000000000000000000000000008C
S3258005896000000000000000000000000000000000000000000000000000000000000000006C
S3258005898000000000000000000000000000000000000000000000000000000000000000004C
S325800589A000000000000000000000000000000000000000000000000000000000000000002C
S325800589C000000000000000000000000000000000000000000000000000000000000000000C
S325800589E00000000000000000000000000000000000000000000000000000000000000000EC
S32580058A000000000000000000000000000000000000000000000000000000000000000000CB
S32580058A200000000000000000000000000000000000000000000000000000000000000000AB
S32580058A4000000000000000000000000000000000000000000000000000000000000000008B
S32580058A6000000000000000000000000000000000000000000000000000000000000000006B
S32580058A8000000000000000000000000000000000000000000000000000000000000000004B
S32580058AA000000000000000000000000000000000000000000000000000000000000000002B
S32580058AC000000000000000000000000000000000000000000000000000000000000000000B
S32580058AE00000000000000000000000000000000000000000000000000000000000000000EB
S32580058B000000000000000000000000000000000000000000000000000000000000000000CA
S32580058B200000000000000000000000000000000000000000000000000000000000000000AA
S32580058B4000000000000000000000000000000000000000000000000000000000000000008A
S32580058B6000000000000000000000000000000000000000000000000000000000000000006A
S32580058B8000000000000000000000000000000000000000000000000000000000000000004A
S32580058BA000000000000000000000000000000000000000000000000000000000000000002A
S32580058BC000000000000000000000000000000000000000000000000000000000000000000A
S32580058BE00000000000000000000000000000000000000000000000000000000000000000EA
S32580058C000000000000000000000000000000000000000000000000000000000000000000C9
S32580058C200000000000000000000000000000000000000000000000000000000000000000A9
S32580058C40000000000000000000000000000000000000000000000000000000000000000089
S32580058C60000000000000000000000000000000000000000000000000000000000000000069
S32580058C80000000000000000000000000000000000000000000000000000000000000000049
S32580058CA0000000000000000000000000000000000000000000000000000000000000000029
S32580058CC0000000000000000000000000000000000000000000000000000000000000000009
S32580058CE00000000000000000000000000000000000000000000000000000000000000000E9
S32580058D000000000000000000000000000000000000000000000000000000000000000000C8
S32580058D200000000000000000000000000000000000000000000000000000000000000000A8
S32580058D40000000000000000000000000000000000000000000000000000000000000000088
S32580058D60000000000000000000000000000000000000000000000000000000000000000068
S32580058D80000000000000000000000000000000000000000000000000000000000000000048
S32580058DA0000000000000000000000000000000000000000000000000000000000000000028
S32580058DC0000000000000000000000000000000000000000000000000000000000000000008
S32580058DE00000000000000000000000000000000000000000000000000000000000000000E8
S32580058E000000000000000000000000000000000000000000000000000000000000000000C7
S32580058E200000000000000000000000000000000000000000000000000000000000000000A7
S32580058E40000000000000000000000000000000000000000000000000000000000000000087
S32580058E60000000000000000000000000000000000000000000000000000000000000000067
S32580058E80000000000000000000000000000000000000000000000000000000000000000047
S32580058EA0000000000000000000000000000000000000000000000000000000000000000027
S32580058EC0000000000000000000000000000000000000000000000000000000000000000007
S32580058EE00000000000000000000000000000000000000000000000000000000000000000E7
S32580058F000000000000000000000000000000000000000000000000000000000000000000C6
S32580058F200000000000000000000000000000000000000000000000000000000000000000A6
S32580058F40000000000000000000000000000000000000000000000000000000000000000086
S32580058F60000000000000000000000000000000000000000000000000000000000000000066
S32580058F80000000000000000000000000000000000000000000000000000000000000000046
S32580058FA0000000000000000000000000000000000000000000000000000000000000000026
S32580058FC0000000000000000000000000000000000000000000000000000000000000000006
S32580058FE00000000000000000000000000000000000000000000000000000000000000000E6
S325800590000000000000000000000000000000000000000000000000000000000000000000C5
S325800590200000000000000000000000000000000000000000000000000000000000000000A5
S32580059040000000000000000000000000000000000000000000000000000000000000000085
S32580059060000000000000000000000000000000000000000000000000000000000000000065
S32580059080000000000000000000000000000000000000000000000000000000000000000045
S325800590A0000000000000000000000000000000000000000000000000000000000000000025
S325800590C0000000000000000000000000000000000000000000000000000000000000000005
S325800590E00000000000000000000000000000000000000000000000000000000000000000E5
S325800591000000000000000000000000000000000000000000000000000000000000000000C4
S325800591200000000000000000000000000000000000000000000000000000000000000000A4
S32580059140000000000000000000000000000000000000000000000000000000000000000084
S32580059160000000000000000000000000000000000000000000000000000000000000000064
S32580059180000000000000000000000000000000000000000000000000000000000000000044
S325800591A0000000000000000000000000000000000000000000000000000000000000000024
S325800591C0000000000000000000000000000000000000000000000000000000000000000004
S325800591E00000000000000000000000000000000000000000000000000000000000000000E4
S325800592000000000000000000000000000000000000000000000000000000000000000000C3
S325800592200000000000000000000000000000000000000000000000000000000000000000A3
S32580059240000000000000000000000000000000000000000000000000000000000000000083
S32580059260000000000000000000000000000000000000000000000000000000000000000063
S32580059280000000000000000000000000000000000000000000000000000000000000000043
S325800592A0000000000000000000000000000000000000000000000000000000000000000023
S325800592C0000000000000000000000000000000000000000000000000000000000000000003
S325800592E00000000000000000000000000000000000000000000000000000000000000000E3
S325800593000000000000000000000000000000000000000000000000000000000000000000C2
S325800593200000000000000000000000000000000000000000000000000000000000000000A2
S32580059340000000000000000000000000000000000000000000000000000000000000000082
S32580059360000000000000000000000000000000000000000000000000000000000000000062
S32580059380000000000000000000000000000000000000000000000000000000000000000042
S325800593A0000000000000000000000000000000000000000000000000000000000000000022
S325800593C0000000000000000000000000000000000000000000000000000000000000000002
S325800593E00000000000000000000000000000000000000000000000000000000000000000E2
S325800594000000000000000000000000000000000000000000000000000000000000000000C1
S325800594200000000000000000000000000000000000000000000000000000000000000000A1
S32580059440000000000000000000000000000000000000000000000000000000000000000081
S32580059460000000000000000000000000000000000000000000000000000000000000000061
S32580059480000000000000000000000000000000000000000000000000000000000000000041
S325800594A0000000000000000000000000000000000000000000000000000000000000000021
S325800594C0000000000000000000000000000000000000000000000000000000000000000001
S325800594E00000000000000000000000000000000000000000000000000000000000000000E1
S325800595000000000000000000000000000000000000000000000000000000000000000000C0
S325800595200000000000000000000000000000000000000000000000000000000000000000A0
S32580059540000000000000000000000000000000000000000000000000000000000000000080
S32580059560000000000000000000000000000000000000000000000000000000000000000060
S32580059580000000000000000000000000000000000000000000000000000000000000000040
S325800595A0000000000000000000000000000000000000000000000000000000000000000020
S325800595C0000000000000000000000000000000000000000000000000000000000000000000
S325800595E00000000000000000000000000000000000000000000000000000000000000000E0
S325800596000000000000000000000000000000000000000000000000000000000000000000BF
S3258005962000000000000000000000000000000000000000000000000000000000000000009F
S3258005964000000000000000000000000000000000000000000000000000000000000000007F
S3258005966000000000000000000000000000000000000000000000000000000000000000005F
S3258005968000000000000000000000000000000000000000000000000000000000000000003F
S325800596A000000000000000000000000000000000000000000000000000000000000000001F
S325800596C00000000000000000000000000000000000000000000000000000000000000000FF
S325800596E00000000000000000000000000000000000000000000000000000000000000000DF
S325800597000000000000000000000000000000000000000000000000000000000000000000BE
S3258005972000000000000000000000000000000000000000000000000000000000000000009E
S3258005974000000000000000000000000000000000000000000000000000000000000000007E
S3258005976000000000000000000000000000000000000000000000000000000000000000005E
S3258005978000000000000000000000000000000000000000000000000000000000000000003E
S325800597A000000000000000000000000000000000000000000000000000000000000000001E
S325800597C00000000000000000000000000000000000000000000000000000000000000000FE
S325800597E00000000000000000000000000000000000000000000000000000000000000000DE
S325800598000000000000000000000000000000000000000000000000000000000000000000BD
S3258005982000000000000000000000000000000000000000000000000000000000000000009D
S3258005984000000000000000000000000000000000000000000000000000000000000000007D
S3258005986000000000000000000000000000000000000000000000000000000000000000005D
S3258005988000000000000000000000000000000000000000000000000000000000000000003D
S325800598A000000000000000000000000000000000000000000000000000000000000000001D
S325800598C00000000000000000000000000000000000000000000000000000000000000000FD
S325800598E00000000000000000000000000000000000000000000000000000000000000000DD
S325800599000000000000000000000000000000000000000000000000000000000000000000BC
S3258005992000000000000000000000000000000000000000000000000000000000000000009C
S3258005994000000000000000000000000000000000000000000000000000000000000000007C
S3258005996000000000000000000000000000000000000000000000000000000000000000005C
S3258005998000000000000000000000000000000000000000000000000000000000000000003C
S325800599A000000000000000000000000000000000000000000000000000000000000000001C
S325800599C00000000000000000000000000000000000000000000000000000000000000000FC
S325800599E00000000000000000000000000000000000000000000000000000000000000000DC
S32580059A000000000000000000000000000000000000000000000000000000000000000000BB
S32580059A2000000000000000000000000000000000000000000000000000000000000000009B
S32580059A4000000000000000000000000000000000000000000000000000000000000000007B
S32580059A6000000000000000000000000000000000000000000000000000000000000000005B
S32580059A8000000000000000000000000000000000000000000000000000000000000000003B
S32580059AA000000000000000000000000000000000000000000000000000000000000000001B
S32580059AC00000000000000000000000000000000000000000000000000000000000000000FB
S32580059AE00000000000000000000000000000000000000000000000000000000000000000DB
S32580059B000000000000000000000000000000000000000000000000000000000000000000BA
S32580059B2000000000000000000000000000000000000000000000000000000000000000009A
S32580059B4000000000000000000000000000000000000000000000000000000000000000007A
S32580059B6000000000000000000000000000000000000000000000000000000000000000005A
S32580059B8000000000000000000000000000000000000000000000000000000000000000003A
S32580059BA000000000000000000000000000000000000000000000000000000000000000001A
S32580059BC00000000000000000000000000000000000000000000000000000000000000000FA
S32580059BE00000000000000000000000000000000000000000000000000000000000000000DA
S32580059C000000000000000000000000000000000000000000000000000000000000000000B9
S32580059C20000000000000000000000000000000000000000000000000000000000000000099
S32580059C40000000000000000000000000000000000000000000000000000000000000000079
S32580059C60000000000000000000000000000000000000000000000000000000000000000059
S32580059C80000000000000000000000000000000000000000000000000000000000000000039
S32580059CA0000000000000000000000000000000000000000000000000000000000000000019
S32580059CC00000000000000000000000000000000000000000000000000000000000000000F9
S32580059CE00000000000000000000000000000000000000000000000000000000000000000D9
S32580059D000000000000000000000000000000000000000000000000000000000000000000B8
S32580059D20000000000000000000000000000000000000000000000000000000000000000098
S32580059D40000000000000000000000000000000000000000000000000000000000000000078
S32580059D60000000000000000000000000000000000000000000000000000000000000000058
S32580059D80000000000000000000000000000000000000000000000000000000000000000038
S32580059DA0000000000000000000000000000000000000000000000000000000000000000018
S32580059DC00000000000000000000000000000000000000000000000000000000000000000F8
S32580059DE00000000000000000000000000000000000000000000000000000000000000000D8
S32580059E000000000000000000000000000000000000000000000000000000000000000000B7
S32580059E20000000000000000000000000000000000000000000000000000000000000000097
S32580059E40000000000000000000000000000000000000000000000000000000000000000077
S32580059E60000000000000000000000000000000000000000000000000000000000000000057
S32580059E80000000000000000000000000000000000000000000000000000000000000000037
S32580059EA0000000000000000000000000000000000000000000000000000000000000000017
S32580059EC00000000000000000000000000000000000000000000000000000000000000000F7
S32580059EE00000000000000000000000000000000000000000000000000000000000000000D7
S32580059F000000000000000000000000000000000000000000000000000000000000000000B6
S32580059F20000000000000000000000000000000000000000000000000000000000000000096
S32580059F40000000000000000000000000000000000000000000000000000000000000000076
S32580059F60000000000000000000000000000000000000000000000000000000000000000056
S32580059F80000000000000000000000000000000000000000000000000000000000000000036
S32580059FA0000000000000000000000000000000000000000000000000000000000000000016
S32580059FC00000000000000000000000000000000000000000000000000000000000000000F6
S32580059FE00000000000000000000000000000000000000000000000000000000000000000D6
S3258005A0000000000000000000000000000000000000000000000000000000000000000000B5
S3258005A020000000000000000000000000000000000000000000000000000000000000000095
S3258005A040000000000000000000000000000000000000000000000000000000000000000075
S3258005A060000000000000000000000000000000000000000000000000000000000000000055
S3258005A080000000000000000000000000000000000000000000000000000000000000000035
S3258005A0A0000000000000000000000000000000000000000000000000000000000000000015
S3258005A0C00000000000000000000000000000000000000000000000000000000000000000F5
S3258005A0E00000000000000000000000000000000000000000000000000000000000000000D5
S3258005A1000000000000000000000000000000000000000000000000000000000000000000B4
S3258005A120000000000000000000000000000000000000000000000000000000000000000094
S3258005A140000000000000000000000000000000000000000000000000000000000000000074
S3258005A160000000000000000000000000000000000000000000000000000000000000000054
S3258005A180000000000000000000000000000000000000000000000000000000000000000034
S3258005A1A0000000000000000000000000000000000000000000000000000000000000000014
S3258005A1C00000000000000000000000000000000000000000000000000000000000000000F4
S3258005A1E00000000000000000000000000000000000000000000000000000000000000000D4
S3258005A2000000000000000000000000000000000000000000000000000000000000000000B3
S3258005A220000000000000000000000000000000000000000000000000000000000000000093
S3258005A240000000000000000000000000000000000000000000000000000000000000000073
S3258005A260000000000000000000000000000000000000000000000000000000000000000053
S3258005A280000000000000000000000000000000000000000000000000000000000000000033
S3258005A2A0000000000000000000000000000000000000000000000000000000000000000013
S3258005A2C00000000000000000000000000000000000000000000000000000000000000000F3
S3258005A2E00000000000000000000000000000000000000000000000000000000000000000D3
S3258005A3000000000000000000000000000000000000000000000000000000000000000000B2
S3258005A320000000000000000000000000000000000000000000000000000000000000000092
S3258005A340000000000000000000000000000000000000000000000000000000000000000072
S3258005A360000000000000000000000000000000000000000000000000000000000000000052
S3258005A380000000000000000000000000000000000000000000000000000000000000000032
S3258005A3A0000000000000000000000000000000000000000000000000000000000000000012
S3258005A3C00000000000000000000000000000000000000000000000000000000000000000F2
S3258005A3E00000000000000000000000000000000000000000000000000000000000000000D2
S3258005A4000000000000000000000000000000000000000000000000000000000000000000B1
S3258005A420000000000000000000000000000000000000000000000000000000000000000091
S3258005A440000000000000000000000000000000000000000000000000000000000000000071
S3258005A460000000000000000000000000000000000000000000000000000000000000000051
S3258005A480000000000000000000000000000000000000000000000000000000000000000031
S3258005A4A0000000000000000000000000000000000000000000000000000000000000000011
S3258005A4C00000000000000000000000000000000000000000000000000000000000000000F1
S3258005A4E00000000000000000000000000000000000000000000000000000000000000000D1
S3258005A5000000000000000000000000000000000000000000000000000000000000000000B0
S3258005A520000000000000000000000000000000000000000000000000000000000000000090
S3258005A540000000000000000000000000000000000000000000000000000000000000000070
S3258005A560000000000000000000000000000000000000000000000000000000000000000050
S3258005A580000000000000000000000000000000000000000000000000000000000000000030
S3258005A5A0000000000000000000000000000000000000000000000000000000000000000010
S3258005A5C00000000000000000000000000000000000000000000000000000000000000000F0
S3258005A5E00000000000000000000000000000000000000000000000000000000000000000D0
S3258005A6000000000000000000000000000000000000000000000000000000000000000000AF
S3258005A62000000000000000000000000000000000000000000000000000000000000000008F
S3258005A64000000000000000000000000000000000000000000000000000000000000000006F
S3258005A66000000000000000000000000000000000000000000000000000000000000000004F
S3258005A68000000000000000000000000000000000000000000000000000000000000000002F
S3258005A6A000000000000000000000000000000000000000000000000000000000000000000F
S3258005A6C00000000000000000000000000000000000000000000000000000000000000000EF
S3258005A6E00000000000000000000000000000000000000000000000000000000000000000CF
S3258005A7000000000000000000000000000000000000000000000000000000000000000000AE
S3258005A72000000000000000000000000000000000000000000000000000000000000000008E
S3258005A74000000000000000000000000000000000000000000000000000000000000000006E
S3258005A76000000000000000000000000000000000000000000000000000000000000000004E
S3258005A78000000000000000000000000000000000000000000000000000000000000000002E
S3258005A7A000000000000000000000000000000000000000000000000000000000000000000E
S3258005A7C00000000000000000000000000000000000000000000000000000000000000000EE
S3258005A7E00000000000000000000000000000000000000000000000000000000000000000CE
S3258005A8000000000000000000000000000000000000000000000000000000000000000000AD
S3258005A82000000000000000000000000000000000000000000000000000000000000000008D
S3258005A84000000000000000000000000000000000000000000000000000000000000000006D
S3258005A86000000000000000000000000000000000000000000000000000000000000000004D
S3258005A88000000000000000000000000000000000000000000000000000000000000000002D
S3258005A8A000000000000000000000000000000000000000000000000000000000000000000D
S3258005A8C00000000000000000000000000000000000000000000000000000000000000000ED
S3258005A8E00000000000000000000000000000000000000000000000000000000000000000CD
S3258005A9000000000000000000000000000000000000000000000000000000000000000000AC
S3258005A92000000000000000000000000000000000000000000000000000000000000000008C
S3258005A94000000000000000000000000000000000000000000000000000000000000000006C
S3258005A96000000000000000000000000000000000000000000000000000000000000000004C
S3258005A98000000000000000000000000000000000000000000000000000000000000000002C
S3258005A9A000000000000000000000000000000000000000000000000000000000000000000C
S3258005A9C00000000000000000000000000000000000000000000000000000000000000000EC
S3258005A9E00000000000000000000000000000000000000000000000000000000000000000CC
S3258005AA000000000000000000000000000000000000000000000000000000000000000000AB
S3258005AA2000000000000000000000000000000000000000000000000000000000000000008B
S3258005AA4000000000000000000000000000000000000000000000000000000000000000006B
S3258005AA6000000000000000000000000000000000000000000000000000000000000000004B
S3258005AA8000000000000000000000000000000000000000000000000000000000000000002B
S3258005AAA000000000000000000000000000000000000000000000000000000000000000000B
S3258005AAC00000000000000000000000000000000000000000000000000000000000000000EB
S3258005AAE00000000000000000000000000000000000000000000000000000000000000000CB
S3258005AB000000000000000000000000000000000000000000000000000000000000000000AA
S3258005AB2000000000000000000000000000000000000000000000000000000000000000008A
S3258005AB4000000000000000000000000000000000000000000000000000000000000000006A
S3258005AB6000000000000000000000000000000000000000000000000000000000000000004A
S3258005AB8000000000000000000000000000000000000000000000000000000000000000002A
S3258005ABA000000000000000000000000000000000000000000000000000000000000000000A
S3258005ABC00000000000000000000000000000000000000000000000000000000000000000EA
S3258005ABE00000000000000000000000000000000000000000000000000000000000000000CA
S3258005AC000000000000000000000000000000000000000000000000000000000000000000A9
S3258005AC20000000000000000000000000000000000000000000000000000000000000000089
S3258005AC40000000000000000000000000000000000000000000000000000000000000000069
S3258005AC60000000000000000000000000000000000000000000000000000000000000000049
S3258005AC80000000000000000000000000000000000000000000000000000000000000000029
S3258005ACA0000000000000000000000000000000000000000000000000000000000000000009
S3258005ACC00000000000000000000000000000000000000000000000000000000000000000E9
S3258005ACE00000000000000000000000000000000000000000000000000000000000000000C9
S3258005AD000000000000000000000000000000000000000000000000000000000000000000A8
S3258005AD20000000000000000000000000000000000000000000000000000000000000000088
S3258005AD40000000000000000000000000000000000000000000000000000000000000000068
S3258005AD60000000000000000000000000000000000000000000000000000000000000000048
S3258005AD80000000000000000000000000000000000000000000000000000000000000000028
S3258005ADA0000000000000000000000000000000000000000000000000000000000000000008
S3258005ADC00000000000000000000000000000000000000000000000000000000000000000E8
S3258005ADE00000000000000000000000000000000000000000000000000000000000000000C8
S3258005AE000000000000000000000000000000000000000000000000000000000000000000A7
S3258005AE20000000000000000000000000000000000000000000000000000000000000000087
S3258005AE40000000000000000000000000000000000000000000000000000000000000000067
S3258005AE60000000000000000000000000000000000000000000000000000000000000000047
S3258005AE80000000000000000000000000000000000000000000000000000000000000000027
S3258005AEA0000000000000000000000000000000000000000000000000000000000000000007
S3258005AEC00000000000000000000000000000000000000000000000000000000000000000E7
S3258005AEE00000000000000000000000000000000000000000000000000000000000000000C7
S3258005AF000000000000000000000000000000000000000000000000000000000000000000A6
S3258005AF20000000000000000000000000000000000000000000000000000000000000000086
S3258005AF40000000000000000000000000000000000000000000000000000000000000000066
S3258005AF60000000000000000000000000000000000000000000000000000000000000000046
S3258005AF80000000000000000000000000000000000000000000000000000000000000000026
S3258005AFA0000000000000000000000000000000000000000000000000000000000000000006
S3258005AFC00000000000000000000000000000000000000000000000000000000000000000E6
S3258005AFE00000000000000000000000000000000000000000000000000000000000000000C6
S3258005B0000000000000000000000000000000000000000000000000000000000000000000A5
S3258005B020000000000000000000000000000000000000000000000000000000000000000085
S3258005B040000000000000000000000000000000000000000000000000000000000000000065
S3258005B060000000000000000000000000000000000000000000000000000000000000000045
S3258005B080000000000000000000000000000000000000000000000000000000000000000025
S3258005B0A0000000000000000000000000000000000000000000000000000000000000000005
S3258005B0C00000000000000000000000000000000000000000000000000000000000000000E5
S3258005B0E00000000000000000000000000000000000000000000000000000000000000000C5
S3258005B1000000000000000000000000000000000000000000000000000000000000000000A4
S3258005B120000000000000000000000000000000000000000000000000000000000000000084
S3258005B140000000000000000000000000000000000000000000000000000000000000000064
S3258005B160000000000000000000000000000000000000000000000000000000000000000044
S3258005B180000000000000000000000000000000000000000000000000000000000000000024
S3258005B1A0000000000000000000000000000000000000000000000000000000000000000004
S3258005B1C00000000000000000000000000000000000000000000000000000000000000000E4
S3258005B1E00000000000000000000000000000000000000000000000000000000000000000C4
S3258005B2000000000000000000000000000000000000000000000000000000000000000000A3
S3258005B220000000000000000000000000000000000000000000000000000000000000000083
S3258005B240000000000000000000000000000000000000000000000000000000000000000063
S3258005B260000000000000000000000000000000000000000000000000000000000000000043
S3258005B280000000000000000000000000000000000000000000000000000000000000000023
S3258005B2A0000000000000000000000000000000000000000000000000000000000000000003
S3258005B2C00000000000000000000000000000000000000000000000000000000000000000E3
S3258005B2E00000000000000000000000000000000000000000000000000000000000000000C3
S3258005B3000000000000000000000000000000000000000000000000000000000000000000A2
S3258005B320000000000000000000000000000000000000000000000000000000000000000082
S3258005B340000000000000000000000000000000000000000000000000000000000000000062
S3258005B360000000000000000000000000000000000000000000000000000000000000000042
S3258005B380000000000000000000000000000000000000000000000000000000000000000022
S3258005B3A0000000000000000000000000000000000000000000000000000000000000000002
S3258005B3C00000000000000000000000000000000000000000000000000000000000000000E2
S3258005B3E00000000000000000000000000000000000000000000000000000000000000000C2
S3258005B4000000000000000000000000000000000000000000000000000000000000000000A1
S3258005B420000000000000000000000000000000000000000000000000000000000000000081
S3258005B440000000000000000000000000000000000000000000000000000000000000000061
S3258005B460000000000000000000000000000000000000000000000000000000000000000041
S3258005B480000000000000000000000000000000000000000000000000000000000000000021
S3258005B4A0000000000000000000000000000000000000000000000000000000000000000001
S3258005B4C00000000000000000000000000000000000000000000000000000000000000000E1
S3258005B4E00000000000000000000000000000000000000000000000000000000000000000C1
S3258005B5000000000000000000000000000000000000000000000000000000000000000000A0
S3258005B520000000000000000000000000000000000000000000000000000000000000000080
S3258005B540000000000000000000000000000000000000000000000000000000000000000060
S3258005B560000000000000000000000000000000000000000000000000000000000000000040
S3258005B580000000000000000000000000000000000000000000000000000000000000000020
S3258005B5A0000000000000000000000000000000000000000000000000000000000000000000
S3258005B5C00000000000000000000000000000000000000000000000000000000000000000E0
S3258005B5E00000000000000000000000000000000000000000000000000000000000000000C0
S3258005B60000000000000000000000000000000000000000000000000000000000000000009F
S3258005B62000000000000000000000000000000000000000000000000000000000000000007F
S3258005B64000000000000000000000000000000000000000000000000000000000000000005F
S3258005B66000000000000000000000000000000000000000000000000000000000000000003F
S3258005B68000000000000000000000000000000000000000000000000000000000000000001F
S3258005B6A00000000000000000000000000000000000000000000000000000000000000000FF
S3258005B6C00000000000000000000000000000000000000000000000000000000000000000DF
S3258005B6E00000000000000000000000000000000000000000000000000000000000000000BF
S3258005B70000000000000000000000000000000000000000000000000000000000000000009E
S3258005B72000000000000000000000000000000000000000000000000000000000000000007E
S3258005B74000000000000000000000000000000000000000000000000000000000000000005E
S3258005B76000000000000000000000000000000000000000000000000000000000000000003E
S3258005B78000000000000000000000000000000000000000000000000000000000000000001E
S3258005B7A00000000000000000000000000000000000000000000000000000000000000000FE
S3258005B7C00000000000000000000000000000000000000000000000000000000000000000DE
S3258005B7E00000000000000000000000000000000000000000000000000000000000000000BE
S3258005B80000000000000000000000000000000000000000000000000000000000000000009D
S3258005B82000000000000000000000000000000000000000000000000000000000000000007D
S3258005B84000000000000000000000000000000000000000000000000000000000000000005D
S3258005B86000000000000000000000000000000000000000000000000000000000000000003D
S3258005B88000000000000000000000000000000000000000000000000000000000000000001D
S3258005B8A00000000000000000000000000000000000000000000000000000000000000000FD
S3258005B8C00000000000000000000000000000000000000000000000000000000000000000DD
S3258005B8E00000000000000000000000000000000000000000000000000000000000000000BD
S3258005B90000000000000000000000000000000000000000000000000000000000000000009C
S3258005B92000000000000000000000000000000000000000000000000000000000000000007C
S3258005B94000000000000000000000000000000000000000000000000000000000000000005C
S3258005B96000000000000000000000000000000000000000000000000000000000000000003C
S3258005B98000000000000000000000000000000000000000000000000000000000000000001C
S3258005B9A00000000000000000000000000000000000000000000000000000000000000000FC
S3258005B9C00000000000000000000000000000000000000000000000000000000000000000DC
S3258005B9E00000000000000000000000000000000000000000000000000000000000000000BC
S3258005BA0000000000000000000000000000000000000000000000000000000000000000009B
S3258005BA2000000000000000000000000000000000000000000000000000000000000000007B
S3258005BA4000000000000000000000000000000000000000000000000000000000000000005B
S3258005BA6000000000000000000000000000000000000000000000000000000000000000003B
S3258005BA8000000000000000000000000000000000000000000000000000000000000000001B
S3258005BAA00000000000000000000000000000000000000000000000000000000000000000FB
S3258005BAC00000000000000000000000000000000000000000000000000000000000000000DB
S3258005BAE00000000000000000000000000000000000000000000000000000000000000000BB
S3258005BB0000000000000000000000000000000000000000000000000000000000000000009A
S3258005BB2000000000000000000000000000000000000000000000000000000000000000007A
S3258005BB4000000000000000000000000000000000000000000000000000000000000000005A
S3258005BB6000000000000000000000000000000000000000000000000000000000000000003A
S3258005BB8000000000000000000000000000000000000000000000000000000000000000001A
S3258005BBA00000000000000000000000000000000000000000000000000000000000000000FA
S3258005BBC00000000000000000000000000000000000000000000000000000000000000000DA
S3258005BBE00000000000000000000000000000000000000000000000000000000000000000BA
S3258005BC00000000000000000000000000000000000000000000000000000000000000000099
S3258005BC20000000000000000000000000000000000000000000000000000000000000000079
S3258005BC40000000000000000000000000000000000000000000000000000000000000000059
S3258005BC60000000000000000000000000000000000000000000000000000000000000000039
S3258005BC80000000000000000000000000000000000000000000000000000000000000000019
S3258005BCA00000000000000000000000000000000000000000000000000000000000000000F9
S3258005BCC00000000000000000000000000000000000000000000000000000000000000000D9
S3258005BCE00000000000000000000000000000000000000000000000000000000000000000B9
S3258005BD00000000000000000000000000000000000000000000000000000000000000000098
S3258005BD20000000000000000000000000000000000000000000000000000000000000000078
S3258005BD40000000000000000000000000000000000000000000000000000000000000000058
S3258005BD60000000000000000000000000000000000000000000000000000000000000000038
S3258005BD80000000000000000000000000000000000000000000000000000000000000000018
S3258005BDA00000000000000000000000000000000000000000000000000000000000000000F8
S3258005BDC00000000000000000000000000000000000000000000000000000000000000000D8
S3258005BDE00000000000000000000000000000000000000000000000000000000000000000B8
S3258005BE00000000000000000000000000000000000000000000000000000000000000000097
S3258005BE20000000000000000000000000000000000000000000000000000000000000000077
S3258005BE40000000000000000000000000000000000000000000000000000000000000000057
S3258005BE60000000000000000000000000000000000000000000000000000000000000000037
S3258005BE80000000000000000000000000000000000000000000000000000000000000000017
S3258005BEA00000000000000000000000000000000000000000000000000000000000000000F7
S3258005BEC00000000000000000000000000000000000000000000000000000000000000000D7
S3258005BEE00000000000000000000000000000000000000000000000000000000000000000B7
S3258005BF00000000000000000000000000000000000000000000000000000000000000000096
S3258005BF20000000000000000000000000000000000000000000000000000000000000000076
S3258005BF40000000000000000000000000000000000000000000000000000000000000000056
S3258005BF60000000000000000000000000000000000000000000000000000000000000000036
S3258005BF80000000000000000000000000000000000000000000000000000000000000000016
S3258005BFA00000000000000000000000000000000000000000000000000000000000000000F6
S3258005BFC00000000000000000000000000000000000000000000000000000000000000000D6
S3258005BFE00000000000000000000000000000000000000000000000000000000000000000B6
S3258005C000000000000000000000000000000000000000000000000000000000000000000095
S3258005C020000000000000000000000000000000000000000000000000000000000000000075
S3258005C040000000000000000000000000000000000000000000000000000000000000000055
S3258005C060000000000000000000000000000000000000000000000000000000000000000035
S3258005C080000000000000000000000000000000000000000000000000000000000000000015
S3258005C0A00000000000000000000000000000000000000000000000000000000000000000F5
S3258005C0C00000000000000000000000000000000000000000000000000000000000000000D5
S3258005C0E00000000000000000000000000000000000000000000000000000000000000000B5
S3258005C100000000000000000000000000000000000000000000000000000000000000000094
S3258005C120000000000000000000000000000000000000000000000000000000000000000074
S3258005C140000000000000000000000000000000000000000000000000000000000000000054
S3258005C160000000000000000000000000000000000000000000000000000000000000000034
S3258005C180000000000000000000000000000000000000000000000000000000000000000014
S3258005C1A00000000000000000000000000000000000000000000000000000000000000000F4
S3258005C1C00000000000000000000000000000000000000000000000000000000000000000D4
S3258005C1E00000000000000000000000000000000000000000000000000000000000000000B4
S3258005C200000000000000000000000000000000000000000000000000000000000000000093
S3258005C220000000000000000000000000000000000000000000000000000000000000000073
S3258005C240000000000000000000000000000000000000000000000000000000000000000053
S3258005C260000000000000000000000000000000000000000000000000000000000000000033
S3258005C280000000000000000000000000000000000000000000000000000000000000000013
S3258005C2A00000000000000000000000000000000000000000000000000000000000000000F3
S3258005C2C00000000000000000000000000000000000000000000000000000000000000000D3
S3258005C2E00000000000000000000000000000000000000000000000000000000000000000B3
S3258005C300000000000000000000000000000000000000000000000000000000000000000092
S3258005C320000000000000000000000000000000000000000000000000000000000000000072
S3258005C340000000000000000000000000000000000000000000000000000000000000000052
S3258005C360000000000000000000000000000000000000000000000000000000000000000032
S3258005C380000000000000000000000000000000000000000000000000000000000000000012
S3258005C3A00000000000000000000000000000000000000000000000000000000000000000F2
S3258005C3C00000000000000000000000000000000000000000000000000000000000000000D2
S3258005C3E00000000000000000000000000000000000000000000000000000000000000000B2
S3258005C400000000000000000000000000000000000000000000000000000000000000000091
S3258005C420000000000000000000000000000000000000000000000000000000000000000071
S3258005C440000000000000000000000000000000000000000000000000000000000000000051
S3258005C460000000000000000000000000000000000000000000000000000000000000000031
S3258005C480000000000000000000000000000000000000000000000000000000000000000011
S3258005C4A00000000000000000000000000000000000000000000000000000000000000000F1
S3258005C4C00000000000000000000000000000000000000000000000000000000000000000D1
S3258005C4E00000000000000000000000000000000000000000000000000000000000000000B1
S3258005C500000000000000000000000000000000000000000000000000000000000000000090
S3258005C520000000000000000000000000000000000000000000000000000000000000000070
S3258005C540000000000000000000000000000000000000000000000000000000000000000050
S3258005C560000000000000000000000000000000000000000000000000000000000000000030
S3258005C580000000000000000000000000000000000000000000000000000000000000000010
S3258005C5A00000000000000000000000000000000000000000000000000000000000000000F0
S3258005C5C00000000000000000000000000000000000000000000000000000000000000000D0
S3258005C5E00000000000000000000000000000000000000000000000000000000000000000B0
S3258005C60000000000000000000000000000000000000000000000000000000000000000008F
S3258005C62000000000000000000000000000000000000000000000000000000000000000006F
S3258005C64000000000000000000000000000000000000000000000000000000000000000004F
S3258005C66000000000000000000000000000000000000000000000000000000000000000002F
S3258005C68000000000000000000000000000000000000000000000000000000000000000000F
S3258005C6A00000000000000000000000000000000000000000000000000000000000000000EF
S3258005C6C00000000000000000000000000000000000000000000000000000000000000000CF
S3258005C6E00000000000000000000000000000000000000000000000000000000000000000AF
S3258005C70000000000000000000000000000000000000000000000000000000000000000008E
S3258005C72000000000000000000000000000000000000000000000000000000000000000006E
S3258005C74000000000000000000000000000000000000000000000000000000000000000004E
S3258005C76000000000000000000000000000000000000000000000000000000000000000002E
S3258005C78000000000000000000000000000000000000000000000000000000000000000000E
S3258005C7A00000000000000000000000000000000000000000000000000000000000000000EE
S3258005C7C00000000000000000000000000000000000000000000000000000000000000000CE
S3258005C7E00000000000000000000000000000000000000000000000000000000000000000AE
S3258005C80000000000000000000000000000000000000000000000000000000000000000008D
S3258005C82000000000000000000000000000000000000000000000000000000000000000006D
S3258005C84000000000000000000000000000000000000000000000000000000000000000004D
S3258005C86000000000000000000000000000000000000000000000000000000000000000002D
S3258005C88000000000000000000000000000000000000000000000000000000000000000000D
S3258005C8A00000000000000000000000000000000000000000000000000000000000000000ED
S3258005C8C00000000000000000000000000000000000000000000000000000000000000000CD
S3258005C8E00000000000000000000000000000000000000000000000000000000000000000AD
S3258005C90000000000000000000000000000000000000000000000000000000000000000008C
S3258005C92000000000000000000000000000000000000000000000000000000000000000006C
S3258005C94000000000000000000000000000000000000000000000000000000000000000004C
S3258005C96000000000000000000000000000000000000000000000000000000000000000002C
S3258005C98000000000000000000000000000000000000000000000000000000000000000000C
S3258005C9A00000000000000000000000000000000000000000000000000000000000000000EC
S3258005C9C00000000000000000000000000000000000000000000000000000000000000000CC
S3258005C9E00000000000000000000000000000000000000000000000000000000000000000AC
S3258005CA0000000000000000000000000000000000000000000000000000000000000000008B
S3258005CA2000000000000000000000000000000000000000000000000000000000000000006B
S3258005CA4000000000000000000000000000000000000000000000000000000000000000004B
S3258005CA6000000000000000000000000000000000000000000000000000000000000000002B
S3258005CA8000000000000000000000000000000000000000000000000000000000000000000B
S3258005CAA00000000000000000000000000000000000000000000000000000000000000000EB
S3258005CAC00000000000000000000000000000000000000000000000000000000000000000CB
S3258005CAE00000000000000000000000000000000000000000000000000000000000000000AB
S3258005CB0000000000000000000000000000000000000000000000000000000000000000008A
S3258005CB2000000000000000000000000000000000000000000000000000000000000000006A
S3258005CB4000000000000000000000000000000000000000000000000000000000000000004A
S3258005CB6000000000000000000000000000000000000000000000000000000000000000002A
S3258005CB8000000000000000000000000000000000000000000000000000000000000000000A
S3258005CBA00000000000000000000000000000000000000000000000000000000000000000EA
S3258005CBC00000000000000000000000000000000000000000000000000000000000000000CA
S3258005CBE00000000000000000000000000000000000000000000000000000000000000000AA
S3258005CC00000000000000000000000000000000000000000000000000000000000000000089
S3258005CC20000000000000000000000000000000000000000000000000000000000000000069
S3258005CC40000000000000000000000000000000000000000000000000000000000000000049
S3258005CC60000000000000000000000000000000000000000000000000000000000000000029
S3258005CC80000000000000000000000000000000000000000000000000000000000000000009
S3258005CCA00000000000000000000000000000000000000000000000000000000000000000E9
S3258005CCC00000000000000000000000000000000000000000000000000000000000000000C9
S3258005CCE00000000000000000000000000000000000000000000000000000000000000000A9
S3258005CD00000000000000000000000000000000000000000000000000000000000000000088
S3258005CD20000000000000000000000000000000000000000000000000000000000000000068
S3258005CD40000000000000000000000000000000000000000000000000000000000000000048
S3258005CD60000000000000000000000000000000000000000000000000000000000000000028
S3258005CD80000000000000000000000000000000000000000000000000000000000000000008
S3258005CDA00000000000000000000000000000000000000000000000000000000000000000E8
S3258005CDC00000000000000000000000000000000000000000000000000000000000000000C8
S3258005CDE00000000000000000000000000000000000000000000000000000000000000000A8
S3258005CE00000000000000000000000000000000000000000000000000000000000000000087
S3258005CE20000000000000000000000000000000000000000000000000000000000000000067
S3258005CE40000000000000000000000000000000000000000000000000000000000000000047
S3258005CE60000000000000000000000000000000000000000000000000000000000000000027
S3258005CE80000000000000000000000000000000000000000000000000000000000000000007
S3258005CEA00000000000000000000000000000000000000000000000000000000000000000E7
S3258005CEC00000000000000000000000000000000000000000000000000000000000000000C7
S3258005CEE00000000000000000000000000000000000000000000000000000000000000000A7
S3258005CF00000000000000000000000000000000000000000000000000000000000000000086
S3258005CF20000000000000000000000000000000000000000000000000000000000000000066
S3258005CF40000000000000000000000000000000000000000000000000000000000000000046
S3258005CF60000000000000000000000000000000000000000000000000000000000000000026
S3258005CF80000000000000000000000000000000000000000000000000000000000000000006
S3258005CFA00000000000000000000000000000000000000000000000000000000000000000E6
S3258005CFC00000000000000000000000000000000000000000000000000000000000000000C6
S3258005CFE00000000000000000000000000000000000000000000000000000000000000000A6
S3258005D000000000000000000000000000000000000000000000000000000000000000000085
S3258005D020000000000000000000000000000000000000000000000000000000000000000065
S3258005D040000000000000000000000000000000000000000000000000000000000000000045
S3258005D060000000000000000000000000000000000000000000000000000000000000000025
S3258005D080000000000000000000000000000000000000000000000000000000000000000005
S3258005D0A00000000000000000000000000000000000000000000000000000000000000000E5
S3258005D0C00000000000000000000000000000000000000000000000000000000000000000C5
S3258005D0E00000000000000000000000000000000000000000000000000000000000000000A5
S3258005D100000000000000000000000000000000000000000000000000000000000000000084
S3258005D120000000000000000000000000000000000000000000000000000000000000000064
S3258005D140000000000000000000000000000000000000000000000000000000000000000044
S3258005D160000000000000000000000000000000000000000000000000000000000000000024
S3258005D180000000000000000000000000000000000000000000000000000000000000000004
S3258005D1A00000000000000000000000000000000000000000000000000000000000000000E4
S3258005D1C00000000000000000000000000000000000000000000000000000000000000000C4
S3258005D1E00000000000000000000000000000000000000000000000000000000000000000A4
S3258005D200000000000000000000000000000000000000000000000000000000000000000083
S3258005D220000000000000000000000000000000000000000000000000000000000000000063
S3258005D240000000000000000000000000000000000000000000000000000000000000000043
S3258005D260000000000000000000000000000000000000000000000000000000000000000023
S3258005D280000000000000000000000000000000000000000000000000000000000000000003
S3258005D2A00000000000000000000000000000000000000000000000000000000000000000E3
S3258005D2C00000000000000000000000000000000000000000000000000000000000000000C3
S3258005D2E00000000000000000000000000000000000000000000000000000000000000000A3
S3258005D300000000000000000000000000000000000000000000000000000000000000000082
S3258005D320000000000000000000000000000000000000000000000000000000000000000062
S3258005D340000000000000000000000000000000000000000000000000000000000000000042
S3258005D360000000000000000000000000000000000000000000000000000000000000000022
S3258005D380000000000000000000000000000000000000000000000000000000000000000002
S3258005D3A00000000000000000000000000000000000000000000000000000000000000000E2
S3258005D3C00000000000000000000000000000000000000000000000000000000000000000C2
S3258005D3E00000000000000000000000000000000000000000000000000000000000000000A2
S3258005D400000000000000000000000000000000000000000000000000000000000000000081
S3258005D420000000000000000000000000000000000000000000000000000000000000000061
S3258005D440000000000000000000000000000000000000000000000000000000000000000041
S3258005D460000000000000000000000000000000000000000000000000000000000000000021
S3258005D480000000000000000000000000000000000000000000000000000000000000000001
S3258005D4A00000000000000000000000000000000000000000000000000000000000000000E1
S3258005D4C00000000000000000000000000000000000000000000000000000000000000000C1
S3258005D4E00000000000000000000000000000000000000000000000000000000000000000A1
S3258005D500000000000000000000000000000000000000000000000000000000000000000080
S3258005D520000000000000000000000000000000000000000000000000000000000000000060
S3258005D540000000000000000000000000000000000000000000000000000000000000000040
S3258005D560000000000000000000000000000000000000000000000000000000000000000020
S3258005D580000000000000000000000000000000000000000000000000000000000000000000
S3258005D5A00000000000000000000000000000000000000000000000000000000000000000E0
S3258005D5C00000000000000000000000000000000000000000000000000000000000000000C0
S3258005D5E00000000000000000000000000000000000000000000000000000000000000000A0
S3258005D60000000000000000000000000000000000000000000000000000000000000000007F
S3258005D62000000000000000000000000000000000000000000000000000000000000000005F
S3258005D64000000000000000000000000000000000000000000000000000000000000000003F
S3258005D66000000000000000000000000000000000000000000000000000000000000000001F
S3258005D6800000000000000000000000000000000000000000000000000000000000000000FF
S3258005D6A00000000000000000000000000000000000000000000000000000000000000000DF
S3258005D6C00000000000000000000000000000000000000000000000000000000000000000BF
S3258005D6E000000000000000000000000000000000000000000000000000000000000000009F
S3258005D70000000000000000000000000000000000000000000000000000000000000000007E
S3258005D72000000000000000000000000000000000000000000000000000000000000000005E
S3258005D74000000000000000000000000000000000000000000000000000000000000000003E
S3258005D76000000000000000000000000000000000000000000000000000000000000000001E
S3258005D7800000000000000000000000000000000000000000000000000000000000000000FE
S3258005D7A00000000000000000000000000000000000000000000000000000000000000000DE
S3258005D7C00000000000000000000000000000000000000000000000000000000000000000BE
S3258005D7E000000000000000000000000000000000000000000000000000000000000000009E
S3258005D80000000000000000000000000000000000000000000000000000000000000000007D
S3258005D82000000000000000000000000000000000000000000000000000000000000000005D
S3258005D84000000000000000000000000000000000000000000000000000000000000000003D
S3258005D86000000000000000000000000000000000000000000000000000000000000000001D
S3258005D8800000000000000000000000000000000000000000000000000000000000000000FD
S3258005D8A00000000000000000000000000000000000000000000000000000000000000000DD
S3258005D8C00000000000000000000000000000000000000000000000000000000000000000BD
S3258005D8E000000000000000000000000000000000000000000000000000000000000000009D
S3258005D90000000000000000000000000000000000000000000000000000000000000000007C
S3258005D92000000000000000000000000000000000000000000000000000000000000000005C
S3258005D94000000000000000000000000000000000000000000000000000000000000000003C
S3258005D96000000000000000000000000000000000000000000000000000000000000000001C
S3258005D9800000000000000000000000000000000000000000000000000000000000000000FC
S3258005D9A00000000000000000000000000000000000000000000000000000000000000000DC
S3258005D9C00000000000000000000000000000000000000000000000000000000000000000BC
S3258005D9E000000000000000000000000000000000000000000000000000000000000000009C
S3258005DA0000000000000000000000000000000000000000000000000000000000000000007B
S3258005DA2000000000000000000000000000000000000000000000000000000000000000005B
S3258005DA4000000000000000000000000000000000000000000000000000000000000000003B
S3258005DA6000000000000000000000000000000000000000000000000000000000000000001B
S3258005DA800000000000000000000000000000000000000000000000000000000000000000FB
S3258005DAA00000000000000000000000000000000000000000000000000000000000000000DB
S3258005DAC00000000000000000000000000000000000000000000000000000000000000000BB
S3258005DAE000000000000000000000000000000000000000000000000000000000000000009B
S3258005DB0000000000000000000000000000000000000000000000000000000000000000007A
S3258005DB2000000000000000000000000000000000000000000000000000000000000000005A
S3258005DB4000000000000000000000000000000000000000000000000000000000000000003A
S3258005DB6000000000000000000000000000000000000000000000000000000000000000001A
S3258005DB800000000000000000000000000000000000000000000000000000000000000000FA
S3258005DBA00000000000000000000000000000000000000000000000000000000000000000DA
S3258005DBC00000000000000000000000000000000000000000000000000000000000000000BA
S3258005DBE000000000000000000000000000000000000000000000000000000000000000009A
S3258005DC00000000000000000000000000000000000000000000000000000000000000000079
S3258005DC20000000000000000000000000000000000000000000000000000000000000000059
S3258005DC40000000000000000000000000000000000000000000000000000000000000000039
S3258005DC60000000000000000000000000000000000000000000000000000000000000000019
S3258005DC800000000000000000000000000000000000000000000000000000000000000000F9
S3258005DCA00000000000000000000000000000000000000000000000000000000000000000D9
S3258005DCC00000000000000000000000000000000000000000000000000000000000000000B9
S3258005DCE0000000000000000000000000000000000000000000000000000000000000000099
S3258005DD00000000000000000000000000000000000000000000000000000000000000000078
S3258005DD20000000000000000000000000000000000000000000000000000000000000000058
S3258005DD40000000000000000000000000000000000000000000000000000000000000000038
S3258005DD60000000000000000000000000000000000000000000000000000000000000000018
S3258005DD800000000000000000000000000000000000000000000000000000000000000000F8
S3258005DDA00000000000000000000000000000000000000000000000000000000000000000D8
S3258005DDC00000000000000000000000000000000000000000000000000000000000000000B8
S3258005DDE0000000000000000000000000000000000000000000000000000000000000000098
S3258005DE00000000000000000000000000000000000000000000000000000000000000000077
S3258005DE20000000000000000000000000000000000000000000000000000000000000000057
S3258005DE40000000000000000000000000000000000000000000000000000000000000000037
S3258005DE60000000000000000000000000000000000000000000000000000000000000000017
S3258005DE800000000000000000000000000000000000000000000000000000000000000000F7
S3258005DEA00000000000000000000000000000000000000000000000000000000000000000D7
S3258005DEC00000000000000000000000000000000000000000000000000000000000000000B7
S3258005DEE0000000000000000000000000000000000000000000000000000000000000000097
S3258005DF00000000000000000000000000000000000000000000000000000000000000000076
S3258005DF20000000000000000000000000000000000000000000000000000000000000000056
S3258005DF40000000000000000000000000000000000000000000000000000000000000000036
S3258005DF60000000000000000000000000000000000000000000000000000000000000000016
S3258005DF800000000000000000000000000000000000000000000000000000000000000000F6
S3258005DFA00000000000000000000000000000000000000000000000000000000000000000D6
S3258005DFC00000000000000000000000000000000000000000000000000000000000000000B6
S3258005DFE0000000000000000000000000000000000000000000000000000000000000000096
S3258005E000000000000000000000000000000000000000000000000000000000000000000075
S3258005E020000000000000000000000000000000000000000000000000000000000000000055
S3258005E040000000000000000000000000000000000000000000000000000000000000000035
S3258005E060000000000000000000000000000000000000000000000000000000000000000015
S3258005E0800000000000000000000000000000000000000000000000000000000000000000F5
S3258005E0A00000000000000000000000000000000000000000000000000000000000000000D5
S3258005E0C00000000000000000000000000000000000000000000000000000000000000000B5
S3258005E0E0000000000000000000000000000000000000000000000000000000000000000095
S3258005E100000000000000000000000000000000000000000000000000000000000000000074
S3258005E120000000000000000000000000000000000000000000000000000000000000000054
S3258005E140000000000000000000000000000000000000000000000000000000000000000034
S3258005E160000000000000000000000000000000000000000000000000000000000000000014
S3258005E1800000000000000000000000000000000000000000000000000000000000000000F4
S3258005E1A00000000000000000000000000000000000000000000000000000000000000000D4
S3258005E1C00000000000000000000000000000000000000000000000000000000000000000B4
S3258005E1E0000000000000000000000000000000000000000000000000000000000000000094
S3258005E200000000000000000000000000000000000000000000000000000000000000000073
S3258005E220000000000000000000000000000000000000000000000000000000000000000053
S3258005E240000000000000000000000000000000000000000000000000000000000000000033
S3258005E260000000000000000000000000000000000000000000000000000000000000000013
S3258005E2800000000000000000000000000000000000000000000000000000000000000000F3
S3258005E2A00000000000000000000000000000000000000000000000000000000000000000D3
S3258005E2C00000000000000000000000000000000000000000000000000000000000000000B3
S3258005E2E0000000000000000000000000000000000000000000000000000000000000000093
S3258005E300000000000000000000000000000000000000000000000000000000000000000072
S3258005E320000000000000000000000000000000000000000000000000000000000000000052
S3258005E340000000000000000000000000000000000000000000000000000000000000000032
S3258005E360000000000000000000000000000000000000000000000000000000000000000012
S3258005E3800000000000000000000000000000000000000000000000000000000000000000F2
S3258005E3A00000000000000000000000000000000000000000000000000000000000000000D2
S3258005E3C00000000000000000000000000000000000000000000000000000000000000000B2
S3258005E3E0000000000000000000000000000000000000000000000000000000000000000092
S3258005E400000000000000000000000000000000000000000000000000000000000000000071
S3258005E420000000000000000000000000000000000000000000000000000000000000000051
S3258005E440000000000000000000000000000000000000000000000000000000000000000031
S3258005E460000000000000000000000000000000000000000000000000000000000000000011
S3258005E4800000000000000000000000000000000000000000000000000000000000000000F1
S3258005E4A00000000000000000000000000000000000000000000000000000000000000000D1
S3258005E4C00000000000000000000000000000000000000000000000000000000000000000B1
S3258005E4E0000000000000000000000000000000000000000000000000000000000000000091
S3258005E500000000000000000000000000000000000000000000000000000000000000000070
S3258005E520000000000000000000000000000000000000000000000000000000000000000050
S3258005E540000000000000000000000000000000000000000000000000000000000000000030
S3258005E560000000000000000000000000000000000000000000000000000000000000000010
S3258005E5800000000000000000000000000000000000000000000000000000000000000000F0
S3258005E5A00000000000000000000000000000000000000000000000000000000000000000D0
S3258005E5C00000000000000000000000000000000000000000000000000000000000000000B0
S3258005E5E0000000000000000000000000000000000000000000000000000000000000000090
S3258005E60000000000000000000000000000000000000000000000000000000000000000006F
S3258005E62000000000000000000000000000000000000000000000000000000000000000004F
S3258005E64000000000000000000000000000000000000000000000000000000000000000002F
S3258005E66000000000000000000000000000000000000000000000000000000000000000000F
S3258005E6800000000000000000000000000000000000000000000000000000000000000000EF
S3258005E6A00000000000000000000000000000000000000000000000000000000000000000CF
S3258005E6C00000000000000000000000000000000000000000000000000000000000000000AF
S3258005E6E000000000000000000000000000000000000000000000000000000000000000008F
S3258005E70000000000000000000000000000000000000000000000000000000000000000006E
S3258005E72000000000000000000000000000000000000000000000000000000000000000004E
S3258005E74000000000000000000000000000000000000000000000000000000000000000002E
S3258005E76000000000000000000000000000000000000000000000000000000000000000000E
S3258005E7800000000000000000000000000000000000000000000000000000000000000000EE
S3258005E7A00000000000000000000000000000000000000000000000000000000000000000CE
S3258005E7C00000000000000000000000000000000000000000000000000000000000000000AE
S3258005E7E000000000000000000000000000000000000000000000000000000000000000008E
S3258005E80000000000000000000000000000000000000000000000000000000000000000006D
S3258005E82000000000000000000000000000000000000000000000000000000000000000004D
S3258005E84000000000000000000000000000000000000000000000000000000000000000002D
S3258005E86000000000000000000000000000000000000000000000000000000000000000000D
S3258005E8800000000000000000000000000000000000000000000000000000000000000000ED
S3258005E8A00000000000000000000000000000000000000000000000000000000000000000CD
S3258005E8C00000000000000000000000000000000000000000000000000000000000000000AD
S3258005E8E000000000000000000000000000000000000000000000000000000000000000008D
S3258005E90000000000000000000000000000000000000000000000000000000000000000006C
S3258005E92000000000000000000000000000000000000000000000000000000000000000004C
S3258005E94000000000000000000000000000000000000000000000000000000000000000002C
S3258005E96000000000000000000000000000000000000000000000000000000000000000000C
S3258005E9800000000000000000000000000000000000000000000000000000000000000000EC
S3258005E9A00000000000000000000000000000000000000000000000000000000000000000CC
S3258005E9C00000000000000000000000000000000000000000000000000000000000000000AC
S3258005E9E000000000000000000000000000000000000000000000000000000000000000008C
S3258005EA0000000000000000000000000000000000000000000000000000000000000000006B
S3258005EA2000000000000000000000000000000000000000000000000000000000000000004B
S3258005EA4000000000000000000000000000000000000000000000000000000000000000002B
S3258005EA6000000000000000000000000000000000000000000000000000000000000000000B
S3258005EA800000000000000000000000000000000000000000000000000000000000000000EB
S3258005EAA00000000000000000000000000000000000000000000000000000000000000000CB
S3258005EAC00000000000000000000000000000000000000000000000000000000000000000AB
S3258005EAE000000000000000000000000000000000000000000000000000000000000000008B
S3258005EB0000000000000000000000000000000000000000000000000000000000000000006A
S3258005EB2000000000000000000000000000000000000000000000000000000000000000004A
S3258005EB4000000000000000000000000000000000000000000000000000000000000000002A
S3258005EB6000000000000000000000000000000000000000000000000000000000000000000A
S3258005EB800000000000000000000000000000000000000000000000000000000000000000EA
S3258005EBA00000000000000000000000000000000000000000000000000000000000000000CA
S3258005EBC00000000000000000000000000000000000000000000000000000000000000000AA
S3258005EBE000000000000000000000000000000000000000000000000000000000000000008A
S3258005EC00000000000000000000000000000000000000000000000000000000000000000069
S3258005EC20000000000000000000000000000000000000000000000000000000000000000049
S3258005EC40000000000000000000000000000000000000000000000000000000000000000029
S3258005EC60000000000000000000000000000000000000000000000000000000000000000009
S3258005EC800000000000000000000000000000000000000000000000000000000000000000E9
S3258005ECA00000000000000000000000000000000000000000000000000000000000000000C9
S3258005ECC00000000000000000000000000000000000000000000000000000000000000000A9
S3258005ECE0000000000000000000000000000000000000000000000000000000000000000089
S3258005ED00000000000000000000000000000000000000000000000000000000000000000068
S3258005ED20000000000000000000000000000000000000000000000000000000000000000048
S3258005ED40000000000000000000000000000000000000000000000000000000000000000028
S3258005ED60000000000000000000000000000000000000000000000000000000000000000008
S3258005ED800000000000000000000000000000000000000000000000000000000000000000E8
S3258005EDA00000000000000000000000000000000000000000000000000000000000000000C8
S3258005EDC00000000000000000000000000000000000000000000000000000000000000000A8
S3258005EDE0000000000000000000000000000000000000000000000000000000000000000088
S3258005EE00000000000000000000000000000000000000000000000000000000000000000067
S3258005EE20000000000000000000000000000000000000000000000000000000000000000047
S3258005EE40000000000000000000000000000000000000000000000000000000000000000027
S3258005EE60000000000000000000000000000000000000000000000000000000000000000007
S3258005EE800000000000000000000000000000000000000000000000000000000000000000E7
S3258005EEA00000000000000000000000000000000000000000000000000000000000000000C7
S3258005EEC00000000000000000000000000000000000000000000000000000000000000000A7
S3258005EEE0000000000000000000000000000000000000000000000000000000000000000087
S3258005EF00000000000000000000000000000000000000000000000000000000000000000066
S3258005EF20000000000000000000000000000000000000000000000000000000000000000046
S3258005EF40000000000000000000000000000000000000000000000000000000000000000026
S3258005EF60000000000000000000000000000000000000000000000000000000000000000006
S3258005EF800000000000000000000000000000000000000000000000000000000000000000E6
S3258005EFA00000000000000000000000000000000000000000000000000000000000000000C6
S3258005EFC00000000000000000000000000000000000000000000000000000000000000000A6
S3258005EFE0000000000000000000000000000000000000000000000000000000000000000086
S3258005F000000000000000000000000000000000000000000000000000000000000000000065
S3258005F020000000000000000000000000000000000000000000000000000000000000000045
S3258005F040000000000000000000000000000000000000000000000000000000000000000025
S3258005F060000000000000000000000000000000000000000000000000000000000000000005
S3258005F0800000000000000000000000000000000000000000000000000000000000000000E5
S3258005F0A00000000000000000000000000000000000000000000000000000000000000000C5
S3258005F0C00000000000000000000000000000000000000000000000000000000000000000A5
S3258005F0E0000000000000000000000000000000000000000000000000000000000000000085
S3258005F100000000000000000000000000000000000000000000000000000000000000000064
S3258005F120000000000000000000000000000000000000000000000000000000000000000044
S3258005F140000000000000000000000000000000000000000000000000000000000000000024
S3258005F160000000000000000000000000000000000000000000000000000000000000000004
S3258005F1800000000000000000000000000000000000000000000000000000000000000000E4
S3258005F1A00000000000000000000000000000000000000000000000000000000000000000C4
S3258005F1C00000000000000000000000000000000000000000000000000000000000000000A4
S3258005F1E0000000000000000000000000000000000000000000000000000000000000000084
S3258005F200000000000000000000000000000000000000000000000000000000000000000063
S3258005F220000000000000000000000000000000000000000000000000000000000000000043
S3258005F240000000000000000000000000000000000000000000000000000000000000000023
S3258005F260000000000000000000000000000000000000000000000000000000000000000003
S3258005F2800000000000000000000000000000000000000000000000000000000000000000E3
S3258005F2A00000000000000000000000000000000000000000000000000000000000000000C3
S3258005F2C00000000000000000000000000000000000000000000000000000000000000000A3
S3258005F2E0000000000000000000000000000000000000000000000000000000000000000083
S3258005F300000000000000000000000000000000000000000000000000000000000000000062
S3258005F320000000000000000000000000000000000000000000000000000000000000000042
S3258005F340000000000000000000000000000000000000000000000000000000000000000022
S3258005F360000000000000000000000000000000000000000000000000000000000000000002
S3258005F3800000000000000000000000000000000000000000000000000000000000000000E2
S3258005F3A00000000000000000000000000000000000000000000000000000000000000000C2
S3258005F3C00000000000000000000000000000000000000000000000000000000000000000A2
S3258005F3E0000000000000000000000000000000000000000000000000000000000000000082
S3258005F400000000000000000000000000000000000000000000000000000000000000000061
S3258005F420000000000000000000000000000000000000000000000000000000000000000041
S3258005F440000000000000000000000000000000000000000000000000000000000000000021
S3258005F460000000000000000000000000000000000000000000000000000000000000000001
S3258005F4800000000000000000000000000000000000000000000000000000000000000000E1
S3258005F4A00000000000000000000000000000000000000000000000000000000000000000C1
S3258005F4C00000000000000000000000000000000000000000000000000000000000000000A1
S3258005F4E0000000000000000000000000000000000000000000000000000000000000000081
S3258005F500000000000000000000000000000000000000000000000000000000000000000060
S3258005F520000000000000000000000000000000000000000000000000000000000000000040
S3258005F540000000000000000000000000000000000000000000000000000000000000000020
S3258005F560000000000000000000000000000000000000000000000000000000000000000000
S3258005F5800000000000000000000000000000000000000000000000000000000000000000E0
S3258005F5A00000000000000000000000000000000000000000000000000000000000000000C0
S3258005F5C00000000000000000000000000000000000000000000000000000000000000000A0
S3258005F5E0000000000000000000000000000000000000000000000000000000000000000080
S3258005F60000000000000000000000000000000000000000000000000000000000000000005F
S3258005F62000000000000000000000000000000000000000000000000000000000000000003F
S3258005F64000000000000000000000000000000000000000000000000000000000000000001F
S3258005F6600000000000000000000000000000000000000000000000000000000000000000FF
S3258005F6800000000000000000000000000000000000000000000000000000000000000000DF
S3258005F6A00000000000000000000000000000000000000000000000000000000000000000BF
S3258005F6C000000000000000000000000000000000000000000000000000000000000000009F
S3258005F6E000000000000000000000000000000000000000000000000000000000000000007F
S3258005F70000000000000000000000000000000000000000000000000000000000000000005E
S3258005F72000000000000000000000000000000000000000000000000000000000000000003E
S3258005F74000000000000000000000000000000000000000000000000000000000000000001E
S3258005F7600000000000000000000000000000000000000000000000000000000000000000FE
S3258005F7800000000000000000000000000000000000000000000000000000000000000000DE
S3258005F7A00000000000000000000000000000000000000000000000000000000000000000BE
S3258005F7C000000000000000000000000000000000000000000000000000000000000000009E
S3258005F7E000000000000000000000000000000000000000000000000000000000000000007E
S3258005F80000000000000000000000000000000000000000000000000000000000000000005D
S3258005F82000000000000000000000000000000000000000000000000000000000000000003D
S3258005F84000000000000000000000000000000000000000000000000000000000000000001D
S3258005F8600000000000000000000000000000000000000000000000000000000000000000FD
S3258005F8800000000000000000000000000000000000000000000000000000000000000000DD
S3258005F8A00000000000000000000000000000000000000000000000000000000000000000BD
S3258005F8C000000000000000000000000000000000000000000000000000000000000000009D
S3258005F8E000000000000000000000000000000000000000000000000000000000000000007D
S3258005F90000000000000000000000000000000000000000000000000000000000000000005C
S3258005F92000000000000000000000000000000000000000000000000000000000000000003C
S3258005F94000000000000000000000000000000000000000000000000000000000000000001C
S3258005F9600000000000000000000000000000000000000000000000000000000000000000FC
S3258005F9800000000000000000000000000000000000000000000000000000000000000000DC
S3258005F9A00000000000000000000000000000000000000000000000000000000000000000BC
S3258005F9C000000000000000000000000000000000000000000000000000000000000000009C
S3258005F9E000000000000000000000000000000000000000000000000000000000000000007C
S3258005FA0000000000000000000000000000000000000000000000000000000000000000005B
S3258005FA2000000000000000000000000000000000000000000000000000000000000000003B
S3258005FA4000000000000000000000000000000000000000000000000000000000000000001B
S3258005FA600000000000000000000000000000000000000000000000000000000000000000FB
S3258005FA800000000000000000000000000000000000000000000000000000000000000000DB
S3258005FAA00000000000000000000000000000000000000000000000000000000000000000BB
S3258005FAC000000000000000000000000000000000000000000000000000000000000000009B
S3258005FAE000000000000000000000000000000000000000000000000000000000000000007B
S3258005FB0000000000000000000000000000000000000000000000000000000000000000005A
S3258005FB2000000000000000000000000000000000000000000000000000000000000000003A
S3258005FB4000000000000000000000000000000000000000000000000000000000000000001A
S3258005FB600000000000000000000000000000000000000000000000000000000000000000FA
S3258005FB800000000000000000000000000000000000000000000000000000000000000000DA
S3258005FBA00000000000000000000000000000000000000000000000000000000000000000BA
S3258005FBC000000000000000000000000000000000000000000000000000000000000000009A
S3258005FBE000000000000000000000000000000000000000000000000000000000000000007A
S3258005FC00000000000000000000000000000000000000000000000000000000000000000059
S3258005FC20000000000000000000000000000000000000000000000000000000000000000039
S3258005FC40000000000000000000000000000000000000000000000000000000000000000019
S3258005FC600000000000000000000000000000000000000000000000000000000000000000F9
S3258005FC800000000000000000000000000000000000000000000000000000000000000000D9
S3258005FCA00000000000000000000000000000000000000000000000000000000000000000B9
S3258005FCC0000000000000000000000000000000000000000000000000000000000000000099
S3258005FCE0000000000000000000000000000000000000000000000000000000000000000079
S3258005FD00000000000000000000000000000000000000000000000000000000000000000058
S3258005FD20000000000000000000000000000000000000000000000000000000000000000038
S3258005FD40000000000000000000000000000000000000000000000000000000000000000018
S3258005FD600000000000000000000000000000000000000000000000000000000000000000F8
S3258005FD800000000000000000000000000000000000000000000000000000000000000000D8
S3258005FDA00000000000000000000000000000000000000000000000000000000000000000B8
S3258005FDC0000000000000000000000000000000000000000000000000000000000000000098
S3258005FDE0000000000000000000000000000000000000000000000000000000000000000078
S3258005FE00000000000000000000000000000000000000000000000000000000000000000057
S3258005FE20000000000000000000000000000000000000000000000000000000000000000037
S3258005FE40000000000000000000000000000000000000000000000000000000000000000017
S3258005FE600000000000000000000000000000000000000000000000000000000000000000F7
S3258005FE800000000000000000000000000000000000000000000000000000000000000000D7
S3258005FEA00000000000000000000000000000000000000000000000000000000000000000B7
S3258005FEC0000000000000000000000000000000000000000000000000000000000000000097
S3258005FEE0000000000000000000000000000000000000000000000000000000000000000077
S3258005FF00000000000000000000000000000000000000000000000000000000000000000056
S3258005FF20000000000000000000000000000000000000000000000000000000000000000036
S3258005FF40000000000000000000000000000000000000000000000000000000000000000016
S3258005FF600000000000000000000000000000000000000000000000000000000000000000F6
S3258005FF800000000000000000000000000000000000000000000000000000000000000000D6
S3258005FFA00000000000000000000000000000000000000000000000000000000000000000B6
S3258005FFC0000000000000000000000000000000000000000000000000000000000000000096
S3258005FFE0000000000000000000000000000000000000000000000000000000000000000076
S32580060000000000000000000000000000000000000000000000000000000000000000000054
S32580060020000000000000000000000000000000000000000000000000000000000000000034
S32580060040000000000000000000000000000000000000000000000000000000000000000014
S325800600600000000000000000000000000000000000000000000000000000000000000000F4
S325800600800000000000000000000000000000000000000000000000000000000000000000D4
S325800600A00000000000000000000000000000000000000000000000000000000000000000B4
S325800600C0000000000000000000000000000000000000000000000000000000000000000094
S325800600E0000000000000000000000000000000000000000000000000000000000000000074
S32580060100000000000000000000000000000000000000000000000000000000000000000053
S32580060120000000000000000000000000000000000000000000000000000000000000000033
S32580060140000000000000000000000000000000000000000000000000000000000000000013
S325800601600000000000000000000000000000000000000000000000000000000000000000F3
S325800601800000000000000000000000000000000000000000000000000000000000000000D3
S325800601A00000000000000000000000000000000000000000000000000000000000000000B3
S325800601C0000000000000000000000000000000000000000000000000000000000000000093
S325800601E0000000000000000000000000000000000000000000000000000000000000000073
S32580060200000000000000000000000000000000000000000000000000000000000000000052
S32580060220000000000000000000000000000000000000000000000000000000000000000032
S32580060240000000000000000000000000000000000000000000000000000000000000000012
S325800602600000000000000000000000000000000000000000000000000000000000000000F2
S325800602800000000000000000000000000000000000000000000000000000000000000000D2
S325800602A00000000000000000000000000000000000000000000000000000000000000000B2
S325800602C0000000000000000000000000000000000000000000000000000000000000000092
S325800602E0000000000000000000000000000000000000000000000000000000000000000072
S32580060300000000000000000000000000000000000000000000000000000000000000000051
S32580060320000000000000000000000000000000000000000000000000000000000000000031
S32580060340000000000000000000000000000000000000000000000000000000000000000011
S325800603600000000000000000000000000000000000000000000000000000000000000000F1
S325800603800000000000000000000000000000000000000000000000000000000000000000D1
S325800603A00000000000000000000000000000000000000000000000000000000000000000B1
S325800603C0000000000000000000000000000000000000000000000000000000000000000091
S325800603E0000000000000000000000000000000000000000000000000000000000000000071
S32580060400000000000000000000000000000000000000000000000000000000000000000050
S32580060420000000000000000000000000000000000000000000000000000000000000000030
S32580060440000000000000000000000000000000000000000000000000000000000000000010
S325800604600000000000000000000000000000000000000000000000000000000000000000F0
S325800604800000000000000000000000000000000000000000000000000000000000000000D0
S325800604A00000000000000000000000000000000000000000000000000000000000000000B0
S325800604C0000000000000000000000000000000000000000000000000000000000000000090
S325800604E0000000000000000000000000000000000000000000000000000000000000000070
S3258006050000000000000000000000000000000000000000000000000000000000000000004F
S3258006052000000000000000000000000000000000000000000000000000000000000000002F
S3258006054000000000000000000000000000000000000000000000000000000000000000000F
S325800605600000000000000000000000000000000000000000000000000000000000000000EF
S325800605800000000000000000000000000000000000000000000000000000000000000000CF
S325800605A00000000000000000000000000000000000000000000000000000000000000000AF
S325800605C000000000000000000000000000000000000000000000000000000000000000008F
S325800605E000000000000000000000000000000000000000000000000000000000000000006F
S3258006060000000000000000000000000000000000000000000000000000000000000000004E
S3258006062000000000000000000000000000000000000000000000000000000000000000002E
S3258006064000000000000000000000000000000000000000000000000000000000000000000E
S325800606600000000000000000000000000000000000000000000000000000000000000000EE
S325800606800000000000000000000000000000000000000000000000000000000000000000CE
S325800606A00000000000000000000000000000000000000000000000000000000000000000AE
S325800606C000000000000000000000000000000000000000000000000000000000000000008E
S325800606E000000000000000000000000000000000000000000000000000000000000000006E
S3258006070000000000000000000000000000000000000000000000000000000000000000004D
S3258006072000000000000000000000000000000000000000000000000000000000000000002D
S3258006074000000000000000000000000000000000000000000000000000000000000000000D
S325800607600000000000000000000000000000000000000000000000000000000000000000ED
S325800607800000000000000000000000000000000000000000000000000000000000000000CD
S325800607A00000000000000000000000000000000000000000000000000000000000000000AD
S325800607C000000000000000000000000000000000000000000000000000000000000000008D
S325800607E000000000000000000000000000000000000000000000000000000000000000006D
S3258006080000000000000000000000000000000000000000000000000000000000000000004C
S3258006082000000000000000000000000000000000000000000000000000000000000000002C
S3258006084000000000000000000000000000000000000000000000000000000000000000000C
S325800608600000000000000000000000000000000000000000000000000000000000000000EC
S325800608800000000000000000000000000000000000000000000000000000000000000000CC
S325800608A00000000000000000000000000000000000000000000000000000000000000000AC
S325800608C000000000000000000000000000000000000000000000000000000000000000008C
S325800608E000000000000000000000000000000000000000000000000000000000000000006C
S3258006090000000000000000000000000000000000000000000000000000000000000000004B
S3258006092000000000000000000000000000000000000000000000000000000000000000002B
S3258006094000000000000000000000000000000000000000000000000000000000000000000B
S325800609600000000000000000000000000000000000000000000000000000000000000000EB
S325800609800000000000000000000000000000000000000000000000000000000000000000CB
S325800609A00000000000000000000000000000000000000000000000000000000000000000AB
S325800609C000000000000000000000000000000000000000000000000000000000000000008B
S325800609E000000000000000000000000000000000000000000000000000000000000000006B
S32580060A0000000000000000000000000000000000000000000000000000000000000000004A
S32580060A2000000000000000000000000000000000000000000000000000000000000000002A
S32580060A4000000000000000000000000000000000000000000000000000000000000000000A
S32580060A600000000000000000000000000000000000000000000000000000000000000000EA
S32580060A800000000000000000000000000000000000000000000000000000000000000000CA
S32580060AA00000000000000000000000000000000000000000000000000000000000000000AA
S32580060AC000000000000000000000000000000000000000000000000000000000000000008A
S32580060AE000000000000000000000000000000000000000000000000000000000000000006A
S32580060B00000000000000000000000000000000000000000000000000000000000000000049
S32580060B20000000000000000000000000000000000000000000000000000000000000000029
S32580060B40000000000000000000000000000000000000000000000000000000000000000009
S32580060B600000000000000000000000000000000000000000000000000000000000000000E9
S32580060B800000000000000000000000000000000000000000000000000000000000000000C9
S32580060BA00000000000000000000000000000000000000000000000000000000000000000A9
S32580060BC0000000000000000000000000000000000000000000000000000000000000000089
S32580060BE0000000000000000000000000000000000000000000000000000000000000000069
S32580060C00000000000000000000000000000000000000000000000000000000000000000048
S32580060C20000000000000000000000000000000000000000000000000000000000000000028
S32580060C40000000000000000000000000000000000000000000000000000000000000000008
S32580060C600000000000000000000000000000000000000000000000000000000000000000E8
S32580060C800000000000000000000000000000000000000000000000000000000000000000C8
S32580060CA00000000000000000000000000000000000000000000000000000000000000000A8
S32580060CC0000000000000000000000000000000000000000000000000000000000000000088
S32580060CE0000000000000000000000000000000000000000000000000000000000000000068
S32580060D00000000000000000000000000000000000000000000000000000000000000000047
S32580060D20000000000000000000000000000000000000000000000000000000000000000027
S32580060D40000000000000000000000000000000000000000000000000000000000000000007
S32580060D600000000000000000000000000000000000000000000000000000000000000000E7
S32580060D800000000000000000000000000000000000000000000000000000000000000000C7
S32580060DA00000000000000000000000000000000000000000000000000000000000000000A7
S32580060DC0000000000000000000000000000000000000000000000000000000000000000087
S32580060DE0000000000000000000000000000000000000000000000000000000000000000067
S32580060E00000000000000000000000000000000000000000000000000000000000000000046
S32580060E20000000000000000000000000000000000000000000000000000000000000000026
S32580060E40000000000000000000000000000000000000000000000000000000000000000006
S32580060E600000000000000000000000000000000000000000000000000000000000000000E6
S32580060E800000000000000000000000000000000000000000000000000000000000000000C6
S32580060EA00000000000000000000000000000000000000000000000000000000000000000A6
S32580060EC0000000000000000000000000000000000000000000000000000000000000000086
S32580060EE0000000000000000000000000000000000000000000000000000000000000000066
S32580060F00000000000000000000000000000000000000000000000000000000000000000045
S32580060F20000000000000000000000000000000000000000000000000000000000000000025
S32580060F40000000000000000000000000000000000000000000000000000000000000000005
S32580060F600000000000000000000000000000000000000000000000000000000000000000E5
S32580060F800000000000000000000000000000000000000000000000000000000000000000C5
S32580060FA00000000000000000000000000000000000000000000000000000000000000000A5
S32580060FC0000000000000000000000000000000000000000000000000000000000000000085
S32580060FE0000000000000000000000000000000000000000000000000000000000000000065
S32580061000000000000000000000000000000000000000000000000000000000000000000044
S32580061020000000000000000000000000000000000000000000000000000000000000000024
S32580061040000000000000000000000000000000000000000000000000000000000000000004
S325800610600000000000000000000000000000000000000000000000000000000000000000E4
S325800610800000000000000000000000000000000000000000000000000000000000000000C4
S325800610A00000000000000000000000000000000000000000000000000000000000000000A4
S325800610C0000000000000000000000000000000000000000000000000000000000000000084
S325800610E0000000000000000000000000000000000000000000000000000000000000000064
S32580061100000000000000000000000000000000000000000000000000000000000000000043
S32580061120000000000000000000000000000000000000000000000000000000000000000023
S32580061140000000000000000000000000000000000000000000000000000000000000000003
S325800611600000000000000000000000000000000000000000000000000000000000000000E3
S325800611800000000000000000000000000000000000000000000000000000000000000000C3
S325800611A00000000000000000000000000000000000000000000000000000000000000000A3
S325800611C0000000000000000000000000000000000000000000000000000000000000000083
S325800611E0000000000000000000000000000000000000000000000000000000000000000063
S32580061200000000000000000000000000000000000000000000000000000000000000000042
S32580061220000000000000000000000000000000000000000000000000000000000000000022
S32580061240000000000000000000000000000000000000000000000000000000000000000002
S325800612600000000000000000000000000000000000000000000000000000000000000000E2
S325800612800000000000000000000000000000000000000000000000000000000000000000C2
S325800612A00000000000000000000000000000000000000000000000000000000000000000A2
S325800612C0000000000000000000000000000000000000000000000000000000000000000082
S325800612E0000000000000000000000000000000000000000000000000000000000000000062
S32580061300000000000000000000000000000000000000000000000000000000000000000041
S32580061320000000000000000000000000000000000000000000000000000000000000000021
S32580061340000000000000000000000000000000000000000000000000000000000000000001
S325800613600000000000000000000000000000000000000000000000000000000000000000E1
S325800613800000000000000000000000000000000000000000000000000000000000000000C1
S325800613A00000000000000000000000000000000000000000000000000000000000000000A1
S325800613C0000000000000000000000000000000000000000000000000000000000000000081
S325800613E0000000000000000000000000000000000000000000000000000000000000000061
S32580061400000000000000000000000000000000000000000000000000000000000000000040
S32580061420000000000000000000000000000000000000000000000000000000000000000020
S32580061440000000000000000000000000000000000000000000000000000000000000000000
S325800614600000000000000000000000000000000000000000000000000000000000000000E0
S325800614800000000000000000000000000000000000000000000000000000000000000000C0
S325800614A00000000000000000000000000000000000000000000000000000000000000000A0
S325800614C0000000000000000000000000000000000000000000000000000000000000000080
S325800614E0000000000000000000000000000000000000000000000000000000000000000060
S3258006150000000000000000000000000000000000000000000000000000000000000000003F
S3258006152000000000000000000000000000000000000000000000000000000000000000001F
S325800615400000000000000000000000000000000000000000000000000000000000000000FF
S325800615600000000000000000000000000000000000000000000000000000000000000000DF
S325800615800000000000000000000000000000000000000000000000000000000000000000BF
S325800615A000000000000000000000000000000000000000000000000000000000000000009F
S325800615C000000000000000000000000000000000000000000000000000000000000000007F
S325800615E000000000000000000000000000000000000000000000000000000000000000005F
S3258006160000000000000000000000000000000000000000000000000000000000000000003E
S3258006162000000000000000000000000000000000000000000000000000000000000000001E
S325800616400000000000000000000000000000000000000000000000000000000000000000FE
S325800616600000000000000000000000000000000000000000000000000000000000000000DE
S325800616800000000000000000000000000000000000000000000000000000000000000000BE
S325800616A000000000000000000000000000000000000000000000000000000000000000009E
S325800616C000000000000000000000000000000000000000000000000000000000000000007E
S325800616E000000000000000000000000000000000000000000000000000000000000000005E
S3258006170000000000000000000000000000000000000000000000000000000000000000003D
S3258006172000000000000000000000000000000000000000000000000000000000000000001D
S325800617400000000000000000000000000000000000000000000000000000000000000000FD
S325800617600000000000000000000000000000000000000000000000000000000000000000DD
S325800617800000000000000000000000000000000000000000000000000000000000000000BD
S325800617A000000000000000000000000000000000000000000000000000000000000000009D
S325800617C000000000000000000000000000000000000000000000000000000000000000007D
S325800617E000000000000000000000000000000000000000000000000000000000000000005D
S3258006180000000000000000000000000000000000000000000000000000000000000000003C
S3258006182000000000000000000000000000000000000000000000000000000000000000001C
S325800618400000000000000000000000000000000000000000000000000000000000000000FC
S325800618600000000000000000000000000000000000000000000000000000000000000000DC
S325800618800000000000000000000000000000000000000000000000000000000000000000BC
S325800618A000000000000000000000000000000000000000000000000000000000000000009C
S325800618C000000000000000000000000000000000000000000000000000000000000000007C
S325800618E000000000000000000000000000000000000000000000000000000000000000005C
S3258006190000000000000000000000000000000000000000000000000000000000000000003B
S3258006192000000000000000000000000000000000000000000000000000000000000000001B
S325800619400000000000000000000000000000000000000000000000000000000000000000FB
S325800619600000000000000000000000000000000000000000000000000000000000000000DB
S325800619800000000000000000000000000000000000000000000000000000000000000000BB
S325800619A000000000000000000000000000000000000000000000000000000000000000009B
S325800619C000000000000000000000000000000000000000000000000000000000000000007B
S325800619E000000000000000000000000000000000000000000000000000000000000000005B
S32580061A0000000000000000000000000000000000000000000000000000000000000000003A
S32580061A2000000000000000000000000000000000000000000000000000000000000000001A
S32580061A400000000000000000000000000000000000000000000000000000000000000000FA
S32580061A600000000000000000000000000000000000000000000000000000000000000000DA
S32580061A800000000000000000000000000000000000000000000000000000000000000000BA
S32580061AA000000000000000000000000000000000000000000000000000000000000000009A
S32580061AC000000000000000000000000000000000000000000000000000000000000000007A
S32580061AE000000000000000000000000000000000000000000000000000000000000000005A
S32580061B00000000000000000000000000000000000000000000000000000000000000000039
S32580061B20000000000000000000000000000000000000000000000000000000000000000019
S32580061B400000000000000000000000000000000000000000000000000000000000000000F9
S32580061B600000000000000000000000000000000000000000000000000000000000000000D9
S32580061B800000000000000000000000000000000000000000000000000000000000000000B9
S32580061BA0000000000000000000000000000000000000000000000000000000000000000099
S32580061BC0000000000000000000000000000000000000000000000000000000000000000079
S32580061BE0000000000000000000000000000000000000000000000000000000000000000059
S32580061C00000000000000000000000000000000000000000000000000000000000000000038
S32580061C20000000000000000000000000000000000000000000000000000000000000000018
S32580061C400000000000000000000000000000000000000000000000000000000000000000F8
S32580061C600000000000000000000000000000000000000000000000000000000000000000D8
S32580061C800000000000000000000000000000000000000000000000000000000000000000B8
S32580061CA0000000000000000000000000000000000000000000000000000000000000000098
S32580061CC0000000000000000000000000000000000000000000000000000000000000000078
S32580061CE0000000000000000000000000000000000000000000000000000000000000000058
S32580061D00000000000000000000000000000000000000000000000000000000000000000037
S32580061D20000000000000000000000000000000000000000000000000000000000000000017
S32580061D400000000000000000000000000000000000000000000000000000000000000000F7
S32580061D600000000000000000000000000000000000000000000000000000000000000000D7
S32580061D800000000000000000000000000000000000000000000000000000000000000000B7
S32580061DA0000000000000000000000000000000000000000000000000000000000000000097
S32580061DC0000000000000000000000000000000000000000000000000000000000000000077
S32580061DE0000000000000000000000000000000000000000000000000000000000000000057
S32580061E00000000000000000000000000000000000000000000000000000000000000000036
S32580061E20000000000000000000000000000000000000000000000000000000000000000016
S32580061E400000000000000000000000000000000000000000000000000000000000000000F6
S32580061E600000000000000000000000000000000000000000000000000000000000000000D6
S32580061E800000000000000000000000000000000000000000000000000000000000000000B6
S32580061EA0000000000000000000000000000000000000000000000000000000000000000096
S32580061EC0000000000000000000000000000000000000000000000000000000000000000076
S32580061EE0000000000000000000000000000000000000000000000000000000000000000056
S32580061F00000000000000000000000000000000000000000000000000000000000000000035
S32580061F20000000000000000000000000000000000000000000000000000000000000000015
S32580061F400000000000000000000000000000000000000000000000000000000000000000F5
S32580061F600000000000000000000000000000000000000000000000000000000000000000D5
S32580061F800000000000000000000000000000000000000000000000000000000000000000B5
S32580061FA0000000000000000000000000000000000000000000000000000000000000000095
S32580061FC0000000000000000000000000000000000000000000000000000000000000000075
S32580061FE0000000000000000000000000000000000000000000000000000000000000000055
S32580062000000000000000000000000000000000000000000000000000000000000000000034
S32580062020000000000000000000000000000000000000000000000000000000000000000014
S325800620400000000000000000000000000000000000000000000000000000000000000000F4
S325800620600000000000000000000000000000000000000000000000000000000000000000D4
S325800620800000000000000000000000000000000000000000000000000000000000000000B4
S325800620A0000000000000000000000000000000000000000000000000000000000000000094
S325800620C0000000000000000000000000000000000000000000000000000000000000000074
S325800620E0000000000000000000000000000000000000000000000000000000000000000054
S32580062100000000000000000000000000000000000000000000000000000000000000000033
S32580062120000000000000000000000000000000000000000000000000000000000000000013
S325800621400000000000000000000000000000000000000000000000000000000000000000F3
S325800621600000000000000000000000000000000000000000000000000000000000000000D3
S325800621800000000000000000000000000000000000000000000000000000000000000000B3
S325800621A0000000000000000000000000000000000000000000000000000000000000000093
S325800621C0000000000000000000000000000000000000000000000000000000000000000073
S325800621E0000000000000000000000000000000000000000000000000000000000000000053
S32580062200000000000000000000000000000000000000000000000000000000000000000032
S32580062220000000000000000000000000000000000000000000000000000000000000000012
S325800622400000000000000000000000000000000000000000000000000000000000000000F2
S325800622600000000000000000000000000000000000000000000000000000000000000000D2
S325800622800000000000000000000000000000000000000000000000000000000000000000B2
S325800622A0000000000000000000000000000000000000000000000000000000000000000092
S325800622C0000000000000000000000000000000000000000000000000000000000000000072
S325800622E0000000000000000000000000000000000000000000000000000000000000000052
S32580062300000000000000000000000000000000000000000000000000000000000000000031
S32580062320000000000000000000000000000000000000000000000000000000000000000011
S325800623400000000000000000000000000000000000000000000000000000000000000000F1
S325800623600000000000000000000000000000000000000000000000000000000000000000D1
S325800623800000000000000000000000000000000000000000000000000000000000000000B1
S325800623A0000000000000000000000000000000000000000000000000000000000000000091
S325800623C0000000000000000000000000000000000000000000000000000000000000000071
S325800623E0000000000000000000000000000000000000000000000000000000000000000051
S32580062400000000000000000000000000000000000000000000000000000000000000000030
S32580062420000000000000000000000000000000000000000000000000000000000000000010
S325800624400000000000000000000000000000000000000000000000000000000000000000F0
S325800624600000000000000000000000000000000000000000000000000000000000000000D0
S325800624800000000000000000000000000000000000000000000000000000000000000000B0
S325800624A0000000000000000000000000000000000000000000000000000000000000000090
S325800624C0000000000000000000000000000000000000000000000000000000000000000070
S325800624E0000000000000000000000000000000000000000000000000000000000000000050
S3258006250000000000000000000000000000000000000000000000000000000000000000002F
S3258006252000000000000000000000000000000000000000000000000000000000000000000F
S325800625400000000000000000000000000000000000000000000000000000000000000000EF
S325800625600000000000000000000000000000000000000000000000000000000000000000CF
S325800625800000000000000000000000000000000000000000000000000000000000000000AF
S325800625A000000000000000000000000000000000000000000000000000000000000000008F
S325800625C000000000000000000000000000000000000000000000000000000000000000006F
S325800625E000000000000000000000000000000000000000000000000000000000000000004F
S3258006260000000000000000000000000000000000000000000000000000000000000000002E
S3258006262000000000000000000000000000000000000000000000000000000000000000000E
S325800626400000000000000000000000000000000000000000000000000000000000000000EE
S325800626600000000000000000000000000000000000000000000000000000000000000000CE
S325800626800000000000000000000000000000000000000000000000000000000000000000AE
S325800626A000000000000000000000000000000000000000000000000000000000000000008E
S325800626C000000000000000000000000000000000000000000000000000000000000000006E
S325800626E000000000000000000000000000000000000000000000000000000000000000004E
S3258006270000000000000000000000000000000000000000000000000000000000000000002D
S3258006272000000000000000000000000000000000000000000000000000000000000000000D
S325800627400000000000000000000000000000000000000000000000000000000000000000ED
S325800627600000000000000000000000000000000000000000000000000000000000000000CD
S325800627800000000000000000000000000000000000000000000000000000000000000000AD
S325800627A000000000000000000000000000000000000000000000000000000000000000008D
S325800627C000000000000000000000000000000000000000000000000000000000000000006D
S325800627E000000000000000000000000000000000000000000000000000000000000000004D
S3258006280000000000000000000000000000000000000000000000000000000000000000002C
S3258006282000000000000000000000000000000000000000000000000000000000000000000C
S325800628400000000000000000000000000000000000000000000000000000000000000000EC
S325800628600000000000000000000000000000000000000000000000000000000000000000CC
S325800628800000000000000000000000000000000000000000000000000000000000000000AC
S325800628A000000000000000000000000000000000000000000000000000000000000000008C
S325800628C000000000000000000000000000000000000000000000000000000000000000006C
S325800628E000000000000000000000000000000000000000000000000000000000000000004C
S3258006290000000000000000000000000000000000000000000000000000000000000000002B
S3258006292000000000000000000000000000000000000000000000000000000000000000000B
S325800629400000000000000000000000000000000000000000000000000000000000000000EB
S325800629600000000000000000000000000000000000000000000000000000000000000000CB
S325800629800000000000000000000000000000000000000000000000000000000000000000AB
S325800629A000000000000000000000000000000000000000000000000000000000000000008B
S325800629C000000000000000000000000000000000000000000000000000000000000000006B
S325800629E000000000000000000000000000000000000000000000000000000000000000004B
S32580062A0000000000000000000000000000000000000000000000000000000000000000002A
S32580062A2000000000000000000000000000000000000000000000000000000000000000000A
S32580062A400000000000000000000000000000000000000000000000000000000000000000EA
S32580062A600000000000000000000000000000000000000000000000000000000000000000CA
S32580062A800000000000000000000000000000000000000000000000000000000000000000AA
S32580062AA000000000000000000000000000000000000000000000000000000000000000008A
S32580062AC000000000000000000000000000000000000000000000000000000000000000006A
S32580062AE000000000000000000000000000000000000000000000000000000000000000004A
S32580062B00000000000000000000000000000000000000000000000000000000000000000029
S32580062B20000000000000000000000000000000000000000000000000000000000000000009
S32580062B400000000000000000000000000000000000000000000000000000000000000000E9
S32580062B600000000000000000000000000000000000000000000000000000000000000000C9
S32580062B800000000000000000000000000000000000000000000000000000000000000000A9
S32580062BA0000000000000000000000000000000000000000000000000000000000000000089
S32580062BC0000000000000000000000000000000000000000000000000000000000000000069
S32580062BE0000000000000000000000000000000000000000000000000000000000000000049
S32580062C00000000000000000000000000000000000000000000000000000000000000000028
S32580062C20000000000000000000000000000000000000000000000000000000000000000008
S32580062C400000000000000000000000000000000000000000000000000000000000000000E8
S32580062C600000000000000000000000000000000000000000000000000000000000000000C8
S32580062C800000000000000000000000000000000000000000000000000000000000000000A8
S32580062CA0000000000000000000000000000000000000000000000000000000000000000088
S32580062CC0000000000000000000000000000000000000000000000000000000000000000068
S32580062CE0000000000000000000000000000000000000000000000000000000000000000048
S32580062D00000000000000000000000000000000000000000000000000000000000000000027
S32580062D20000000000000000000000000000000000000000000000000000000000000000007
S32580062D400000000000000000000000000000000000000000000000000000000000000000E7
S32580062D600000000000000000000000000000000000000000000000000000000000000000C7
S32580062D800000000000000000000000000000000000000000000000000000000000000000A7
S32580062DA0000000000000000000000000000000000000000000000000000000000000000087
S32580062DC0000000000000000000000000000000000000000000000000000000000000000067
S32580062DE0000000000000000000000000000000000000000000000000000000000000000047
S32580062E00000000000000000000000000000000000000000000000000000000000000000026
S32580062E20000000000000000000000000000000000000000000000000000000000000000006
S32580062E400000000000000000000000000000000000000000000000000000000000000000E6
S32580062E600000000000000000000000000000000000000000000000000000000000000000C6
S32580062E800000000000000000000000000000000000000000000000000000000000000000A6
S32580062EA0000000000000000000000000000000000000000000000000000000000000000086
S32580062EC0000000000000000000000000000000000000000000000000000000000000000066
S32580062EE0000000000000000000000000000000000000000000000000000000000000000046
S32580062F00000000000000000000000000000000000000000000000000000000000000000025
S32580062F20000000000000000000000000000000000000000000000000000000000000000005
S32580062F400000000000000000000000000000000000000000000000000000000000000000E5
S32580062F600000000000000000000000000000000000000000000000000000000000000000C5
S32580062F800000000000000000000000000000000000000000000000000000000000000000A5
S32580062FA0000000000000000000000000000000000000000000000000000000000000000085
S32580062FC0000000000000000000000000000000000000000000000000000000000000000065
S32580062FE0000000000000000000000000000000000000000000000000000000000000000045
S32580063000000000000000000000000000000000000000000000000000000000000000000024
S32580063020000000000000000000000000000000000000000000000000000000000000000004
S325800630400000000000000000000000000000000000000000000000000000000000000000E4
S325800630600000000000000000000000000000000000000000000000000000000000000000C4
S325800630800000000000000000000000000000000000000000000000000000000000000000A4
S325800630A0000000000000000000000000000000000000000000000000000000000000000084
S325800630C0000000000000000000000000000000000000000000000000000000000000000064
S325800630E0000000000000000000000000000000000000000000000000000000000000000044
S32580063100000000000000000000000000000000000000000000000000000000000000000023
S32580063120000000000000000000000000000000000000000000000000000000000000000003
S325800631400000000000000000000000000000000000000000000000000000000000000000E3
S325800631600000000000000000000000000000000000000000000000000000000000000000C3
S325800631800000000000000000000000000000000000000000000000000000000000000000A3
S325800631A0000000000000000000000000000000000000000000000000000000000000000083
S325800631C0000000000000000000000000000000000000000000000000000000000000000063
S325800631E0000000000000000000000000000000000000000000000000000000000000000043
S32580063200000000000000000000000000000000000000000000000000000000000000000022
S32580063220000000000000000000000000000000000000000000000000000000000000000002
S325800632400000000000000000000000000000000000000000000000000000000000000000E2
S325800632600000000000000000000000000000000000000000000000000000000000000000C2
S325800632800000000000000000000000000000000000000000000000000000000000000000A2
S325800632A0000000000000000000000000000000000000000000000000000000000000000082
S325800632C0000000000000000000000000000000000000000000000000000000000000000062
S325800632E0000000000000000000000000000000000000000000000000000000000000000042
S32580063300000000000000000000000000000000000000000000000000000000000000000021
S32580063320000000000000000000000000000000000000000000000000000000000000000001
S325800633400000000000000000000000000000000000000000000000000000000000000000E1
S325800633600000000000000000000000000000000000000000000000000000000000000000C1
S325800633800000000000000000000000000000000000000000000000000000000000000000A1
S325800633A0000000000000000000000000000000000000000000000000000000000000000081
S325800633C0000000000000000000000000000000000000000000000000000000000000000061
S325800633E0000000000000000000000000000000000000000000000000000000000000000041
S32580063400000000000000000000000000000000000000000000000000000000000000000020
S32580063420000000000000000000000000000000000000000000000000000000000000000000
S325800634400000000000000000000000000000000000000000000000000000000000000000E0
S325800634600000000000000000000000000000000000000000000000000000000000000000C0
S325800634800000000000000000000000000000000000000000000000000000000000000000A0
S325800634A0000000000000000000000000000000000000000000000000000000000000000080
S325800634C0000000000000000000000000000000000000000000000000000000000000000060
S325800634E0000000000000000000000000000000000000000000000000000000000000000040
S3258006350000000000000000000000000000000000000000000000000000000000000000001F
S325800635200000000000000000000000000000000000000000000000000000000000000000FF
S325800635400000000000000000000000000000000000000000000000000000000000000000DF
S325800635600000000000000000000000000000000000000000000000000000000000000000BF
S3258006358000000000000000000000000000000000000000000000000000000000000000009F
S325800635A000000000000000000000000000000000000000000000000000000000000000007F
S325800635C000000000000000000000000000000000000000000000000000000000000000005F
S325800635E000000000000000000000000000000000000000000000000000000000000000003F
S3258006360000000000000000000000000000000000000000000000000000000000000000001E
S325800636200000000000000000000000000000000000000000000000000000000000000000FE
S325800636400000000000000000000000000000000000000000000000000000000000000000DE
S325800636600000000000000000000000000000000000000000000000000000000000000000BE
S3258006368000000000000000000000000000000000000000000000000000000000000000009E
S325800636A000000000000000000000000000000000000000000000000000000000000000007E
S325800636C000000000000000000000000000000000000000000000000000000000000000005E
S325800636E000000000000000000000000000000000000000000000000000000000000000003E
S3258006370000000000000000000000000000000000000000000000000000000000000000001D
S325800637200000000000000000000000000000000000000000000000000000000000000000FD
S325800637400000000000000000000000000000000000000000000000000000000000000000DD
S325800637600000000000000000000000000000000000000000000000000000000000000000BD
S3258006378000000000000000000000000000000000000000000000000000000000000000009D
S325800637A000000000000000000000000000000000000000000000000000000000000000007D
S325800637C000000000000000000000000000000000000000000000000000000000000000005D
S325800637E000000000000000000000000000000000000000000000000000000000000000003D
S3258006380000000000000000000000000000000000000000000000000000000000000000001C
S325800638200000000000000000000000000000000000000000000000000000000000000000FC
S325800638400000000000000000000000000000000000000000000000000000000000000000DC
S325800638600000000000000000000000000000000000000000000000000000000000000000BC
S3258006388000000000000000000000000000000000000000000000000000000000000000009C
S325800638A000000000000000000000000000000000000000000000000000000000000000007C
S325800638C000000000000000000000000000000000000000000000000000000000000000005C
S325800638E000000000000000000000000000000000000000000000000000000000000000003C
S3258006390000000000000000000000000000000000000000000000000000000000000000001B
S325800639200000000000000000000000000000000000000000000000000000000000000000FB
S325800639400000000000000000000000000000000000000000000000000000000000000000DB
S325800639600000000000000000000000000000000000000000000000000000000000000000BB
S3258006398000000000000000000000000000000000000000000000000000000000000000009B
S325800639A000000000000000000000000000000000000000000000000000000000000000007B
S325800639C000000000000000000000000000000000000000000000000000000000000000005B
S325800639E000000000000000000000000000000000000000000000000000000000000000003B
S32580063A0000000000000000000000000000000000000000000000000000000000000000001A
S32580063A200000000000000000000000000000000000000000000000000000000000000000FA
S32580063A400000000000000000000000000000000000000000000000000000000000000000DA
S32580063A600000000000000000000000000000000000000000000000000000000000000000BA
S32580063A8000000000000000000000000000000000000000000000000000000000000000009A
S32580063AA000000000000000000000000000000000000000000000000000000000000000007A
S32580063AC000000000000000000000000000000000000000000000000000000000000000005A
S32580063AE000000000000000000000000000000000000000000000000000000000000000003A
S32580063B00000000000000000000000000000000000000000000000000000000000000000019
S32580063B200000000000000000000000000000000000000000000000000000000000000000F9
S32580063B400000000000000000000000000000000000000000000000000000000000000000D9
S32580063B600000000000000000000000000000000000000000000000000000000000000000B9
S32580063B80000000000000000000000000000000000000000000000000000000000000000099
S32580063BA0000000000000000000000000000000000000000000000000000000000000000079
S32580063BC0000000000000000000000000000000000000000000000000000000000000000059
S32580063BE0000000000000000000000000000000000000000000000000000000000000000039
S32580063C00000000000000000000000000000000000000000000000000000000000000000018
S32580063C200000000000000000000000000000000000000000000000000000000000000000F8
S32580063C400000000000000000000000000000000000000000000000000000000000000000D8
S32580063C600000000000000000000000000000000000000000000000000000000000000000B8
S32580063C80000000000000000000000000000000000000000000000000000000000000000098
S32580063CA0000000000000000000000000000000000000000000000000000000000000000078
S32580063CC0000000000000000000000000000000000000000000000000000000000000000058
S32580063CE0000000000000000000000000000000000000000000000000000000000000000038
S32580063D00000000000000000000000000000000000000000000000000000000000000000017
S32580063D200000000000000000000000000000000000000000000000000000000000000000F7
S32580063D400000000000000000000000000000000000000000000000000000000000000000D7
S32580063D600000000000000000000000000000000000000000000000000000000000000000B7
S32580063D80000000000000000000000000000000000000000000000000000000000000000097
S32580063DA0000000000000000000000000000000000000000000000000000000000000000077
S32580063DC0000000000000000000000000000000000000000000000000000000000000000057
S32580063DE0000000000000000000000000000000000000000000000000000000000000000037
S32580063E00000000000000000000000000000000000000000000000000000000000000000016
S32580063E200000000000000000000000000000000000000000000000000000000000000000F6
S32580063E400000000000000000000000000000000000000000000000000000000000000000D6
S32580063E600000000000000000000000000000000000000000000000000000000000000000B6
S32580063E80000000000000000000000000000000000000000000000000000000000000000096
S32580063EA0000000000000000000000000000000000000000000000000000000000000000076
S32580063EC0000000000000000000000000000000000000000000000000000000000000000056
S32580063EE0000000000000000000000000000000000000000000000000000000000000000036
S32580063F00000000000000000000000000000000000000000000000000000000000000000015
S32580063F200000000000000000000000000000000000000000000000000000000000000000F5
S32580063F400000000000000000000000000000000000000000000000000000000000000000D5
S32580063F600000000000000000000000000000000000000000000000000000000000000000B5
S32580063F80000000000000000000000000000000000000000000000000000000000000000095
S32580063FA0000000000000000000000000000000000000000000000000000000000000000075
S32580063FC0000000000000000000000000000000000000000000000000000000000000000055
S32580063FE0000000000000000000000000000000000000000000000000000000000000000035
S32580064000000000000000000000000000000000000000000000000000000000000000000014
S325800640200000000000000000000000000000000000000000000000000000000000000000F4
S325800640400000000000000000000000000000000000000000000000000000000000000000D4
S325800640600000000000000000000000000000000000000000000000000000000000000000B4
S32580064080000000000000000000000000000000000000000000000000000000000000000094
S325800640A0000000000000000000000000000000000000000000000000000000000000000074
S325800640C0000000000000000000000000000000000000000000000000000000000000000054
S325800640E0000000000000000000000000000000000000000000000000000000000000000034
S32580064100000000000000000000000000000000000000000000000000000000000000000013
S325800641200000000000000000000000000000000000000000000000000000000000000000F3
S325800641400000000000000000000000000000000000000000000000000000000000000000D3
S325800641600000000000000000000000000000000000000000000000000000000000000000B3
S32580064180000000000000000000000000000000000000000000000000000000000000000093
S325800641A0000000000000000000000000000000000000000000000000000000000000000073
S325800641C0000000000000000000000000000000000000000000000000000000000000000053
S325800641E0000000000000000000000000000000000000000000000000000000000000000033
S32580064200000000000000000000000000000000000000000000000000000000000000000012
S325800642200000000000000000000000000000000000000000000000000000000000000000F2
S325800642400000000000000000000000000000000000000000000000000000000000000000D2
S325800642600000000000000000000000000000000000000000000000000000000000000000B2
S32580064280000000000000000000000000000000000000000000000000000000000000000092
S325800642A0000000000000000000000000000000000000000000000000000000000000000072
S325800642C0000000000000000000000000000000000000000000000000000000000000000052
S325800642E0000000000000000000000000000000000000000000000000000000000000000032
S32580064300000000000000000000000000000000000000000000000000000000000000000011
S325800643200000000000000000000000000000000000000000000000000000000000000000F1
S325800643400000000000000000000000000000000000000000000000000000000000000000D1
S325800643600000000000000000000000000000000000000000000000000000000000000000B1
S32580064380000000000000000000000000000000000000000000000000000000000000000091
S325800643A0000000000000000000000000000000000000000000000000000000000000000071
S325800643C0000000000000000000000000000000000000000000000000000000000000000051
S325800643E0000000000000000000000000000000000000000000000000000000000000000031
S32580064400000000000000000000000000000000000000000000000000000000000000000010
S325800644200000000000000000000000000000000000000000000000000000000000000000F0
S325800644400000000000000000000000000000000000000000000000000000000000000000D0
S325800644600000000000000000000000000000000000000000000000000000000000000000B0
S32580064480000000000000000000000000000000000000000000000000000000000000000090
S325800644A0000000000000000000000000000000000000000000000000000000000000000070
S325800644C0000000000000000000000000000000000000000000000000000000000000000050
S325800644E0000000000000000000000000000000000000000000000000000000000000000030
S3258006450000000000000000000000000000000000000000000000000000000000000000000F
S325800645200000000000000000000000000000000000000000000000000000000000000000EF
S325800645400000000000000000000000000000000000000000000000000000000000000000CF
S325800645600000000000000000000000000000000000000000000000000000000000000000AF
S3258006458000000000000000000000000000000000000000000000000000000000000000008F
S325800645A000000000000000000000000000000000000000000000000000000000000000006F
S325800645C000000000000000000000000000000000000000000000000000000000000000004F
S325800645E000000000000000000000000000000000000000000000000000000000000000002F
S3258006460000000000000000000000000000000000000000000000000000000000000000000E
S325800646200000000000000000000000000000000000000000000000000000000000000000EE
S325800646400000000000000000000000000000000000000000000000000000000000000000CE
S325800646600000000000000000000000000000000000000000000000000000000000000000AE
S3258006468000000000000000000000000000000000000000000000000000000000000000008E
S325800646A000000000000000000000000000000000000000000000000000000000000000006E
S325800646C000000000000000000000000000000000000000000000000000000000000000004E
S325800646E000000000000000000000000000000000000000000000000000000000000000002E
S3258006470000000000000000000000000000000000000000000000000000000000000000000D
S325800647200000000000000000000000000000000000000000000000000000000000000000ED
S325800647400000000000000000000000000000000000000000000000000000000000000000CD
S325800647600000000000000000000000000000000000000000000000000000000000000000AD
S3258006478000000000000000000000000000000000000000000000000000000000000000008D
S325800647A000000000000000000000000000000000000000000000000000000000000000006D
S325800647C000000000000000000000000000000000000000000000000000000000000000004D
S325800647E000000000000000000000000000000000000000000000000000000000000000002D
S3258006480000000000000000000000000000000000000000000000000000000000000000000C
S325800648200000000000000000000000000000000000000000000000000000000000000000EC
S325800648400000000000000000000000000000000000000000000000000000000000000000CC
S325800648600000000000000000000000000000000000000000000000000000000000000000AC
S3258006488000000000000000000000000000000000000000000000000000000000000000008C
S325800648A000000000000000000000000000000000000000000000000000000000000000006C
S325800648C000000000000000000000000000000000000000000000000000000000000000004C
S325800648E000000000000000000000000000000000000000000000000000000000000000002C
S3258006490000000000000000000000000000000000000000000000000000000000000000000B
S325800649200000000000000000000000000000000000000000000000000000000000000000EB
S325800649400000000000000000000000000000000000000000000000000000000000000000CB
S325800649600000000000000000000000000000000000000000000000000000000000000000AB
S3258006498000000000000000000000000000000000000000000000000000000000000000008B
S325800649A000000000000000000000000000000000000000000000000000000000000000006B
S325800649C000000000000000000000000000000000000000000000000000000000000000004B
S325800649E000000000000000000000000000000000000000000000000000000000000000002B
S32580064A0000000000000000000000000000000000000000000000000000000000000000000A
S32580064A200000000000000000000000000000000000000000000000000000000000000000EA
S32580064A400000000000000000000000000000000000000000000000000000000000000000CA
S32580064A600000000000000000000000000000000000000000000000000000000000000000AA
S32580064A8000000000000000000000000000000000000000000000000000000000000000008A
S32580064AA000000000000000000000000000000000000000000000000000000000000000006A
S32580064AC000000000000000000000000000000000000000000000000000000000000000004A
S32580064AE000000000000000000000000000000000000000000000000000000000000000002A
S32580064B0001FFFFFFFFFFFFFF01FFFFFFFFFFFFFF00FFFFFFFFFFFFFF00FFFFFFFFFFFFFF23
S32580064B2000FFFFFFFFFFFFFF00FFFFFFFFFFFFFFFFFFFFFFFFFFFFFFFFFFFFFFFFFFFFFF07
S32580064B40FFFFFFFFFFFFFFFFFFFFFFFFFFFFFFFFFFFFFFFFFFFFFFFFFFFFFFFFFFFFFFFFE9
S32580064B60FFFFFFFFFFFFFFFF00100000060000000000FFFFFFFFFFFF0000000000000000A1
S32580064B800000000000000000FFFFFFFFFFFFFFFFFFFFFFFFFFFFFFFFFFFFFFFFFFFFFFFFA1
S32580064BA0FFFFFFFFFFFFFFFFFFFFFFFFFFFFFFFFFFFFFFFFFFFFFFFFFFFFFFFFFFFFFFFF89
S32580064BC0FFFFFFFFFFFFFFFFFFFFFFFFFFFFFFFFFFFFFFFFFFFFFFFFFFFFFFFFFFFFFFFF69
S32580064BE0FFFFFFFFFFFFFFFFFFFFFFFFFFFFFFFFFFFFFFFFFFFFFFFFFFFFFFFFFFFFFFFF49
S32580064C00FFFFFFFFFFFFFFFFFFFFFFFFFFFFFFFFFFFFFFFFFFFFFFFFFFFFFFFFFFFFFFFF28
S32580064C20FFFFFFFFFFFFFFFFFFFFFFFFFFFFFFFFFFFFFFFFFFFFFFFF10614311010000003A
S32580064C400000000000000000106143050100000000000000000000001039916603000000CB
S32580064C60000000000000000010399166030000000000000000000000342E314556303131A5
S32580064C80000000000000000000000000000000000000000000000000000000000000000088
S32580064CA0000000000000000000000000000000000000000000000000000000000000000068
S32580064CC0000000000000000000000000000000000000000000000000000000000000000048
S32580064CE00000000000000000FFFFFFFFFFFFFFFFFFFFFFFFFFFFFFFFFFFFFFFFFFFFFFFF40
S32580064D00FFFFFFFFFFFFFFFFFFFFFFFFFFFFFFFFFFFFFFFFFFFFFFFFFFFFFFFFFFFFFFFF27
S32580064D20FFFFFFFFFFFFFFFFFFFFFFFFFFFFFFFFFFFFFFFFFFFFFFFFFFFFFFFFFFFFFFFF07
S32580064D40FFFFFFFFFFFFFFFFFFFFFFFFFFFFFFFFFFFFFFFFFFFFFFFFFFFFFFFFFFFFFFFFE7
S32580064D60FFFFFFFFFFFFFFFFFFFFFFFFFFFFFFFFFFFFFFFFFFFFFFFFFFFFFFFFFFFFFFFFC7
S32580064D80FFFFFFFFFFFFFFFFFFFFFFFFFFFFFFFFFFFFFFFFFFFFFFFFFFFFFFFFFFFFFFFFA7
S32580064DA0FFFFFFFFFFFFFFFFFFFFFFFFFFFFFFFFFFFFFFFFFFFFFFFFFFFFFFFFFFFFFFFF87
S32580064DC0FFFFFFFFFFFFFFFFFFFFFFFFFFFFFFFFFFFFFFFFFFFFFFFFFFFFFFFFFFFFFFFF67
S32580064DE0FFFFFFFFFFFFFFFFFFFFFFFFFFFFFFFFFFFFFFFFFFFFFFFFFFFFFFFFFFFFFFFF47
S32580064E00FFFFFFFFFFFFFFFFFFFFFFFFFFFFFFFFFFFFFFFFFFFFFFFFFFFFFFFFFFFFFFFF26
S32580064E20FFFFFFFFFFFFFFFFFFFFFFFFFFFFFFFFFFFFFFFFFFFFFFFFFFFFFFFFFFFFFFFF06
S32580064E40FFFFFFFFFFFFFFFFFFFFFFFFFFFFFFFFFFFFFFFFFFFFFFFFFFFFFFFFFFFFFFFFE6
S32580064E60FFFFFFFFFFFFFFFFFFFFFFFFFFFFFFFFFFFFFFFFFFFFFFFFFFFFFFFFFFFFFFFFC6
S32580064E80FFFFFFFFFFFFFFFFFFFFFFFFFFFFFFFFFFFFFFFFFFFFFFFFFFFFFFFFFFFFFFFFA6
S32580064EA0FFFFFFFFFFFFFFFFFFFFFFFFFFFFFFFFFFFFFFFFFFFFFFFFFFFFFFFFFFFFFFFF86
S32580064EC0FFFFFFFFFFFFFFFFFFFFFFFFFFFFFFFFFFFFFFFFFFFFFFFFFFFFFFFFFFFFFFFF66
S32580064EE0FFFFFFFFFFFFFFFFFFFFFFFFFFFFFFFFFFFFFFFFFFFFFFFFFFFFFFFFFFFFFFFF46
S32580064F00FFFFFFFFFFFFFFFFFFFFFFFFFFFFFFFFFFFFFFFFFFFFFFFFFFFFFFFFFFFFFFFF25
S32580064F20FFFFFFFFFFFFFFFF080003D4FD0C039CFD0CE0BCE0BC0000000000000000000025
S32580064F400000000000000000000000000000000000000000000000000000000000000000C5
S32580064F600000000000000000000000000000000000000000000000000000000000000000A5
S32580064F80000000000000000000000000000000000000000000000000000000000000000085
S32580064FA0000000000000000000000000000000000000000000000000000000000000000065
S32580064FC0000000000000000000000000000000000000000000000000000000000000000045
S32580064FE0000000000000000000000000000000000000000000000000000000000000000025
S32580065000000000000000000000000000000000000000000000000000000000000000000004
S325800650200000000000000000000000000000000000000000000000000000000000000000E4
S325800650400000000000000000000000000000000000000000000000000000000000000000C4
S325800650600000000000000000000000000000000000000000000000000000000000000000A4
S32580065080000000000000000000000000000000000000000000000000000000000000000084
S325800650A0000000000000000000000000000000000000000000000000000000000000000064
S325800650C0000000000000000000000000000000000000000000000000000000000000000044
S325800650E0000000000000000000000000000000000000000000000000000000000000000024
S32580065100000000000000000000000000000000000000000000000000000000000000000003
S325800651200000000000000000000000000000000000000000000000000000000000000000E3
S325800651400000000000000000000000000000000000000000000000000000000000000000C3
S325800651600000000000000000000000000000000000000000000000000000000000000000A3
S32580065180000000000000000000000000000000000000000000000000000000000000000083
S325800651A0000000000000000000000000000000000000000000000000000000000000000063
S325800651C0000000000000000000000000000000000000000000000000000000000000000043
S325800651E0000000000000000000000000000000000000000000000000000000000000000023
S32580065200000000000000000000000000000000000000000000000000000000000000000002
S325800652200000000000000000000000000000000000000000000000000000000000000000E2
S325800652400000000000000000000000000000000000000000000000000000000000000000C2
S325800652600000000000000000000000000000000000000000000000000000000000000000A2
S32580065280000000000000000000000000000000000000000000000000000000000000000082
S325800652A0000000000000000000000000000000000000000000000000000000000000000062
S325800652C0000000000000000000000000000000000000000000000000000000000000000042
S325800652E0000000000000000000000000000000000000000000000000000000000000000022
S32580065300000000000000000000000000000000000000000000000000000000000000000001
S325800653200000000000000000000000000000000000000000000000000000000000000000E1
S325800653400000000000000000000000000000000000000000000000000000000000000000C1
S325800653600000000000000000000000000000000000000000000000000000000000000000A1
S32580065380000000000000000000000000000000000000000000000000000000000000000081
S325800653A0000000000000000000000000000000000000000000000000000000000000000061
S325800653C0000000000000000000000000000000000000000000000000000000000000000041
S325800653E0000000000000000000000000000000000000000000000000000000000000000021
S32580065400000000000000000000000000000000000000000000000000000000000000000000
S325800654200000000000000000000000000000000000000000000000000000000000000000E0
S325800654400000000000000000000000000000000000000000000000000000000000000000C0
S325800654600000000000000000000000000000000000000000000000000000000000000000A0
S32580065480000000000000000000000000000000000000000000000000000000000000000080
S325800654A0000000000000000000000000000000000000000000000000000000000000000060
S325800654C0000000000000000000000000000000000000000000000000000000000000000040
S325800654E0000000000000000000000000000000000000000000000000000000000000000020
S325800655000000000000000000000000000000000000000000000000000000000000000000FF
S325800655200000000000000000000000000000000000000000000000000000000000000000DF
S325800655400000000000000000000000000000000000000000000000000000000000000000BF
S3258006556000000000000000000000000000000000000000000000000000000000000000009F
S3258006558000000000000000000000000000000000000000000000000000000000000000007F
S325800655A000000000000000000000000000000000000000000000000000000000000000005F
S325800655C000000000000000000000000000000000000000000000000000000000000000003F
S325800655E000000000000000000000000000000000000000000000000000000000000000001F
S325800656000000000000000000000000000000000000000000000000000000000000000000FE
S325800656200000000000000000000000000000000000000000000000000000000000000000DE
S325800656400000000000000000000000000000000000000000000000000000000000000000BE
S3258006566000000000000000000000000000000000000000000000000000000000000000009E
S3258006568000000000000000000000000000000000000000000000000000000000000000007E
S325800656A000000000000000000000000000000000000000000000000000000000000000005E
S325800656C000000000000000000000000000000000000000000000000000000000000000003E
S325800656E000000000000000000000000000000000000000000000000000000000000000001E
S325800657000000000000000000000000000000000000000000000000000000000000000000FD
S325800657200000000000000000000000000000000000000000000000000000000000000000DD
S325800657400000000000000000000000000000000000000000000000000000000000000000BD
S3258006576000000000000000000000000000000000000000000000000000000000000000009D
S3258006578000000000000000000000000000000000000000000000000000000000000000007D
S325800657A000000000000000000000000000000000000000000000000000000000000000005D
S325800657C000000000000000000000000000000000000000000000000000000000000000003D
S325800657E000000000000000000000000000000000000000000000000000000000000000001D
S325800658000000000000000000000000000000000000000000000000000000000000000000FC
S325800658200000000000000000000000000000000000000000000000000000000000000000DC
S325800658400000000000000000000000000000000000000000000000000000000000000000BC
S3258006586000000000000000000000000000000000000000000000000000000000000000009C
S3258006588000000000000000000000000000000000000000000000000000000000000000007C
S325800658A000000000000000000000000000000000000000000000000000000000000000005C
S325800658C000000000000000000000000000000000000000000000000000000000000000003C
S325800658E000000000000000000000000000000000000000000000000000000000000000001C
S325800659000000000000000000000000000000000000000000000000000000000000000000FB
S325800659200000000000000000000000000000000000000000000000000000000000000000DB
S325800659400000000000000000000000000000000000000000000000000000000000000000BB
S3258006596000000000000000000000000000000000000000000000000000000000000000009B
S3258006598000000000000000000000000000000000000000000000000000000000000000007B
S325800659A000000000000000000000000000000000000000000000000000000000000000005B
S325800659C000000000000000000000000000000000000000000000000000000000000000003B
S325800659E000000000000000000000000000000000000000000000000000000000000000001B
S32580065A000000000000000000000000000000000000000000000000000000000000000000FA
S32580065A200000000000000000000000000000000000000000000000000000000000000000DA
S32580065A400000000000000000000000000000000000000000000000000000000000000000BA
S32580065A6000000000000000000000000000000000000000000000000000000000000000009A
S32580065A8000000000000000000000000000000000000000000000000000000000000000007A
S32580065AA000000000000000000000000000000000000000000000000000000000000000005A
S32580065AC000000000000000000000000000000000000000000000000000000000000000003A
S32580065AE000000000000000000000000000000000000000000000000000000000000000001A
S32580065B000000000000000000000000000000000000000000000000000000000000000000F9
S32580065B200000000000000000000000000000000000000000000000000000000000000000D9
S32580065B400000000000000000000000000000000000000000000000000000000000000000B9
S32580065B60000000000000000000000000000000000000000000000000000000000000000099
S32580065B80000000000000000000000000000000000000000000000000000000000000000079
S32580065BA0000000000000000000000000000000000000000000000000000000000000000059
S32580065BC0000000000000000000000000000000000000000000000000000000000000000039
S32580065BE0000000000000000000000000000000000000000000000000000000000000000019
S32580065C000000000000000000000000000000000000000000000000000000000000000000F8
S32580065C200000000000000000000000000000000000000000000000000000000000000000D8
S32580065C400000000000000000000000000000000000000000000000000000000000000000B8
S32580065C60000000000000000000000000000000000000000000000000000000000000000098
S32580065C80000000000000000000000000000000000000000000000000000000000000000078
S32580065CA0000000000000000000000000000000000000000000000000000000000000000058
S32580065CC0000000000000000000000000000000000000000000000000000000000000000038
S32580065CE0000000000000000000000000000000000000000000000000000000000000000018
S32580065D000000000000000000000000000000000000000000000000000000000000000000F7
S32580065D200000000000000000000000000000000000000000000000000000000000000000D7
S32580065D400000000000000000000000000000000000000000000000000000000000000000B7
S32580065D60000000000000000000000000000000000000000000000000000000000000000097
S32580065D80000000000000000000000000000000000000000000000000000000000000000077
S32580065DA0000000000000000000000000000000000000000000000000000000000000000057
S32580065DC0000000000000000000000000000000000000000000000000000000000000000037
S32580065DE0000000000000000000000000000000000000000000000000000000000000000017
S32580065E000000000000000000000000000000000000000000000000000000000000000000F6
S32580065E200000000000000000000000000000000000000000000000000000000000000000D6
S32580065E400000000000000000000000000000000000000000000000000000000000000000B6
S32580065E60000000000000000000000000000000000000000000000000000000000000000096
S32580065E80000000000000000000000000000000000000000000000000000000000000000076
S32580065EA0000000000000000000000000000000000000000000000000000000000000000056
S32580065EC0000000000000000000000000000000000000000000000000000000000000000036
S32580065EE0000000000000000000000000000000000000000000000000000000000000000016
S32580065F000000000000000000000000000000000000000000000000000000000000000000F5
S32580065F200000000000000000000000000000000000000000000000000000000000000000D5
S32580065F400000000000000000000000000000000000000000000000000000000000000000B5
S32580065F60000000000000000000000000000000000000000000000000000000000000000095
S32580065F80000000000000000000000000000000000000000000000000000000000000000075
S32580065FA0000000000000000000000000000000000000000000000000000000000000000055
S32580065FC0000000000000000000000000000000000000000000000000000000000000000035
S32580065FE0000000000000000000000000000000000000000000000000000000000000000015
S325800660000000000000000000000000000000000000000000000000000000000000000000F4
S325800660200000000000000000FFFFFFFFFFFFFFFFFFFFFFFFFFFFFFFFFFFFFFFFFFFFFFFFEC
S32580066040FFFFFFFFFFFFFFFFFFFFFFFFFFFFFFFFFFFFFFFFFFFFFFFFFFFFFFFFFFFFFFFFD4
S32580066060FFFFFFFFFFFFFFFFFFFFFFFFFFFFFFFFFFFFFFFFFFFFFFFFFFFFFFFFFFFFFFFFB4
S32580066080FFFFFFFFFFFFFFFFFFFFFFFFFFFFFFFFFFFFFFFFFFFFFFFFFFFFFFFFFFFFFFFF94
S325800660A0FFFFFFFFFFFFFFFFFFFFFFFFFFFFFFFFFFFFFFFFFFFFFFFFFFFFFFFFFFFFFFFF74
S325800660C0FFFFFFFFFFFFFFFFFFFFFFFFFFFFFFFFFFFFFFFFFFFFFFFFFFFFFFFFFFFFFFFF54
S325800660E0FFFFFFFFFFFFFFFFFFFFFFFFFFFFFFFFFFFFFFFFFFFFFFFFFFFFFFFFFFFFFFFF34
S32580066100FFFFFFFFFFFFFFFFFFFFFFFFFFFFFFFFFFFFFFFFFFFFFFFFFFFFFFFFFFFFFFFF13
S32580066120FFFFFFFFFFFFFFFFFFFFFFFFFFFFFFFFFFFFFFFFFFFFFFFFFFFFFFFFFFFFFFFFF3
S32580066140FFFFFFFFFFFFFFFFFFFFFFFFFFFFFFFFFFFFFFFFFFFFFFFFFFFFFFFFFFFFFFFFD3
S32580066160FFFFFFFFFFFFFFFFFFFFFFFFFFFFFFFFFFFFFFFFFFFFFFFFFFFFFFFFFFFFFFFFB3
S32580066180FFFFFFFFFFFFFFFFFFFFFFFFFFFFFFFFFFFFFFFFFFFFFFFFFFFFFFFFFFFFFFFF93
S325800661A0FFFFFFFFFFFFFFFFFFFFFFFFFFFFFFFFFFFFFFFFFFFFFFFFFFFFFFFFFFFFFFFF73
S325800661C0FFFFFFFFFFFFFFFFFFFFFFFFFFFFFFFFFFFFFFFFFFFFFFFFFFFFFFFFFFFFFFFF53
S325800661E0FFFFFFFFFFFFFFFFFFFFFFFFFFFFFFFFFFFFFFFFFFFFFFFFFFFFFFFFFFFFFFFF33
S32580066200FFFFFFFFFFFFFFFFFFFFFFFFFFFFFFFFFFFFFFFFFFFFFFFFFFFFFFFFFFFFFFFF12
S32580066220FFFFFFFFFFFFFFFFFFFFFFFFFFFFFFFFFFFFFFFFFFFFFFFFFFFFFFFFFFFFFFFFF2
S32580066240FFFFFFFFFFFFFFFFFFFFFFFFFFFFFFFFFFFFFFFFFFFFFFFFFFFFFFFFFFFFFFFFD2
S32580066260FFFFFFFFFFFFFFFFFFFFFFFFFFFFFFFFFFFFFFFFFFFFFFFFFFFFFFFFFFFFFFFFB2
S32580066280FFFFFFFFFFFFFFFFFFFFFFFFFFFFFFFFFFFFFFFFFFFFFFFFFFFFFFFFFFFFFFFF92
S325800662A0FFFFFFFFFFFFFFFFFFFFFFFFFFFFFFFFFFFFFFFFFFFFFFFFFFFFFFFFFFFFFFFF72
S325800662C0FFFFFFFFFFFFFFFFFFFFFFFFFFFFFFFFFFFFFFFFFFFFFFFFFFFFFFFFFFFFFFFF52
S325800662E0FFFFFFFFFFFFFFFFFFFFFFFFFFFFFFFFFFFFFFFFFFFFFFFFFFFFFFFFFFFFFFFF32
S32580066300FFFFFFFFFFFFFFFFFFFFFFFFFFFFFFFFFFFFFFFFFFFFFFFFFFFFFFFFFFFFFFFF11
S32580066320FFFFFFFFFFFFFFFFFFFFFFFFFFFFFFFFFFFFFFFFFFFFFFFFFFFFFFFFFFFFFFFFF1
S32580066340FFFFFFFFFFFFFFFFFFFFFFFFFFFFFFFFFFFFFFFFFFFFFFFFFFFFFFFFFFFFFFFFD1
S32580066360FFFFFFFFFFFFFFFFFFFFFFFFFFFFFFFFFFFFFFFFFFFFFFFFFFFFFFFFFFFFFFFFB1
S32580066380FFFFFFFFFFFFFFFFFFFFFFFFFFFFFFFFFFFFFFFFFFFFFFFFFFFFFFFFFFFFFFFF91
S325800663A0FFFFFFFFFFFFFFFFFFFFFFFFFFFFFFFFFFFFFFFFFFFFFFFFFFFFFFFFFFFFFFFF71
S325800663C0FFFFFFFFFFFFFFFFFFFFFFFFFFFFFFFFFFFFFFFFFFFFFFFFFFFFFFFFFFFFFFFF51
S325800663E0FFFFFFFFFFFFFFFFFFFFFFFFFFFFFFFFFFFFFFFFFFFFFFFFFFFFFFFFFFFFFFFF31
S32580066400FFFFFFFFFFFFFFFFFFFFFFFFFFFFFFFFFFFFFFFFFFFFFFFFFFFFFFFFFFFFFFFF10
S32580066420FFFFFFFFFFFFFFFFFFFFFFFFFFFFFFFFFFFFFFFFFFFFFFFFFFFFFFFFFFFFFFFFF0
S32580066440FFFFFFFFFFFFFFFFFFFFFFFFFFFFFFFFFFFFFFFFFFFFFFFFFFFFFFFFFFFFFFFFD0
S32580066460FFFFFFFFFFFFFFFFFFFFFFFFFFFFFFFFFFFFFFFFFFFFFFFFFFFFFFFFFFFFFFFFB0
S32580066480FFFFFFFFFFFFFFFFFFFFFFFFFFFFFFFFFFFFFFFFFFFFFFFFFFFFFFFFFFFFFFFF90
S325800664A0FFFFFFFFFFFFFFFFFFFFFFFFFFFFFFFFFFFFFFFFFFFFFFFFFFFFFFFFFFFFFFFF70
S325800664C0FFFFFFFFFFFFFFFFFFFFFFFFFFFFFFFFFFFFFFFFFFFFFFFFFFFFFFFFFFFFFFFF50
S325800664E0FFFFFFFFFFFFFFFFFFFFFFFFFFFFFFFFFFFFFFFFFFFFFFFFFFFFFFFFFFFFFFFF30
S32580066500FFFFFFFFFFFFFFFFFFFFFFFFFFFFFFFFFFFFFFFFFFFFFFFFFFFFFFFFFFFFFFFF0F
S32580066520FFFFFFFFFFFFFFFFFFFFFFFFFFFFFFFFFFFFFFFFFFFFFFFFFFFFFFFFFFFFFFFFEF
S32580066540FFFFFFFFFFFFFFFFFFFFFFFFFFFFFFFFFFFFFFFFFFFFFFFFFFFFFFFFFFFFFFFFCF
S32580066560FFFFFFFFFFFFFFFFFFFFFFFFFFFFFFFFFFFFFFFFFFFFFFFFFFFFFFFFFFFFFFFFAF
S32580066580FFFFFFFFFFFFFFFFFFFFFFFFFFFFFFFFFFFFFFFFFFFFFFFFFFFFFFFFFFFFFFFF8F
S325800665A0FFFFFFFFFFFFFFFFFFFFFFFFFFFFFFFFFFFFFFFFFFFFFFFFFFFFFFFFFFFFFFFF6F
S325800665C0FFFFFFFFFFFFFFFFFFFFFFFFFFFFFFFFFFFFFFFFFFFFFFFFFFFFFFFFFFFFFFFF4F
S325800665E0FFFFFFFFFFFFFFFFFFFFFFFFFFFFFFFFFFFFFFFFFFFFFFFFFFFFFFFFFFFFFFFF2F
S32580066600FFFFFFFFFFFFFFFFFFFFFFFFFFFFFFFFFFFFFFFFFFFFFFFFFFFFFFFFFFFFFFFF0E
S32580066620FFFFFFFFFFFFFFFFFFFFFFFFFFFFFFFFFFFFFFFFFFFFFFFFFFFFFFFFFFFFFFFFEE
S32580066640FFFFFFFFFFFFFFFFFFFFFFFFFFFFFFFFFFFFFFFFFFFFFFFFFFFFFFFFFFFFFFFFCE
S32580066660FFFFFFFFFFFFFFFFFFFFFFFFFFFFFFFFFFFFFFFFFFFFFFFFFFFFFFFFFFFFFFFFAE
S32580066680FFFFFFFFFFFFFFFFFFFFFFFFFFFFFFFFFFFFFFFFFFFFFFFFFFFFFFFFFFFFFFFF8E
S325800666A0FFFFFFFFFFFFFFFFFFFFFFFFFFFFFFFFFFFFFFFFFFFFFFFFFFFFFFFFFFFFFFFF6E
S325800666C0FFFFFFFFFFFFFFFFFFFFFFFFFFFFFFFFFFFFFFFFFFFFFFFFFFFFFFFFFFFFFFFF4E
S325800666E0FFFFFFFFFFFFFFFFFFFFFFFFFFFFFFFFFFFFFFFFFFFFFFFFFFFFFFFFFFFFFFFF2E
S32580066700FFFFFFFFFFFFFFFFFFFFFFFFFFFFFFFFFFFFFFFFFFFFFFFFFFFFFFFFFFFFFFFF0D
S32580066720FFFFFFFFFFFFFFFFFFFFFFFFFFFFFFFFFFFFFFFFFFFFFFFFFFFFFFFFFFFFFFFFED
S32580066740FFFFFFFFFFFFFFFFFFFFFFFFFFFFFFFFFFFFFFFFFFFFFFFFFFFFFFFFFFFFFFFFCD
S32580066760FFFFFFFFFFFFFFFFFFFFFFFFFFFFFFFFFFFFFFFFFFFFFFFFFFFFFFFFFFFFFFFFAD
S32580066780FFFFFFFFFFFFFFFFFFFFFFFFFFFFFFFFFFFFFFFFFFFFFFFFFFFFFFFFFFFFFFFF8D
S325800667A0FFFFFFFFFFFFFFFFFFFFFFFFFFFFFFFFFFFFFFFFFFFFFFFFFFFFFFFFFFFFFFFF6D
S325800667C0FFFFFFFFFFFFFFFFFFFFFFFFFFFFFFFFFFFFFFFFFFFFFFFFFFFFFFFFFFFFFFFF4D
S325800667E0FFFFFFFFFFFFFFFFFFFFFFFFFFFFFFFFFFFFFFFFFFFFFFFFFFFFFFFFFFFFFFFF2D
S32580066800FFFFFFFFFFFFFFFFFFFFFFFFFFFFFFFFFFFFFFFFFFFFFFFFFFFFFFFFFFFFFFFF0C
S32580066820FFFFFFFFFFFFFFFFFFFFFFFFFFFFFFFFFFFFFFFFFFFFFFFFFFFFFFFFFFFFFFFFEC
S32580066840FFFFFFFFFFFFFFFFFFFFFFFFFFFFFFFFFFFFFFFFFFFFFFFFFFFFFFFFFFFFFFFFCC
S32580066860FFFFFFFFFFFFFFFFFFFFFFFFFFFFFFFFFFFFFFFFFFFFFFFFFFFFFFFFFFFFFFFFAC
S32580066880FFFFFFFFFFFFFFFFFFFFFFFFFFFFFFFFFFFFFFFFFFFFFFFFFFFFFFFFFFFFFFFF8C
S325800668A0FFFFFFFFFFFFFFFFFFFFFFFFFFFFFFFFFFFFFFFFFFFFFFFFFFFFFFFFFFFFFFFF6C
S325800668C0FFFFFFFFFFFFFFFFFFFFFFFFFFFFFFFFFFFFFFFFFFFFFFFFFFFFFFFFFFFFFFFF4C
S325800668E0FFFFFFFFFFFFFFFFFFFFFFFFFFFFFFFFFFFFFFFFFFFFFFFFFFFFFFFFFFFFFFFF2C
S32580066900FFFFFFFFFFFFFFFFFFFFFFFFFFFFFFFFFFFFFFFFFFFFFFFFFFFFFFFFFFFFFFFF0B
S32580066920FFFFFFFFFFFFFFFFFFFFFFFFFFFFFFFFFFFFFFFFFFFFFFFFFFFFFFFFFFFFFFFFEB
S32580066940FFFFFFFFFFFFFFFFFFFFFFFFFFFFFFFFFFFFFFFFFFFFFFFFFFFFFFFFFFFFFFFFCB
S32580066960FFFFFFFFFFFFFFFFFFFFFFFFFFFFFFFFFFFFFFFFFFFFFFFFFFFFFFFFFFFFFFFFAB
S32580066980FFFFFFFFFFFFFFFFFFFFFFFFFFFFFFFFFFFFFFFFFFFFFFFFFFFFFFFFFFFFFFFF8B
S325800669A0FFFFFFFFFFFFFFFFFFFFFFFFFFFFFFFFFFFFFFFFFFFFFFFFFFFFFFFFFFFFFFFF6B
S325800669C0FFFFFFFFFFFFFFFFFFFFFFFFFFFFFFFFFFFFFFFFFFFFFFFFFFFFFFFFFFFFFFFF4B
S325800669E0FFFFFFFFFFFFFFFFFFFFFFFFFFFFFFFFFFFFFFFFFFFFFFFFFFFFFFFFFFFFFFFF2B
S32580066A00FFFFFFFFFFFFFFFFFFFFFFFFFFFFFFFFFFFFFFFFFFFFFFFFFFFFFFFFFFFFFFFF0A
S32580066A20FFFFFFFFFFFFFFFFFFFFFFFFFFFFFFFFFFFFFFFFFFFFFFFFFFFFFFFFFFFFFFFFEA
S32580066A40FFFFFFFFFFFFFFFFFFFFFFFFFFFFFFFFFFFFFFFFFFFFFFFFFFFFFFFFFFFFFFFFCA
S32580066A60FFFFFFFFFFFFFFFFFFFFFFFFFFFFFFFFFFFFFFFFFFFFFFFFFFFFFFFFFFFFFFFFAA
S32580066A80FFFFFFFFFFFFFFFFFFFFFFFFFFFFFFFFFFFFFFFFFFFFFFFFFFFFFFFFFFFFFFFF8A
S32580066AA0FFFFFFFFFFFFFFFFFFFFFFFFFFFFFFFFFFFFFFFFFFFFFFFFFFFFFFFFFFFFFFFF6A
S32580066AC0FFFFFFFFFFFFFFFFFFFFFFFFFFFFFFFFFFFFFFFFFFFFFFFFFFFFFFFFFFFFFFFF4A
S32580066AE0FFFFFFFFFFFFFFFFFFFFFFFFFFFFFFFFFFFFFFFFFFFFFFFFFFFFFFFFFFFFFFFF2A
S32580066B00FFFFFFFFFFFFFFFFFFFFFFFFFFFFFFFFFFFFFFFFFFFFFFFFFFFFFFFFFFFFFFFF09
S32580066B20FFFFFFFFFFFFFFFFFFFFFFFFFFFFFFFFFFFFFFFFFFFFFFFFFFFFFFFFFFFFFFFFE9
S32580066B40FFFFFFFFFFFFFFFFFFFFFFFFFFFFFFFFFFFFFFFFFFFFFFFFFFFFFFFFFFFFFFFFC9
S32580066B60FFFFFFFFFFFFFFFFFFFFFFFFFFFFFFFFFFFFFFFFFFFFFFFFFFFFFFFFFFFFFFFFA9
S32580066B80FFFFFFFFFFFFFFFFFFFFFFFFFFFFFFFFFFFFFFFFFFFFFFFFFFFFFFFFFFFFFFFF89
S32580066BA0FFFFFFFFFFFFFFFFFFFFFFFFFFFFFFFFFFFFFFFFFFFFFFFFFFFFFFFFFFFFFFFF69
S32580066BC0FFFFFFFFFFFFFFFFFFFFFFFFFFFFFFFFFFFFFFFFFFFFFFFFFFFFFFFFFFFFFFFF49
S32580066BE0FFFFFFFFFFFFFFFFFFFFFFFFFFFFFFFFFFFFFFFFFFFFFFFFFFFFFFFFFFFFFFFF29
S32580066C00FFFFFFFFFFFFFFFFFFFFFFFFFFFFFFFFFFFFFFFFFFFFFFFFFFFFFFFFFFFFFFFF08
S32580066C20FFFFFFFFFFFFFFFFFFFFFFFFFFFFFFFFFFFFFFFFFFFFFFFFFFFFFFFFFFFFFFFFE8
S32580066C40FFFFFFFFFFFFFFFFFFFFFFFFFFFFFFFFFFFFFFFFFFFFFFFFFFFFFFFFFFFFFFFFC8
S32580066C60FFFFFFFFFFFFFFFFFFFFFFFFFFFFFFFFFFFFFFFFFFFFFFFFFFFFFFFFFFFFFFFFA8
S32580066C80FFFFFFFFFFFFFFFFFFFFFFFFFFFFFFFFFFFFFFFFFFFFFFFFFFFFFFFFFFFFFFFF88
S32580066CA0FFFFFFFFFFFFFFFFFFFFFFFFFFFFFFFFFFFFFFFFFFFFFFFFFFFFFFFFFFFFFFFF68
S32580066CC0FFFFFFFFFFFFFFFFFFFFFFFFFFFFFFFFFFFFFFFFFFFFFFFFFFFFFFFFFFFFFFFF48
S32580066CE0FFFFFFFFFFFFFFFFFFFFFFFFFFFFFFFFFFFFFFFFFFFFFFFFFFFFFFFFFFFFFFFF28
S32580066D00FFFFFFFFFFFFFFFFFFFFFFFFFFFFFFFFFFFFFFFFFFFFFFFFFFFFFFFFFFFFFFFF07
S32580066D20FFFFFFFFFFFFFFFFFFFFFFFFFFFFFFFFFFFFFFFFFFFFFFFFFFFFFFFFFFFFFFFFE7
S32580066D40FFFFFFFFFFFFFFFFFFFFFFFFFFFFFFFFFFFFFFFFFFFFFFFFFFFFFFFFFFFFFFFFC7
S32580066D60FFFFFFFFFFFFFFFFFFFFFFFFFFFFFFFFFFFFFFFFFFFFFFFFFFFFFFFFFFFFFFFFA7
S32580066D80FFFFFFFFFFFFFFFFFFFFFFFFFFFFFFFFFFFFFFFFFFFFFFFFFFFFFFFFFFFFFFFF87
S32580066DA0FFFFFFFFFFFFFFFFFFFFFFFFFFFFFFFFFFFFFFFFFFFFFFFFFFFFFFFFFFFFFFFF67
S32580066DC0FFFFFFFFFFFFFFFFFFFFFFFFFFFFFFFFFFFFFFFFFFFFFFFFFFFFFFFFFFFFFFFF47
S32580066DE0FFFFFFFFFFFFFFFFFFFFFFFFFFFFFFFFFFFFFFFFFFFFFFFFFFFFFFFFFFFFFFFF27
S32580066E00FFFFFFFFFFFFFFFFFFFFFFFFFFFFFFFFFFFFFFFFFFFFFFFFFFFFFFFFFFFFFFFF06
S32580066E20FFFFFFFFFFFFFFFFFFFFFFFFFFFFFFFFFFFFFFFFFFFFFFFFFFFFFFFFFFFFFFFFE6
S32580066E40FFFFFFFFFFFFFFFFFFFFFFFFFFFFFFFFFFFFFFFFFFFFFFFFFFFFFFFFFFFFFFFFC6
S32580066E60FFFFFFFFFFFFFFFFFFFFFFFFFFFFFFFFFFFFFFFFFFFFFFFFFFFFFFFFFFFFFFFFA6
S32580066E80FFFFFFFFFFFFFFFFFFFFFFFFFFFFFFFFFFFFFFFFFFFFFFFFFFFFFFFFFFFFFFFF86
S32580066EA0FFFFFFFFFFFFFFFFFFFFFFFFFFFFFFFFFFFFFFFFFFFFFFFFFFFFFFFFFFFFFFFF66
S32580066EC0FFFFFFFFFFFFFFFFFFFFFFFFFFFFFFFFFFFFFFFFFFFFFFFFFFFFFFFFFFFFFFFF46
S32580066EE0FFFFFFFFFFFFFFFFFFFFFFFFFFFFFFFFFFFFFFFFFFFFFFFFFFFFFFFFFFFFFFFF26
S32580066F00FFFFFFFFFFFFFFFFFFFFFFFFFFFFFFFFFFFFFFFFFFFFFFFFFFFFFFFFFFFFFFFF05
S32580066F20FFFFFFFFFFFFFFFFFFFFFFFFFFFFFFFFFFFFFFFFFFFFFFFFFFFFFFFFFFFFFFFFE5
S32580066F40FFFFFFFFFFFFFFFFFFFFFFFFFFFFFFFFFFFFFFFFFFFFFFFFFFFFFFFFFFFFFFFFC5
S32580066F60FFFFFFFFFFFFFFFFFFFFFFFFFFFFFFFFFFFFFFFFFFFFFFFFFFFFFFFFFFFFFFFFA5
S32580066F80FFFFFFFFFFFFFFFFFFFFFFFFFFFFFFFFFFFFFFFFFFFFFFFFFFFFFFFFFFFFFFFF85
S32580066FA0FFFFFFFFFFFFFFFFFFFFFFFFFFFFFFFFFFFFFFFFFFFFFFFFFFFFFFFFFFFFFFFF65
S32580066FC0FFFFFFFFFFFFFFFFFFFFFFFFFFFFFFFFFFFFFFFFFFFFFFFFFFFFFFFFFFFFFFFF45
S32580066FE0FFFFFFFFFFFFFFFFFFFFFFFFFFFFFFFFFFFFFFFFFFFFFFFFFFFFFFFFFFFFFFFF25
S32580067000FFFFFFFFFFFFFFFFFFFFFFFFFFFFFFFFFFFFFFFFFFFFFFFFFFFFFFFFFFFFFFFF04
S32580067020FFFFFFFFFFFFFFFFFFFFFFFFFFFFFFFFFFFFFFFFFFFFFFFFFFFFFFFFFFFFFFFFE4
S32580067040FFFFFFFFFFFFFFFFFFFFFFFFFFFFFFFFFFFFFFFFFFFFFFFFFFFFFFFFFFFFFFFFC4
S32580067060FFFFFFFFFFFFFFFFFFFFFFFFFFFFFFFFFFFFFFFFFFFFFFFFFFFFFFFFFFFFFFFFA4
S32580067080FFFFFFFFFFFFFFFFFFFFFFFFFFFFFFFFFFFFFFFFFFFFFFFFFFFFFFFFFFFFFFFF84
S325800670A0FFFFFFFFFFFFFFFFFFFFFFFFFFFFFFFFFFFFFFFFFFFFFFFFFFFFFFFFFFFFFFFF64
S325800670C0FFFFFFFFFFFFFFFFFFFFFFFFFFFFFFFFFFFFFFFFFFFFFFFFFFFFFFFFFFFFFFFF44
S325800670E0FFFFFFFFFFFFFFFFFFFFFFFFFFFFFFFFFFFFFFFFFFFFFFFFFFFFFFFFFFFFFFFF24
S32580067100FFFFFFFFFFFFFFFFFFFFFFFFFFFFFFFFFFFFFFFFFFFFFFFFFFFFFFFFFFFFFFFF03
S32580067120FFFFFFFFFFFFFFFFFFFFFFFFFFFFFFFFFFFFFFFFFFFFFFFFFFFFFFFFFFFFFFFFE3
S32580067140FFFFFFFFFFFFFFFFFFFFFFFFFFFFFFFFFFFFFFFFFFFFFFFFFFFFFFFFFFFFFFFFC3
S32580067160FFFFFFFFFFFFFFFFFFFFFFFFFFFFFFFFFFFFFFFFFFFFFFFFFFFFFFFFFFFFFFFFA3
S32580067180FFFFFFFFFFFFFFFFFFFFFFFFFFFFFFFFFFFFFFFFFFFFFFFFFFFFFFFFFFFFFFFF83
S325800671A0FFFFFFFFFFFFFFFFFFFFFFFFFFFFFFFFFFFFFFFFFFFFFFFFFFFFFFFFFFFFFFFF63
S325800671C0FFFFFFFFFFFFFFFFFFFFFFFFFFFFFFFFFFFFFFFFFFFFFFFFFFFFFFFFFFFFFFFF43
S325800671E0FFFFFFFFFFFFFFFFFFFFFFFFFFFFFFFFFFFFFFFFFFFFFFFFFFFFFFFFFFFFFFFF23
S32580067200FFFFFFFFFFFFFFFFFFFFFFFFFFFFFFFFFFFFFFFFFFFFFFFFFFFFFFFFFFFFFFFF02
S32580067220FFFFFFFFFFFFFFFFFFFFFFFFFFFFFFFFFFFFFFFFFFFFFFFFFFFFFFFFFFFFFFFFE2
S32580067240FFFFFFFFFFFFFFFFFFFFFFFFFFFFFFFFFFFFFFFFFFFFFFFFFFFFFFFFFFFFFFFFC2
S32580067260FFFFFFFFFFFFFFFFFFFFFFFFFFFFFFFFFFFFFFFFFFFFFFFFFFFFFFFFFFFFFFFFA2
S32580067280FFFFFFFFFFFFFFFFFFFFFFFFFFFFFFFFFFFFFFFFFFFFFFFFFFFFFFFFFFFFFFFF82
S325800672A0FFFFFFFFFFFFFFFFFFFFFFFFFFFFFFFFFFFFFFFFFFFFFFFFFFFFFFFFFFFFFFFF62
S325800672C0FFFFFFFFFFFFFFFFFFFFFFFFFFFFFFFFFFFFFFFFFFFFFFFFFFFFFFFFFFFFFFFF42
S325800672E0FFFFFFFFFFFFFFFFFFFFFFFFFFFFFFFFFFFFFFFFFFFFFFFFFFFFFFFFFFFFFFFF22
S32580067300FFFFFFFFFFFFFFFFFFFFFFFFFFFFFFFFFFFFFFFFFFFFFFFFFFFFFFFFFFFFFFFF01
S32580067320FFFFFFFFFFFFFFFFFFFFFFFFFFFFFFFFFFFFFFFFFFFFFFFFFFFFFFFFFFFFFFFFE1
S32580067340FFFFFFFFFFFFFFFFFFFFFFFFFFFFFFFFFFFFFFFFFFFFFFFFFFFFFFFFFFFFFFFFC1
S32580067360FFFFFFFFFFFFFFFFFFFFFFFFFFFFFFFFFFFFFFFFFFFFFFFFFFFFFFFFFFFFFFFFA1
S32580067380FFFFFFFFFFFFFFFFFFFFFFFFFFFFFFFFFFFFFFFFFFFFFFFFFFFFFFFFFFFFFFFF81
S325800673A0FFFFFFFFFFFFFFFFFFFFFFFFFFFFFFFFFFFFFFFFFFFFFFFFFFFFFFFFFFFFFFFF61
S325800673C0FFFFFFFFFFFFFFFFFFFFFFFFFFFFFFFFFFFFFFFFFFFFFFFFFFFFFFFFFFFFFFFF41
S325800673E0FFFFFFFFFFFFFFFFFFFFFFFFFFFFFFFFFFFFFFFFFFFFFFFFFFFFFFFFFFFFFFFF21
S32580067400FFFFFFFFFFFFFFFFFFFFFFFFFFFFFFFFFFFFFFFFFFFFFFFFFFFFFFFFFFFFFFFF00
S32580067420FFFFFFFFFFFFFFFFFFFFFFFFFFFFFFFFFFFFFFFFFFFFFFFFFFFFFFFFFFFFFFFFE0
S32580067440FFFFFFFFFFFFFFFFFFFFFFFFFFFFFFFFFFFFFFFFFFFFFFFFFFFFFFFFFFFFFFFFC0
S32580067460FFFFFFFFFFFFFFFFFFFFFFFFFFFFFFFFFFFFFFFFFFFFFFFFFFFFFFFFFFFFFFFFA0
S32580067480FFFFFFFFFFFFFFFFFFFFFFFFFFFFFFFFFFFFFFFFFFFFFFFFFFFFFFFFFFFFFFFF80
S325800674A0FFFFFFFFFFFFFFFFFFFFFFFFFFFFFFFFFFFFFFFFFFFFFFFFFFFFFFFFFFFFFFFF60
S325800674C0FFFFFFFFFFFFFFFFFFFFFFFFFFFFFFFFFFFFFFFFFFFFFFFFFFFFFFFFFFFFFFFF40
S325800674E0FFFFFFFFFFFFFFFFFFFFFFFFFFFFFFFFFFFFFFFFFFFFFFFFFFFFFFFFFFFFFFFF20
S32580067500FFFFFFFFFFFFFFFFFFFFFFFFFFFFFFFFFFFFFFFFFFFFFFFFFFFFFFFFFFFFFFFFFF
S32580067520FFFFFFFFFFFFFFFFFFFFFFFFFFFFFFFFFFFFFFFFFFFFFFFFFFFFFFFFFFFFFFFFDF
S32580067540FFFFFFFFFFFFFFFFFFFFFFFFFFFFFFFFFFFFFFFFFFFFFFFFFFFFFFFFFFFFFFFFBF
S32580067560FFFFFFFFFFFFFFFFFFFFFFFFFFFFFFFFFFFFFFFFFFFFFFFFFFFFFFFFFFFFFFFF9F
S32580067580FFFFFFFFFFFFFFFFFFFFFFFFFFFFFFFFFFFFFFFFFFFFFFFFFFFFFFFFFFFFFFFF7F
S325800675A0FFFFFFFFFFFFFFFFFFFFFFFFFFFFFFFFFFFFFFFFFFFFFFFFFFFFFFFFFFFFFFFF5F
S325800675C0FFFFFFFFFFFFFFFFFFFFFFFFFFFFFFFFFFFFFFFFFFFFFFFFFFFFFFFFFFFFFFFF3F
S325800675E0FFFFFFFFFFFFFFFFFFFFFFFFFFFFFFFFFFFFFFFFFFFFFFFFFFFFFFFFFFFFFFFF1F
S32580067600FFFFFFFFFFFFFFFFFFFFFFFFFFFFFFFFFFFFFFFFFFFFFFFFFFFFFFFFFFFFFFFFFE
S32580067620FFFFFFFFFFFFFFFFFFFFFFFFFFFFFFFFFFFFFFFFFFFFFFFFFFFFFFFFFFFFFFFFDE
S32580067640FFFFFFFFFFFFFFFFFFFFFFFFFFFFFFFFFFFFFFFFFFFFFFFFFFFFFFFFFFFFFFFFBE
S32580067660FFFFFFFFFFFFFFFFFFFFFFFFFFFFFFFFFFFFFFFFFFFFFFFFFFFFFFFFFFFFFFFF9E
S32580067680FFFFFFFFFFFFFFFFFFFFFFFFFFFFFFFFFFFFFFFFFFFFFFFFFFFFFFFFFFFFFFFF7E
S325800676A0FFFFFFFFFFFFFFFFFFFFFFFFFFFFFFFFFFFFFFFFFFFFFFFFFFFFFFFFFFFFFFFF5E
S325800676C0FFFFFFFFFFFFFFFFFFFFFFFFFFFFFFFFFFFFFFFFFFFFFFFFFFFFFFFFFFFFFFFF3E
S325800676E0FFFFFFFFFFFFFFFFFFFFFFFFFFFFFFFFFFFFFFFFFFFFFFFFFFFFFFFFFFFFFFFF1E
S32580067700FFFFFFFFFFFFFFFFFFFFFFFFFFFFFFFFFFFFFFFFFFFFFFFFFFFFFFFFFFFFFFFFFD
S32580067720FFFFFFFFFFFFFFFFFFFFFFFFFFFFFFFFFFFFFFFFFFFFFFFFFFFFFFFFFFFFFFFFDD
S32580067740FFFFFFFFFFFFFFFFFFFFFFFFFFFFFFFFFFFFFFFFFFFFFFFFFFFFFFFFFFFFFFFFBD
S32580067760FFFFFFFFFFFFFFFFFFFFFFFFFFFFFFFFFFFFFFFFFFFFFFFFFFFFFFFFFFFFFFFF9D
S32580067780FFFFFFFFFFFFFFFFFFFFFFFFFFFFFFFFFFFFFFFFFFFFFFFFFFFFFFFFFFFFFFFF7D
S325800677A0FFFFFFFFFFFFFFFFFFFFFFFFFFFFFFFFFFFFFFFFFFFFFFFFFFFFFFFFFFFFFFFF5D
S325800677C0FFFFFFFFFFFFFFFFFFFFFFFFFFFFFFFFFFFFFFFFFFFFFFFFFFFFFFFFFFFFFFFF3D
S325800677E0FFFFFFFFFFFFFFFFFFFFFFFFFFFFFFFFFFFFFFFFFFFFFFFFFFFFFFFFFFFFFFFF1D
S32580067800FFFFFFFFFFFFFFFFFFFFFFFFFFFFFFFFFFFFFFFFFFFFFFFFFFFFFFFFFFFFFFFFFC
S32580067820FFFFFFFFFFFFFFFFFFFFFFFFFFFFFFFFFFFFFFFFFFFFFFFFFFFFFFFFFFFFFFFFDC
S32580067840FFFFFFFFFFFFFFFFFFFFFFFFFFFFFFFFFFFFFFFFFFFFFFFFFFFFFFFFFFFFFFFFBC
S32580067860FFFFFFFFFFFFFFFFFFFFFFFFFFFFFFFFFFFFFFFFFFFFFFFFFFFFFFFFFFFFFFFF9C
S32580067880FFFFFFFFFFFFFFFFFFFFFFFFFFFFFFFFFFFFFFFFFFFFFFFFFFFFFFFFFFFFFFFF7C
S325800678A0FFFFFFFFFFFFFFFFFFFFFFFFFFFFFFFFFFFFFFFFFFFFFFFFFFFFFFFFFFFFFFFF5C
S325800678C0FFFFFFFFFFFFFFFFFFFFFFFFFFFFFFFFFFFFFFFFFFFFFFFFFFFFFFFFFFFFFFFF3C
S325800678E0FFFFFFFFFFFFFFFFFFFFFFFFFFFFFFFFFFFFFFFFFFFFFFFFFFFFFFFFFFFFFFFF1C
S32580067900FFFFFFFFFFFFFFFFFFFFFFFFFFFFFFFFFFFFFFFFFFFFFFFFFFFFFFFFFFFFFFFFFB
S32580067920FFFFFFFFFFFFFFFFFFFFFFFFFFFFFFFFFFFFFFFFFFFFFFFFFFFFFFFFFFFFFFFFDB
S32580067940FFFFFFFFFFFFFFFFFFFFFFFFFFFFFFFFFFFFFFFFFFFFFFFFFFFFFFFFFFFFFFFFBB
S32580067960FFFFFFFFFFFFFFFFFFFFFFFFFFFFFFFFFFFFFFFFFFFFFFFFFFFFFFFFFFFFFFFF9B
S32580067980FFFFFFFFFFFFFFFFFFFFFFFFFFFFFFFFFFFFFFFFFFFFFFFFFFFFFFFFFFFFFFFF7B
S325800679A0FFFFFFFFFFFFFFFFFFFFFFFFFFFFFFFFFFFFFFFFFFFFFFFFFFFFFFFFFFFFFFFF5B
S325800679C0FFFFFFFFFFFFFFFFFFFFFFFFFFFFFFFFFFFFFFFFFFFFFFFFFFFFFFFFFFFFFFFF3B
S325800679E0FFFFFFFFFFFFFFFFFFFFFFFFFFFFFFFFFFFFFFFFFFFFFFFFFFFFFFFFFFFFFFFF1B
S32580067A00FFFFFFFFFFFFFFFFFFFFFFFFFFFFFFFFFFFFFFFFFFFFFFFFFFFFFFFFFFFFFFFFFA
S32580067A20FFFFFFFFFFFFFFFFFFFFFFFFFFFFFFFFFFFFFFFFFFFFFFFFFFFFFFFFFFFFFFFFDA
S32580067A40FFFFFFFFFFFFFFFFFFFFFFFFFFFFFFFFFFFFFFFFFFFFFFFFFFFFFFFFFFFFFFFFBA
S32580067A60FFFFFFFFFFFFFFFFFFFFFFFFFFFFFFFFFFFFFFFFFFFFFFFFFFFFFFFFFFFFFFFF9A
S32580067A80FFFFFFFFFFFFFFFFFFFFFFFFFFFFFFFFFFFFFFFFFFFFFFFFFFFFFFFFFFFFFFFF7A
S32580067AA0FFFFFFFFFFFFFFFFFFFFFFFFFFFFFFFFFFFFFFFFFFFFFFFFFFFFFFFFFFFFFFFF5A
S32580067AC0FFFFFFFFFFFFFFFFFFFFFFFFFFFFFFFFFFFFFFFFFFFFFFFFFFFFFFFFFFFFFFFF3A
S32580067AE0FFFFFFFFFFFFFFFFFFFFFFFFFFFFFFFFFFFFFFFFFFFFFFFFFFFFFFFFFFFFFFFF1A
S32580067B00FFFFFFFFFFFFFFFFFFFFFFFFFFFFFFFFFFFFFFFFFFFFFFFFFFFFFFFFFFFFFFFFF9
S32580067B20FFFFFFFFFFFFFFFFFFFFFFFFFFFFFFFFFFFFFFFFFFFFFFFFFFFFFFFFFFFFFFFFD9
S32580067B40FFFFFFFFFFFFFFFFFFFFFFFFFFFFFFFFFFFFFFFFFFFFFFFFFFFFFFFFFFFFFFFFB9
S32580067B60FFFFFFFFFFFFFFFFFFFFFFFFFFFFFFFFFFFFFFFFFFFFFFFFFFFFFFFFFFFFFFFF99
S32580067B80FFFFFFFFFFFFFFFFFFFFFFFFFFFFFFFFFFFFFFFFFFFFFFFFFFFFFFFFFFFFFFFF79
S32580067BA0FFFFFFFFFFFFFFFFFFFFFFFFFFFFFFFFFFFFFFFFFFFFFFFFFFFFFFFFFFFFFFFF59
S32580067BC0FFFFFFFFFFFFFFFFFFFFFFFFFFFFFFFFFFFFFFFFFFFFFFFFFFFFFFFFFFFFFFFF39
S32580067BE0FFFFFFFFFFFFFFFFFFFFFFFFFFFFFFFFFFFFFFFFFFFFFFFFFFFFFFFFFFFFFFFF19
S32580067C00FFFFFFFFFFFFFFFFFFFFFFFFFFFFFFFFFFFFFFFFFFFFFFFFFFFFFFFFFFFFFFFFF8
S32580067C20FFFFFFFFFFFFFFFFFFFFFFFFFFFFFFFFFFFFFFFFFFFFFFFFFFFFFFFFFFFFFFFFD8
S32580067C40FFFFFFFFFFFFFFFFFFFFFFFFFFFFFFFFFFFFFFFFFFFFFFFFFFFFFFFFFFFFFFFFB8
S32580067C60FFFFFFFFFFFFFFFFFFFFFFFFFFFFFFFFFFFFFFFFFFFFFFFFFFFFFFFFFFFFFFFF98
S32580067C80FFFFFFFFFFFFFFFFFFFFFFFFFFFFFFFFFFFFFFFFFFFFFFFFFFFFFFFFFFFFFFFF78
S32580067CA0FFFFFFFFFFFFFFFFFFFFFFFFFFFFFFFFFFFFFFFFFFFFFFFFFFFFFFFFFFFFFFFF58
S32580067CC0FFFFFFFFFFFFFFFFFFFFFFFFFFFFFFFFFFFFFFFFFFFFFFFFFFFFFFFFFFFFFFFF38
S32580067CE0FFFFFFFFFFFFFFFFFFFFFFFFFFFFFFFFFFFFFFFFFFFFFFFFFFFFFFFFFFFFFFFF18
S32580067D00FFFFFFFFFFFFFFFFFFFFFFFFFFFFFFFFFFFFFFFFFFFFFFFFFFFFFFFFFFFFFFFFF7
S32580067D20FFFFFFFFFFFFFFFFFFFFFFFFFFFFFFFFFFFFFFFFFFFFFFFFFFFFFFFFFFFFFFFFD7
S32580067D40FFFFFFFFFFFFFFFFFFFFFFFFFFFFFFFFFFFFFFFFFFFFFFFFFFFFFFFFFFFFFFFFB7
S32580067D60FFFFFFFFFFFFFFFFFFFFFFFFFFFFFFFFFFFFFFFFFFFFFFFFFFFFFFFFFFFFFFFF97
S32580067D80FFFFFFFFFFFFFFFFFFFFFFFFFFFFFFFFFFFFFFFFFFFFFFFFFFFFFFFFFFFFFFFF77
S32580067DA0FFFFFFFFFFFFFFFFFFFFFFFFFFFFFFFFFFFFFFFFFFFFFFFFFFFFFFFFFFFFFFFF57
S32580067DC0FFFFFFFFFFFFFFFFFFFFFFFFFFFFFFFFFFFFFFFFFFFFFFFFFFFFFFFFFFFFFFFF37
S32580067DE0FFFFFFFFFFFFFFFFFFFFFFFFFFFFFFFFFFFFFFFFFFFFFFFFFFFFFFFFFFFFFFFF17
S32580067E00FFFFFFFFFFFFFFFFFFFFFFFFFFFFFFFFFFFFFFFFFFFFFFFFFFFFFFFFFFFFFFFFF6
S32580067E20FFFFFFFFFFFFFFFFFFFFFFFFFFFFFFFFFFFFFFFFFFFFFFFFFFFFFFFFFFFFFFFFD6
S32580067E40FFFFFFFFFFFFFFFFFFFFFFFFFFFFFFFFFFFFFFFFFFFFFFFFFFFFFFFFFFFFFFFFB6
S32580067E60FFFFFFFFFFFFFFFFFFFFFFFFFFFFFFFFFFFFFFFFFFFFFFFFFFFFFFFFFFFFFFFF96
S32580067E80FFFFFFFFFFFFFFFFFFFFFFFFFFFFFFFFFFFFFFFFFFFFFFFFFFFFFFFFFFFFFFFF76
S32580067EA0FFFFFFFFFFFFFFFFFFFFFFFFFFFFFFFFFFFFFFFFFFFFFFFFFFFFFFFFFFFFFFFF56
S32580067EC0FFFFFFFFFFFFFFFFFFFFFFFFFFFFFFFFFFFFFFFFFFFFFFFFFFFFFFFFFFFFFFFF36
S32580067EE0FFFFFFFFFFFFFFFFFFFFFFFFFFFFFFFFFFFFFFFFFFFFFFFFFFFFFFFFFFFFFFFF16
S32580067F00FFFFFFFFFFFFFFFFFFFFFFFFFFFFFFFFFFFFFFFFFFFFFFFFFFFFFFFFFFFFFFFFF5
S32580067F20FFFFFFFFFFFFFFFFFFFFFFFFFFFFFFFFFFFFFFFFFFFFFFFFFFFFFFFFFFFFFFFFD5
S32580067F40FFFFFFFFFFFFFFFFFFFFFFFFFFFFFFFFFFFFFFFFFFFFFFFFFFFFFFFFFFFFFFFFB5
S32580067F60FFFFFFFFFFFFFFFFFFFFFFFFFFFFFFFFFFFFFFFFFFFFFFFFFFFFFFFFFFFFFFFF95
S32580067F80FFFFFFFFFFFFFFFFFFFFFFFFFFFFFFFFFFFFFFFFFFFFFFFFFFFFFFFFFFFFFFFF75
S32580067FA0FFFFFFFFFFFFFFFFFFFFFFFFFFFFFFFFFFFFFFFFFFFFFFFFFFFFFFFFFFFFFFFF55
S32580067FC0FFFFFFFFFFFFFFFFFFFFFFFFFFFFFFFFFFFFFFFFFFFFFFFFFFFFFFFFFFFFFFFF35
S32580067FE0FFFFFFFFFFFFFFFFFFFFFFFFFFFFFFFFFFFFFFFFFFFFFFFFFFFFFFFFFFFFFFFF15
S32580068000FFFFFFFFFFFFFFFFFFFFFFFFFFFFFFFFFFFFFFFFFFFFFFFFFFFFFFFFFFFFFFFFF4
S32580068020FFFFFFFFFFFFFFFF000000000000000000000000000000000000000000000000BC
S32580068040000000000000000000000000000000000000000000000000000000000000000094
S32580068060000000000000000000000000000000000000000000000000000000000000000074
S32580068080000000000000000000000000000000000000000000000000000000000000000054
S325800680A0000000000000000000000000000000000000000000000000000000000000000034
S325800680C0000000000000000000000000000000000000000000000000000000000000000014
S325800680E00000000000000000000000000000000000000000000000000000000000000000F4
S325800681000000000000000000000000000000000000000000000000000000000000000000D3
S325800681200000000000000000000000000000000000000000000000000000000000000000B3
S32580068140000000000000000000000000000000000000000000000000000000000000000093
S32580068160000000000000000000000000000000000000000000000000000000000000000073
S32580068180000000000000000000000000000000000000000000000000000000000000000053
S325800681A0000000000000000000000000000000000000000000000000000000000000000033
S325800681C0000000000000000000000000000000000000000000000000000000000000000013
S325800681E00000000000000000000000000000000000000000000000000000000000000000F3
S325800682000000000000000000000000000000000000000000000000000000000000000000D2
S325800682200000000000000000000000000000000000000000000000000000000000000000B2
S32580068240000000000000000000000000000000000000000000000000000000000000000092
S32580068260000000000000000000000000000000000000000000000000000000000000000072
S32580068280000000000000000000000000000000000000000000000000000000000000000052
S325800682A0000000000000000000000000000000000000000000000000000000000000000032
S325800682C0000000000000000000000000000000000000000000000000000000000000000012
S325800682E00000000000000000000000000000000000000000000000000000000000000000F2
S325800683000000000000000000000000000000000000000000000000000000000000000000D1
S325800683200000000000000000000000000000000000000000000000000000000000000000B1
S32580068340000000000000000000000000000000000000000000000000000000000000000091
S32580068360000000000000000000000000000000000000000000000000000000000000000071
S32580068380000000000000000000000000000000000000000000000000000000000000000051
S325800683A0000000000000000000000000000000000000000000000000000000000000000031
S325800683C0000000000000000000000000000000000000000000000000000000000000000011
S325800683E00000000000000000000000000000000000000000000000000000000000000000F1
S325800684000000000000000000000000000000000000000000000000000000000000000000D0
S325800684200000000000000000000000000000000000000000000000000000000000000000B0
S32580068440000000000000000000000000000000000000000000000000000000000000000090
S32580068460000000000000000000000000000000000000000000000000000000000000000070
S32580068480000000000000000000000000000000000000000000000000000000000000000050
S325800684A0000000000000000000000000000000000000000000000000000000000000000030
S325800684C0000000000000000000000000000000000000000000000000000000000000000010
S325800684E00000000000000000000000000000000000000000000000000000000000000000F0
S325800685000000000000000000000000000000000000000000000000000000000000000000CF
S325800685200000000000000000000000000000000000000000000000000000000000000000AF
S3258006854000000000000000000000000000000000000000000000000000000000000000008F
S3258006856000000000000000000000000000000000000000000000000000000000000000006F
S3258006858000000000000000000000000000000000000000000000000000000000000000004F
S325800685A000000000000000000000000000000000000000000000000000000000000000002F
S325800685C000000000000000000000000000000000000000000000000000000000000000000F
S325800685E00000000000000000000000000000000000000000000000000000000000000000EF
S325800686000000000000000000000000000000000000000000000000000000000000000000CE
S325800686200000000000000000000000000000000000000000000000000000000000000000AE
S3258006864000000000000000000000000000000000000000000000000000000000000000008E
S3258006866000000000000000000000000000000000000000000000000000000000000000006E
S3258006868000000000000000000000000000000000000000000000000000000000000000004E
S325800686A000000000000000000000000000000000000000000000000000000000000000002E
S325800686C000000000000000000000000000000000000000000000000000000000000000000E
S325800686E00000000000000000000000000000000000000000000000000000000000000000EE
S325800687000000000000000000000000000000000000000000000000000000000000000000CD
S325800687200000000000000000000000000000000000000000000000000000000000000000AD
S3258006874000000000000000000000000000000000000000000000000000000000000000008D
S3258006876000000000000000000000000000000000000000000000000000000000000000006D
S3258006878000000000000000000000000000000000000000000000000000000000000000004D
S325800687A000000000000000000000000000000000000000000000000000000000000000002D
S325800687C000000000000000000000000000000000000000000000000000000000000000000D
S325800687E00000000000000000000000000000000000000000000000000000000000000000ED
S325800688000000000000000000000000000000000000000000000000000000000000000000CC
S325800688200000000000000000000000000000000000000000000000000000000000000000AC
S3258006884000000000000000000000000000000000000000000000000000000000000000008C
S3258006886000000000000000000000000000000000000000000000000000000000000000006C
S3258006888000000000000000000000000000000000000000000000000000000000000000004C
S325800688A000000000000000000000000000000000000000000000000000000000000000002C
S325800688C000000000000000000000000000000000000000000000000000000000000000000C
S325800688E00000000000000000000000000000000000000000000000000000000000000000EC
S325800689000000000000000000000000000000000000000000000000000000000000000000CB
S325800689200000000000000000000000000000000000000000000000000000000000000000AB
S3258006894000000000000000000000000000000000000000000000000000000000000000008B
S3258006896000000000000000000000000000000000000000000000000000000000000000006B
S3258006898000000000000000000000000000000000000000000000000000000000000000004B
S325800689A000000000000000000000000000000000000000000000000000000000000000002B
S325800689C000000000000000000000000000000000000000000000000000000000000000000B
S325800689E00000000000000000000000000000000000000000000000000000000000000000EB
S32580068A000000000000000000000000000000000000000000000000000000000000000000CA
S32580068A200000000000000000000000000000000000000000000000000000000000000000AA
S32580068A4000000000000000000000000000000000000000000000000000000000000000008A
S32580068A6000000000000000000000000000000000000000000000000000000000000000006A
S32580068A8000000000000000000000000000000000000000000000000000000000000000004A
S32580068AA000000000000000000000000000000000000000000000000000000000000000002A
S32580068AC000000000000000000000000000000000000000000000000000000000000000000A
S32580068AE00000000000000000000000000000000000000000000000000000000000000000EA
S32580068B000000000000000000000000000000000000000000000000000000000000000000C9
S32580068B200000000000000000000000000000000000000000000000000000000000000000A9
S32580068B40000000000000000000000000000000000000000000000000000000000000000089
S32580068B60000000000000000000000000000000000000000000000000000000000000000069
S32580068B80000000000000000000000000000000000000000000000000000000000000000049
S32580068BA0000000000000000000000000000000000000000000000000000000000000000029
S32580068BC0000000000000000000000000000000000000000000000000000000000000000009
S32580068BE00000000000000000000000000000000000000000000000000000000000000000E9
S32580068C000000000000000000000000000000000000000000000000000000000000000000C8
S32580068C200000000000000000000000000000000000000000000000000000000000000000A8
S32580068C40000000000000000000000000000000000000000000000000000000000000000088
S32580068C60000000000000000000000000000000000000000000000000000000000000000068
S32580068C80000000000000000000000000000000000000000000000000000000000000000048
S32580068CA0000000000000000000000000000000000000000000000000000000000000000028
S32580068CC0000000000000000000000000000000000000000000000000000000000000000008
S32580068CE00000000000000000000000000000000000000000000000000000000000000000E8
S32580068D000000000000000000000000000000000000000000000000000000000000000000C7
S32580068D200000000000000000000000000000000000000000000000000000000000000000A7
S32580068D40000000000000000000000000000000000000000000000000000000000000000087
S32580068D60000000000000000000000000000000000000000000000000000000000000000067
S32580068D80000000000000000000000000000000000000000000000000000000000000000047
S32580068DA0000000000000000000000000000000000000000000000000000000000000000027
S32580068DC0000000000000000000000000000000000000000000000000000000000000000007
S32580068DE00000000000000000000000000000000000000000000000000000000000000000E7
S32580068E000000000000000000000000000000000000000000000000000000000000000000C6
S32580068E200000000000000000000000000000000000000000000000000000000000000000A6
S32580068E40000000000000000000000000000000000000000000000000000000000000000086
S32580068E60000000000000000000000000000000000000000000000000000000000000000066
S32580068E80000000000000000000000000000000000000000000000000000000000000000046
S32580068EA0000000000000000000000000000000000000000000000000000000000000000026
S32580068EC0000000000000000000000000000000000000000000000000000000000000000006
S32580068EE00000000000000000000000000000000000000000000000000000000000000000E6
S32580068F000000000000000000000000000000000000000000000000000000000000000000C5
S32580068F200000000000000000000000000000000000000000000000000000000000000000A5
S32580068F40000000000000000000000000000000000000000000000000000000000000000085
S32580068F60000000000000000000000000000000000000000000000000000000000000000065
S32580068F80000000000000000000000000000000000000000000000000000000000000000045
S32580068FA0000000000000000000000000000000000000000000000000000000000000000025
S32580068FC0000000000000000000000000000000000000000000000000000000000000000005
S32580068FE0000000000000000000000000000000000000000000000000000000A00000000045
S7058002300048
